,N,Scope,CZXEB,SQRB,idle_freqs_GHz,int_freqs_GHz,Calibration Failures
Baseline,2,,"((('q4_3', 'q5_3'), 0.004070337194181428), (('q6_5', 'q7_5'), 0.004758195748744809), (('q10_5', 'q11_5'), 0.13595193519151363), (('q2_5', 'q3_5'), 0.09553225166971585), (('q6_9', 'q7_9'), 0.01485099501993356), (('q8_7', 'q9_7'), 0.0050655305552207985), (('q4_7', 'q5_7'), 0.05801846569460409), (('q6_1', 'q7_1'), 0.004606380960046591))","(('q2_5', 0.0006100093584572308), ('q3_5', 0.0006431393204117675), ('q4_3', 0.0005949908717012287), ('q4_7', 0.0009528375854583326), ('q5_3', 0.0005341632562951837), ('q5_7', 0.0004878992447410191), ('q6_1', 0.0010194811029258788), ('q6_5', 0.0005842871031471186), ('q6_9', 0.0011863947294660782), ('q7_1', 0.0007667657545946671), ('q7_5', 0.0005601459919296059), ('q7_9', None), ('q8_7', 0.0006570921539864605), ('q9_7', 0.0007916002559534285), ('q10_5', 0.000766943494545369), ('q11_5', 0.0005827122530356332))","(('q2_5', 5.757999999999586), ('q3_5', 6.127999999999545), ('q4_3', 5.925999999999568), ('q4_7', 5.649999999999598), ('q5_3', 6.063999999999552), ('q5_7', 5.871999999999574), ('q6_1', 5.579999999999606), ('q6_5', 6.097999999999549), ('q6_9', 6.107999999999548), ('q7_1', 5.715999999999591), ('q7_5', 5.80999999999958), ('q7_9', 6.0899999999995496), ('q8_7', 5.591999999999604), ('q9_7', 5.9719999999995625), ('q10_5', 5.655999999999597), ('q11_5', 6.061999999999553))","((('q4_3', 'q5_3'), 5.611999999999602), (('q6_5', 'q7_5'), 6.137999999999544), (('q10_5', 'q11_5'), 5.805999999999581), (('q2_5', 'q3_5'), 5.807999999999581), (('q6_9', 'q7_9'), 5.787999999999583), (('q8_7', 'q9_7'), 5.6299999999996), (('q4_7', 'q5_7'), 5.603999999999603), (('q6_1', 'q7_1'), 5.90799999999957))",1
Baseline,2,,"((('q2_3', 'q2_4'), 0.010224931898022982), (('q4_1', 'q4_2'), 0.005078532347755238), (('q6_3', 'q6_4'), 0.003480085120284887), (('q8_5', 'q8_6'), 0.017992264715908007), (('q6_7', 'q6_8'), 0.006146636430032271))","(('q2_3', 0.0018905901369126732), ('q2_4', 0.0005896347134365376), ('q4_1', 0.0006006356520243394), ('q4_2', 0.0005397469145689837), ('q6_3', 0.0005710688228281469), ('q6_4', 0.0005329113436516875), ('q6_7', 0.0004993902075842716), ('q6_8', 0.0008983573419021895), ('q8_5', 0.0006222703984788414), ('q8_6', 0.0004900916320358939))","(('q2_3', 6.121999999999546), ('q2_4', 6.137999999999544), ('q4_1', 5.891999999999571), ('q4_2', 6.241999999999533), ('q6_3', 5.959999999999564), ('q6_4', 6.129999999999545), ('q6_7', 5.915999999999569), ('q6_8', 5.787999999999583), ('q8_5', 5.929999999999567), ('q8_6', 6.245999999999532))","((('q2_3', 'q2_4'), 5.767999999999585), (('q4_1', 'q4_2'), 5.9179999999995685), (('q6_3', 'q6_4'), 6.101999999999548), (('q8_5', 'q8_6'), 5.705999999999592), (('q6_7', 'q6_8'), 6.015999999999558))",0
Baseline,2,,"((('q6_8', 'q7_8'), 0.01684402678041194), (('q6_4', 'q7_4'), 0.00792059257172445), (('q2_4', 'q3_4'), 0.008049680004883125), (('q8_6', 'q9_6'), 0.004338876164704963), (('q4_2', 'q5_2'), 0.005650988453538397), (('q4_6', 'q5_6'), 0.15711261415689212))","(('q2_4', 0.000559722207492952), ('q3_4', 0.0006425694469270882), ('q4_2', 0.00048373798102485654), ('q4_6', 0.021735001518982777), ('q5_2', 0.0006165374477093977), ('q5_6', 0.0006803927476863869), ('q6_4', 0.0007185577592593861), ('q6_8', 0.0005836090219596413), ('q7_4', 0.00048161437322608025), ('q7_8', 0.0008946605677427888), ('q8_6', 0.0005665221074753757), ('q9_6', 0.0007800817911836622))","(('q2_4', 5.80999999999958), ('q3_4', 5.689999999999594), ('q4_2', 5.755999999999586), ('q4_6', 5.7819999999995835), ('q5_2', 5.677999999999595), ('q5_6', 5.765999999999585), ('q6_4', 5.80999999999958), ('q6_8', 5.7179999999995905), ('q7_4', 5.71999999999959), ('q7_8', 5.837999999999577), ('q8_6', 6.0719999999995515), ('q9_6', 5.941999999999566))","((('q6_8', 'q7_8'), 5.9999999999995595), (('q6_4', 'q7_4'), 6.1179999999995465), (('q2_4', 'q3_4'), 5.6339999999996), (('q8_6', 'q9_6'), 6.0539999999995535), (('q4_2', 'q5_2'), 6.041999999999555), (('q4_6', 'q5_6'), 5.667999999999596))",0
Baseline,2,,"((('q4_2', 'q4_3'), 0.005099561794246671), (('q6_0', 'q6_1'), 0.004091282991039558), (('q6_8', 'q6_9'), 0.007913231784817287), (('q4_6', 'q4_7'), 0.006391295713128686), (('q8_2', 'q8_3'), 0.017236385852952896), (('q10_4', 'q10_5'), 0.003946541886972882), (('q2_4', 'q2_5'), 0.00559864742899302), (('q6_4', 'q6_5'), 0.00516065663336876), (('q8_6', 'q8_7'), 0.009686109622102285))","(('q2_4', 0.0008016623983607696), ('q2_5', 0.0012584592742531653), ('q4_2', 0.0004978770283859957), ('q4_3', 0.00045642555962516207), ('q4_6', 0.0008407464531149378), ('q4_7', 0.0010767709188529428), ('q6_0', 0.0005542207706671909), ('q6_1', 0.000712485163095522), ('q6_4', 0.0006535742564305336), ('q6_5', 0.0006249638368121535), ('q6_8', 0.0008888412093209785), ('q6_9', 0.0005075725389885877), ('q8_2', 0.0009718999209475387), ('q8_3', 0.0005983958208888307), ('q8_6', 0.0005505260072192208), ('q8_7', 0.0008582321244411939), ('q10_4', 0.0006458519187667044), ('q10_5', 0.0004223212899807649))","(('q2_4', 6.009999999999558), ('q2_5', 5.713999999999591), ('q4_2', 6.101999999999548), ('q4_3', 5.9999999999995595), ('q4_6', 5.72399999999959), ('q4_7', 5.693999999999593), ('q6_0', 5.8999999999995705), ('q6_1', 6.107999999999548), ('q6_4', 5.845999999999576), ('q6_5', 6.205999999999537), ('q6_8', 5.745999999999587), ('q6_9', 6.223999999999535), ('q8_2', 5.771999999999585), ('q8_3', 5.787999999999583), ('q8_6', 6.129999999999545), ('q8_7', 6.033999999999556), ('q10_4', 5.6999999999995925), ('q10_5', 5.893999999999571))","((('q4_2', 'q4_3'), 5.845999999999576), (('q6_0', 'q6_1'), 5.919999999999568), (('q6_8', 'q6_9'), 5.939999999999566), (('q4_6', 'q4_7'), 5.7179999999995905), (('q8_2', 'q8_3'), 5.767999999999585), (('q10_4', 'q10_5'), 5.841999999999577), (('q2_4', 'q2_5'), 5.729999999999589), (('q6_4', 'q6_5'), 5.855999999999575), (('q8_6', 'q8_7'), 5.747999999999587))",0
Baseline,2,,"((('q5_3', 'q6_3'), 0.004258067857940084), (('q7_5', 'q8_5'), 0.006773949713959532), (('q5_7', 'q6_7'), 0.004122613591015789))","(('q5_3', 0.0006063972996275258), ('q5_7', 0.0005520063058751523), ('q6_3', 0.0005617309195801168), ('q6_7', 0.00029458737968190984), ('q7_5', 0.0007783861055869479), ('q8_5', 0.002040953424478187))","(('q5_3', 5.965999999999563), ('q5_7', 5.99399999999956), ('q6_3', 5.989999999999561), ('q6_7', 6.205999999999537), ('q7_5', 6.08399999999955), ('q8_5', 5.80999999999958))","((('q5_3', 'q6_3'), 5.99799999999956), (('q7_5', 'q8_5'), 5.923999999999568), (('q5_7', 'q6_7'), 5.969999999999563))",0
Baseline,2,,"((('q7_2', 'q7_3'), 0.007178724415258075), (('q9_4', 'q9_5'), 0.007506098713369325), (('q3_2', 'q3_3'), 0.005845003494004575), (('q5_0', 'q5_1'), 0.004982022172745237), (('q5_8', 'q5_9'), 0.009680697547300804), (('q7_6', 'q7_7'), 0.03424010227264526), (('q5_4', 'q5_5'), 0.005006584195635488), (('q3_6', 'q3_7'), 0.005552481893396272), (('q1_4', 'q1_5'), 0.06191700691088767))","(('q1_4', 0.0006133902527472035), ('q1_5', 0.0010642971904067378), ('q3_2', 0.0003682189838575267), ('q3_3', 0.0006665754596874018), ('q3_6', 0.0011587576512178122), ('q3_7', 0.000654274920110276), ('q5_0', 0.0006616675255349813), ('q5_1', 0.0006438161702592704), ('q5_4', 0.0003887635971904224), ('q5_5', 0.0003105283042133533), ('q5_8', 0.0006154081699053515), ('q5_9', 0.000884798875926851), ('q7_2', 0.0007264468746325248), ('q7_3', 0.001301039205010901), ('q7_6', 0.0012006023865157034), ('q7_7', 0.0005161160509594143), ('q9_4', 0.0005612655565858105), ('q9_5', 0.0006324533371892538))","(('q1_4', 5.709999999999591), ('q1_5', 6.091999999999549), ('q3_2', 6.011999999999558), ('q3_3', 5.819999999999579), ('q3_6', 6.0899999999995496), ('q3_7', 5.745999999999587), ('q5_0', 5.819999999999579), ('q5_1', 5.771999999999585), ('q5_4', 6.163999999999541), ('q5_5', 6.08199999999955), ('q5_8', 6.165999999999541), ('q5_9', 5.7819999999995835), ('q7_2', 6.069999999999552), ('q7_3', 6.065999999999552), ('q7_6', 6.119999999999546), ('q7_7', 5.9539999999995645), ('q9_4', 5.90399999999957), ('q9_5', 6.015999999999558))","((('q7_2', 'q7_3'), 5.789999999999583), (('q9_4', 'q9_5'), 5.643999999999599), (('q3_2', 'q3_3'), 5.613999999999602), (('q5_0', 'q5_1'), 5.733999999999589), (('q5_8', 'q5_9'), 5.805999999999581), (('q7_6', 'q7_7'), 6.005999999999559), (('q5_4', 'q5_5'), 5.6339999999996), (('q3_6', 'q3_7'), 5.891999999999571), (('q1_4', 'q1_5'), 5.741999999999588))",0
Baseline,2,,"((('q9_6', 'q10_6'), 0.0021715990544882158), (('q5_6', 'q6_6'), 0.010063728615532036), (('q5_2', 'q6_2'), 0.004330924508304468), (('q7_8', 'q8_8'), 0.003515390939682672), (('q5_10', 'q6_10'), 0.027649783439038123), (('q7_4', 'q8_4'), 0.004550588036153769), (('q3_4', 'q4_4'), 0.004942688003013396))","(('q3_4', 0.0004707931094882767), ('q4_4', 0.0004542823461929357), ('q5_2', 0.0005022029587161692), ('q5_6', 0.0007095700861743937), ('q5_10', 0.0005403742303339287), ('q6_2', 0.0006181369319611663), ('q6_6', 0.000980438419931673), ('q6_10', 0.0004100898901180927), ('q7_4', 0.00046022178411508907), ('q7_8', 0.0006937113828863195), ('q8_4', 0.00088547404584155), ('q8_8', 0.00042716775423795594), ('q9_6', None), ('q10_6', 0.0007071230076890478))","(('q3_4', 5.99399999999956), ('q4_4', 6.08799999999955), ('q5_2', 5.895999999999571), ('q5_6', 6.075999999999551), ('q5_10', 6.009999999999558), ('q6_2', 5.847999999999576), ('q6_6', 5.81599999999958), ('q6_10', 5.827999999999578), ('q7_4', 5.959999999999564), ('q7_8', 5.879999999999573), ('q8_4', 5.785999999999583), ('q8_8', 6.293999999999527), ('q9_6', 6.147999999999543), ('q10_6', 6.0899999999995496))","((('q9_6', 'q10_6'), 6.091999999999549), (('q5_6', 'q6_6'), 5.6179999999996015), (('q5_2', 'q6_2'), 5.757999999999586), (('q7_8', 'q8_8'), 5.983999999999561), (('q5_10', 'q6_10'), 5.709999999999591), (('q7_4', 'q8_4'), 5.751999999999587), (('q3_4', 'q4_4'), 5.861999999999575))",1
Baseline,2,,"((('q8_5', 'q9_5'), 0.0048079018640661275), (('q4_1', 'q5_1'), 0.0045487863519674265), (('q6_3', 'q7_3'), 0.005671101072128648), (('q6_7', 'q7_7'), 0.10634139218182603), (('q0_5', 'q1_5'), 0.0059878858401328505), (('q2_7', 'q3_7'), 0.004695071430415199), (('q2_3', 'q3_3'), 0.0037491677550362257), (('q4_9', 'q5_9'), 0.010819631290386517))","(('q0_5', 0.00085890096919361), ('q1_5', 0.0008994471435968543), ('q2_3', 0.0006028410556627728), ('q2_7', 0.006573192090670976), ('q3_3', 0.0007080187211169764), ('q3_7', 0.0006404035062437807), ('q4_1', 0.0004960376835479452), ('q4_9', 0.0007020593555037702), ('q5_1', 0.00047599951929611084), ('q5_9', 0.0006958867106804378), ('q6_3', 0.0005096560886477253), ('q6_7', 0.010693452379763213), ('q7_3', 0.000915407789153333), ('q7_7', 0.009672459093060248), ('q8_5', 0.0007345363826016804), ('q9_5', 0.0005537871955600959))","(('q0_5', 5.869999999999574), ('q1_5', 5.729999999999589), ('q2_3', 5.945999999999565), ('q2_7', 6.291999999999527), ('q3_3', 5.873999999999573), ('q3_7', 5.729999999999589), ('q4_1', 5.72399999999959), ('q4_9', 6.213999999999536), ('q5_1', 5.8179999999995795), ('q5_9', 5.883999999999572), ('q6_3', 5.81599999999958), ('q6_7', 6.139999999999544), ('q7_3', 5.743999999999588), ('q7_7', 6.147999999999543), ('q8_5', 5.739999999999588), ('q9_5', 5.827999999999578))","((('q8_5', 'q9_5'), 5.643999999999599), (('q4_1', 'q5_1'), 5.6319999999996), (('q6_3', 'q7_3'), 5.695999999999593), (('q6_7', 'q7_7'), 5.923999999999568), (('q0_5', 'q1_5'), 5.951999999999565), (('q2_7', 'q3_7'), 5.797999999999582), (('q2_3', 'q3_3'), 5.791999999999582), (('q4_9', 'q5_9'), 5.8819999999995725))",0
Baseline,2,,"((('q3_6', 'q4_6'), 0.008838997209832639), (('q7_2', 'q8_2'), 0.04031569045453054), (('q5_8', 'q6_8'), 0.005815586201640355), (('q5_0', 'q6_0'), 0.007132485196653882), (('q9_4', 'q10_4'), 0.004379120371324652), (('q3_2', 'q4_2'), 0.003574638502454708), (('q7_6', 'q8_6'), 0.006553048090687297), (('q5_4', 'q6_4'), 0.0031965303880707174), (('q1_4', 'q2_4'), 0.005112910707847751))","(('q1_4', 0.0005704517492737815), ('q2_4', 0.0005423255132677718), ('q3_2', 0.0006808590688860972), ('q3_6', 0.0005043560645506817), ('q4_2', 0.0004345889021891147), ('q4_6', 0.0006015660639153153), ('q5_0', 0.00035720361913499366), ('q5_4', 0.0006392729285240595), ('q5_8', 0.0008164319371299911), ('q6_0', 0.0006598779199870064), ('q6_4', 0.00047183208620193984), ('q6_8', 0.0009441641203166151), ('q7_2', 0.0005509427534297062), ('q7_6', 0.0015024322967794324), ('q8_2', 0.0006965643945046618), ('q8_6', 0.0007934987564895413), ('q9_4', 0.0006771636233982581), ('q10_4', 0.0009437361705323388))","(('q1_4', 5.825999999999579), ('q2_4', 5.8819999999995725), ('q3_2', 5.755999999999586), ('q3_6', 6.115999999999547), ('q4_2', 6.195999999999538), ('q4_6', 5.709999999999591), ('q5_0', 5.943999999999566), ('q5_4', 5.839999999999577), ('q5_8', 5.795999999999582), ('q6_0', 5.783999999999583), ('q6_4', 6.17599999999954), ('q6_8', 5.7179999999995905), ('q7_2', 5.9179999999995685), ('q7_6', 5.949999999999565), ('q8_2', 5.837999999999577), ('q8_6', 5.8539999999995755), ('q9_4', 6.007999999999559), ('q10_4', 5.841999999999577))","((('q3_6', 'q4_6'), 5.965999999999563), (('q7_2', 'q8_2'), 5.687999999999594), (('q5_8', 'q6_8'), 6.063999999999552), (('q5_0', 'q6_0'), 5.749999999999587), (('q9_4', 'q10_4'), 5.689999999999594), (('q3_2', 'q4_2'), 6.041999999999555), (('q7_6', 'q8_6'), 5.847999999999576), (('q5_4', 'q6_4'), 6.037999999999555), (('q1_4', 'q2_4'), 5.877999999999573))",0
Baseline,2,,"((('q9_6', 'q9_7'), 0.039493306860772626), (('q7_8', 'q7_9'), 0.017909442873019044), (('q5_6', 'q5_7'), 0.004413794330882903), (('q3_4', 'q3_5'), 0.005158090250515862), (('q7_4', 'q7_5'), 0.005058346453259643), (('q5_2', 'q5_3'), 0.00424926343416171))","(('q3_4', 0.0007666613752088103), ('q3_5', 0.0011158527544360974), ('q5_2', 0.0006066198233305453), ('q5_3', 0.0006980295064634712), ('q5_6', 0.0005886018272481808), ('q5_7', 0.0008147766591846684), ('q7_4', 0.0004899472587020504), ('q7_5', 0.0006108630604374499), ('q7_8', 0.0016579948683332901), ('q7_9', 0.0003247147047393262), ('q9_6', 0.009799368128163899), ('q9_7', 0.0006056528036031961))","(('q3_4', 5.749999999999587), ('q3_5', 5.7359999999995885), ('q5_2', 5.713999999999591), ('q5_3', 6.027999999999556), ('q5_6', 5.81399999999958), ('q5_7', 5.747999999999587), ('q7_4', 5.7359999999995885), ('q7_5', 5.709999999999591), ('q7_8', 6.213999999999536), ('q7_9', 5.909999999999569), ('q9_6', 6.125999999999546), ('q9_7', 5.937999999999566))","((('q9_6', 'q9_7'), 5.793999999999582), (('q7_8', 'q7_9'), 5.739999999999588), (('q5_6', 'q5_7'), 5.829999999999578), (('q3_4', 'q3_5'), 5.9359999999995665), (('q7_4', 'q7_5'), 5.6319999999996), (('q5_2', 'q5_3'), 5.733999999999589))",0
Baseline,2,,"((('q3_5', 'q3_6'), 0.00436325903015683), (('q5_7', 'q5_8'), 0.004481161996751609), (('q5_3', 'q5_4'), 0.00746262468812392), (('q7_5', 'q7_6'), 0.010348915877761378), (('q7_1', 'q7_2'), 0.005755577686349322))","(('q3_5', 0.0006924972141341135), ('q3_6', 0.0008517523989582942), ('q5_3', 0.0006125434488539749), ('q5_4', 0.0006465009211132355), ('q5_7', 0.0008066645231259995), ('q5_8', 0.0007079922935377403), ('q7_1', 0.0006183202732931159), ('q7_2', 0.0006774625626239095), ('q7_5', 0.0008943113748595133), ('q7_6', 0.0007017445277972545))","(('q3_5', 6.101999999999548), ('q3_6', 5.913999999999569), ('q5_3', 5.827999999999578), ('q5_4', 5.783999999999583), ('q5_7', 6.073999999999551), ('q5_8', 5.733999999999589), ('q7_1', 5.885999999999572), ('q7_2', 5.985999999999561), ('q7_5', 6.033999999999556), ('q7_6', 6.0899999999995496))","((('q3_5', 'q3_6'), 5.941999999999566), (('q5_7', 'q5_8'), 5.771999999999585), (('q5_3', 'q5_4'), 5.885999999999572), (('q7_5', 'q7_6'), 5.615999999999602), (('q7_1', 'q7_2'), 5.759999999999586))",0
Baseline,2,,"((('q2_6', 'q2_7'), 0.02005524916250287), (('q8_4', 'q8_5'), 0.0051510094454060296), (('q6_6', 'q6_7'), 0.08557851297355346), (('q6_2', 'q6_3'), 0.004159375485754041))","(('q2_6', 0.0005480460024659406), ('q2_7', 0.0007340795933325484), ('q6_2', 0.0006134390282491742), ('q6_3', 0.0005603146898520706), ('q6_6', 0.013709264192439785), ('q6_7', 0.000563421021070154), ('q8_4', 0.0006789188035787319), ('q8_5', 0.0006859643112667735))","(('q2_6', 6.08199999999955), ('q2_7', 5.927999999999567), ('q6_2', 5.729999999999589), ('q6_3', 6.033999999999556), ('q6_6', 6.097999999999549), ('q6_7', 5.649999999999598), ('q8_4', 5.6179999999996015), ('q8_5', 5.6359999999995996))","((('q2_6', 'q2_7'), 5.877999999999573), (('q8_4', 'q8_5'), 5.9539999999995645), (('q6_6', 'q6_7'), 5.733999999999589), (('q6_2', 'q6_3'), 5.847999999999576))",0
Baseline,2,,"((('q6_6', 'q7_6'), 0.006650147095429104), (('q2_6', 'q3_6'), 0.0949683003021069), (('q6_2', 'q7_2'), 0.0033714639178828443), (('q8_4', 'q9_4'), 0.005679778313865458), (('q4_4', 'q5_4'), 0.007940214321669803))","(('q2_6', 0.0033577707149562985), ('q3_6', 0.0010514246742872602), ('q4_4', 0.001027557602678808), ('q5_4', 0.0009093442931027429), ('q6_2', 0.0007459998633517206), ('q6_6', 0.0009115903245119905), ('q7_2', 0.0005698266739016522), ('q7_6', 0.000736251063840232), ('q8_4', 0.0008594881071910532), ('q9_4', 0.0013080005132943273))","(('q2_6', 5.6459999999995985), ('q3_6', 5.655999999999597), ('q4_4', 5.955999999999564), ('q5_4', 5.595999999999604), ('q6_2', 5.8999999999995705), ('q6_6', 5.8179999999995795), ('q7_2', 5.7999999999995815), ('q7_6', 5.745999999999587), ('q8_4', 5.731999999999589), ('q9_4', 5.797999999999582))","((('q6_6', 'q7_6'), 5.641999999999599), (('q2_6', 'q3_6'), 5.655999999999597), (('q6_2', 'q7_2'), 5.743999999999588), (('q8_4', 'q9_4'), 6.009999999999558), (('q4_4', 'q5_4'), 5.6339999999996))",0
Baseline,2,,"((('q9_5', 'q9_6'), 0.021214927565068792), (('q5_9', 'q5_10'), 0.016907255075442884), (('q5_1', 'q5_2'), 0.01132865075079384), (('q5_5', 'q5_6'), 0.005391773867655519), (('q7_3', 'q7_4'), 0.006571223209803356), (('q3_7', 'q3_8'), 0.005057052594366701), (('q3_3', 'q3_4'), 0.007858626253634537), (('q7_7', 'q7_8'), 0.003985077154510158))","(('q3_3', 0.0006329435971627051), ('q3_4', 0.0005241890793491466), ('q3_7', 0.0008950994282386215), ('q3_8', 0.0009133383716968257), ('q5_1', 0.0005663870801744797), ('q5_2', 0.0008113035884234066), ('q5_5', 0.0005712421556302028), ('q5_6', 0.0007468964388072097), ('q5_9', 0.0008676286508078057), ('q5_10', 0.0006598730900779781), ('q7_3', 0.0007414501583367095), ('q7_4', 0.0009569036070612991), ('q7_7', 0.00027914665288569784), ('q7_8', 0.0008695285558204535), ('q9_5', 0.00047663573883677257), ('q9_6', 0.0006191155927156577))","(('q3_3', 5.749999999999587), ('q3_4', 6.091999999999549), ('q3_7', 6.125999999999546), ('q3_8', 5.757999999999586), ('q5_1', 5.713999999999591), ('q5_2', 5.949999999999565), ('q5_5', 5.927999999999567), ('q5_6', 5.833999999999578), ('q5_9', 6.245999999999532), ('q5_10', 5.841999999999577), ('q7_3', 5.865999999999574), ('q7_4', 5.8999999999995705), ('q7_7', 6.123999999999546), ('q7_8', 5.929999999999567), ('q9_5', 5.775999999999584), ('q9_6', 5.961999999999564))","((('q9_5', 'q9_6'), 6.063999999999552), (('q5_9', 'q5_10'), 6.103999999999548), (('q5_1', 'q5_2'), 5.733999999999589), (('q5_5', 'q5_6'), 5.939999999999566), (('q7_3', 'q7_4'), 5.71999999999959), (('q3_7', 'q3_8'), 6.0899999999995496), (('q3_3', 'q3_4'), 5.6179999999996015), (('q7_7', 'q7_8'), 5.9719999999995625))",0
Baseline,2,,"((('q6_1', 'q6_2'), 0.004327098822138775), (('q10_5', 'q10_6'), 0.004158647371346524), (('q8_3', 'q8_4'), 0.01037295636760771), (('q4_3', 'q4_4'), 0.008597071988757421), (('q2_5', 'q2_6'), 0.0048061403105601475), (('q6_5', 'q6_6'), 0.009785157640729375), (('q6_9', 'q6_10'), 0.006412920244391829), (('q8_7', 'q8_8'), 0.0032138664395078564))","(('q2_5', 0.0006629422060836498), ('q2_6', 0.0008504086349121476), ('q4_3', 0.0006279954065011584), ('q4_4', 0.0008451961220640181), ('q6_1', 0.0004307568608360457), ('q6_2', 0.000585877184737682), ('q6_5', 0.00044302540097740373), ('q6_6', 0.0008720276155825268), ('q6_9', 0.0006176706978563429), ('q6_10', 0.000652784097042447), ('q8_3', 0.00047593983589533373), ('q8_4', 0.0014065240143349422), ('q8_7', 0.0006901840264567638), ('q8_8', 0.0005034010271706135), ('q10_5', 0.000336996780978871), ('q10_6', 0.0007457828117766185))","(('q2_5', 5.733999999999589), ('q2_6', 6.157999999999542), ('q4_3', 6.019999999999557), ('q4_4', 5.949999999999565), ('q6_1', 5.7819999999995835), ('q6_2', 5.937999999999566), ('q6_5', 6.185999999999539), ('q6_6', 5.729999999999589), ('q6_9', 6.215999999999536), ('q6_10', 6.08799999999955), ('q8_3', 5.7999999999995815), ('q8_4', 6.003999999999559), ('q8_7', 5.973999999999562), ('q8_8', 5.7359999999995885), ('q10_5', 5.911999999999569), ('q10_6', 6.067999999999552))","((('q6_1', 'q6_2'), 5.8539999999995755), (('q10_5', 'q10_6'), 5.825999999999579), (('q8_3', 'q8_4'), 5.623999999999601), (('q4_3', 'q4_4'), 5.697999999999593), (('q2_5', 'q2_6'), 5.845999999999576), (('q6_5', 'q6_6'), 5.621999999999601), (('q6_9', 'q6_10'), 5.869999999999574), (('q8_7', 'q8_8'), 5.859999999999575))",0
Baseline,2,,"((('q5_9', 'q6_9'), 0.008353427683465725), (('q7_3', 'q8_3'), 0.007079722684302514), (('q1_5', 'q2_5'), 0.010146953912779422), (('q3_7', 'q4_7'), 0.013059404106606998), (('q3_3', 'q4_3'), 0.004648419829554912), (('q9_5', 'q10_5'), 0.020345014241482134), (('q5_5', 'q6_5'), 0.005707503885032217), (('q7_7', 'q8_7'), 0.003923639369139004), (('q5_1', 'q6_1'), 0.06570726047104788))","(('q1_5', 0.0026240630955235433), ('q2_5', 0.0009613748360318142), ('q3_3', 0.0005178975336224689), ('q3_7', 0.0007021777448463773), ('q4_3', 0.0006194370839435193), ('q4_7', 0.0007262916171791867), ('q5_1', 0.0005317991211575834), ('q5_5', 0.0011768933154602257), ('q5_9', 0.0011028354340043012), ('q6_1', 0.0003776894023383437), ('q6_5', 0.00048556615970563044), ('q6_9', 0.0005602190700474963), ('q7_3', 0.0006261557094467407), ('q7_7', 0.0006218394429339247), ('q8_3', 0.0011409352231508962), ('q8_7', 0.0004807678270253857), ('q9_5', 0.0007880356849810366), ('q10_5', 0.00045325642902521723))","(('q1_5', 6.007999999999559), ('q2_5', 5.72599999999959), ('q3_3', 5.915999999999569), ('q3_7', 5.753999999999587), ('q4_3', 5.90399999999957), ('q4_7', 5.849999999999576), ('q5_1', 5.791999999999582), ('q5_5', 5.9819999999995614), ('q5_9', 5.773999999999584), ('q6_1', 5.7639999999995855), ('q6_5', 5.7999999999995815), ('q6_9', 6.2899999999995275), ('q7_3', 5.913999999999569), ('q7_7', 5.771999999999585), ('q8_3', 5.797999999999582), ('q8_7', 6.019999999999557), ('q9_5', 5.715999999999591), ('q10_5', 5.933999999999567))","((('q5_9', 'q6_9'), 5.7819999999995835), (('q7_3', 'q8_3'), 5.9819999999995614), (('q1_5', 'q2_5'), 5.869999999999574), (('q3_7', 'q4_7'), 5.775999999999584), (('q3_3', 'q4_3'), 5.71999999999959), (('q9_5', 'q10_5'), 5.613999999999602), (('q5_5', 'q6_5'), 5.849999999999576), (('q7_7', 'q8_7'), 5.889999999999572), (('q5_1', 'q6_1'), 5.615999999999602))",0
Baseline,4,,"((('q9_5', 'q10_5'), 0.003943293375533952), (('q9_5', 'q9_6'), 0.005125302299533924), (('q10_5', 'q10_6'), 0.0037824197234440637), (('q9_6', 'q10_6'), 0.005841916345125042))","(('q9_5', 0.0006137189929580344), ('q9_6', 0.0009387032618755065), ('q10_5', 0.0005010568950915006), ('q10_6', 0.0007858866686462629))","(('q9_5', 5.695999999999593), ('q9_6', 6.051999999999554), ('q10_5', 5.797999999999582), ('q10_6', 5.607999999999603))","((('q9_5', 'q10_5'), 5.653999999999598), (('q9_5', 'q9_6'), 5.885999999999572), (('q10_5', 'q10_6'), 5.667999999999596), (('q9_6', 'q10_6'), 5.875999999999573))",0
Baseline,4,,"((('q6_4', 'q6_5'), 0.008906502892277596), (('q6_5', 'q7_5'), 0.0034444295966573613), (('q7_4', 'q7_5'), 0.004266366644629926), (('q6_4', 'q7_4'), 0.0062393012036467965))","(('q6_4', 0.0014149979582099848), ('q6_5', 0.0004156072290639745), ('q7_4', 0.0005306643220497342), ('q7_5', 0.0005764623130803392))","(('q6_4', 6.003999999999559), ('q6_5', 6.297999999999527), ('q7_4', 5.789999999999583), ('q7_5', 6.091999999999549))","((('q6_4', 'q6_5'), 5.689999999999594), (('q6_5', 'q7_5'), 6.027999999999556), (('q7_4', 'q7_5'), 5.857999999999575), (('q6_4', 'q7_4'), 5.965999999999563))",0
Baseline,4,,"((('q3_6', 'q3_7'), 0.004704793873461177), (('q3_6', 'q4_6'), 0.008429102806309513), (('q3_7', 'q4_7'), 0.009977361501295162), (('q4_6', 'q4_7'), 0.007415961457203218))","(('q3_6', 0.0011291631196805874), ('q3_7', 0.0008876308862970639), ('q4_6', 0.0006059222029334288), ('q4_7', 0.0008683242034463468))","(('q3_6', 5.847999999999576), ('q3_7', 6.039999999999555), ('q4_6', 5.713999999999591), ('q4_7', 5.5999999999996035))","((('q3_6', 'q3_7'), 5.9539999999995645), (('q3_6', 'q4_6'), 6.043999999999555), (('q3_7', 'q4_7'), 6.043999999999555), (('q4_6', 'q4_7'), 5.773999999999584))",0
Baseline,4,,"((('q7_2', 'q8_2'), 0.008061908177419252), (('q7_3', 'q8_3'), 0.013476356981462462), (('q7_2', 'q7_3'), 0.009177153413017392), (('q8_2', 'q8_3'), 0.015650976673904027))","(('q7_2', 0.0007055650030461935), ('q7_3', 0.001128665673745366), ('q8_2', 0.0009152884858285582), ('q8_3', 0.0005665178278309035))","(('q7_2', 5.745999999999587), ('q7_3', 5.869999999999574), ('q8_2', 5.655999999999597), ('q8_3', 5.6999999999995925))","((('q7_2', 'q8_2'), 5.919999999999568), (('q7_3', 'q8_3'), 5.649999999999598), (('q7_2', 'q7_3'), 5.99799999999956), (('q8_2', 'q8_3'), 5.775999999999584))",0
Baseline,4,,"((('q9_5', 'q10_5'), 0.004413062582885291), (('q10_4', 'q10_5'), 0.004740277715131136), (('q9_4', 'q10_4'), 0.010732215287641095), (('q9_4', 'q9_5'), 0.009492006701267458))","(('q9_4', 0.000575299029611398), ('q9_5', 0.0005931397345236844), ('q10_4', 0.0007537788842598148), ('q10_5', 0.000617209833155774))","(('q9_4', 6.043999999999555), ('q9_5', 5.739999999999588), ('q10_4', 5.847999999999576), ('q10_5', 5.90199999999957))","((('q9_5', 'q10_5'), 5.8179999999995795), (('q10_4', 'q10_5'), 5.707999999999592), (('q9_4', 'q10_4'), 5.649999999999598), (('q9_4', 'q9_5'), 5.787999999999583))",0
Baseline,4,,"((('q3_3', 'q3_4'), 0.004342959502783794), (('q3_3', 'q4_3'), 0.004669185679879201), (('q4_3', 'q4_4'), 0.019761712177057772), (('q3_4', 'q4_4'), 0.013460359979792724))","(('q3_3', 0.0005071785528950601), ('q3_4', 0.005274060949158943), ('q4_3', 0.0006407251872680986), ('q4_4', 0.005867442349588858))","(('q3_3', 5.931999999999567), ('q3_4', 6.125999999999546), ('q4_3', 5.869999999999574), ('q4_4', 5.847999999999576))","((('q3_3', 'q3_4'), 5.873999999999573), (('q3_3', 'q4_3'), 5.643999999999599), (('q4_3', 'q4_4'), 5.609999999999602), (('q3_4', 'q4_4'), 5.619999999999601))",0
Baseline,4,,"((('q6_7', 'q6_8'), 0.004931933692559232), (('q5_8', 'q6_8'), 0.005358081486088573), (('q5_7', 'q5_8'), 0.00980286679595721), (('q5_7', 'q6_7'), 0.00864440038516906))","(('q5_7', 0.0005894535474746943), ('q5_8', 0.001402074174993051), ('q6_7', 0.0008608406070307328), ('q6_8', 0.0006948513906388509))","(('q5_7', 6.065999999999552), ('q5_8', 5.99399999999956), ('q6_7', 5.711999999999591), ('q6_8', 5.937999999999566))","((('q6_7', 'q6_8'), 5.589999999999605), (('q5_8', 'q6_8'), 5.833999999999578), (('q5_7', 'q5_8'), 5.7359999999995885), (('q5_7', 'q6_7'), 5.839999999999577))",0
Baseline,4,,"((('q9_4', 'q9_5'), 0.0063020200820068095), (('q8_5', 'q9_5'), 0.004899743457822792), (('q8_4', 'q8_5'), 0.00534560681942059), (('q8_4', 'q9_4'), 0.009102754523035828))","(('q8_4', 0.0007557757381822516), ('q8_5', 0.0005692041446965224), ('q9_4', 0.0010051863988702614), ('q9_5', 0.0006745490133719945))","(('q8_4', 5.603999999999603), ('q8_5', 5.90799999999957), ('q9_4', 5.81599999999958), ('q9_5', 5.709999999999591))","((('q9_4', 'q9_5'), 5.961999999999564), (('q8_5', 'q9_5'), 5.841999999999577), (('q8_4', 'q8_5'), 5.605999999999603), (('q8_4', 'q9_4'), 5.99199999999956))",0
Baseline,4,,"((('q6_3', 'q7_3'), 0.007433409971088295), (('q6_3', 'q6_4'), 0.004889243178453628), (('q7_3', 'q7_4'), 0.008593717378199084), (('q6_4', 'q7_4'), 0.003797392249980991))","(('q6_3', 0.0006427439178874894), ('q6_4', 0.0006386633684000165), ('q7_3', 0.0010679321666279273), ('q7_4', 0.0004126570643124827))","(('q6_3', 6.015999999999558), ('q6_4', 5.833999999999578), ('q7_3', 5.985999999999561), ('q7_4', 5.8819999999995725))","((('q6_3', 'q7_3'), 5.933999999999567), (('q6_3', 'q6_4'), 5.605999999999603), (('q7_3', 'q7_4'), 6.027999999999556), (('q6_4', 'q7_4'), 5.779999999999584))",0
Baseline,4,,"((('q3_2', 'q4_2'), 0.00558879847162061), (('q4_2', 'q4_3'), 0.00467648428694184), (('q3_2', 'q3_3'), 0.004371373898679809), (('q3_3', 'q4_3'), 0.004810995982244798))","(('q3_2', 0.002333386197960974), ('q3_3', 0.0005213734317934815), ('q4_2', 0.0007559697284599265), ('q4_3', 0.0024287653809578758))","(('q3_2', 5.865999999999574), ('q3_3', 5.761999999999586), ('q4_2', 5.673999999999595), ('q4_3', 5.595999999999604))","((('q3_2', 'q4_2'), 5.713999999999591), (('q4_2', 'q4_3'), 5.585999999999605), (('q3_2', 'q3_3'), 5.847999999999576), (('q3_3', 'q4_3'), 5.649999999999598))",0
Baseline,4,,"((('q4_2', 'q4_3'), 0.004013192823891315), (('q4_2', 'q5_2'), 0.0056219949917548084), (('q4_3', 'q5_3'), 0.006472478627938483), (('q5_2', 'q5_3'), 0.008739766698014156))","(('q4_2', 0.0007494400247591848), ('q4_3', 0.0007605134775074962), ('q5_2', 0.0005180298143632189), ('q5_3', 0.0015230406695908583))","(('q4_2', 5.833999999999578), ('q4_3', 5.6999999999995925), ('q5_2', 5.873999999999573), ('q5_3', 5.9179999999995685))","((('q4_2', 'q4_3'), 5.689999999999594), (('q4_2', 'q5_2'), 5.825999999999579), (('q4_3', 'q5_3'), 5.583999999999605), (('q5_2', 'q5_3'), 5.587999999999605))",0
Baseline,4,,"((('q5_3', 'q6_3'), 0.00458177127314785), (('q6_3', 'q6_4'), 0.00642096016575916), (('q5_4', 'q6_4'), 0.007080796862434124), (('q5_3', 'q5_4'), 0.003985604011703281))","(('q5_3', 0.0005671310558382214), ('q5_4', 0.0013444966141613612), ('q6_3', 0.0006056688113145192), ('q6_4', 0.0005641068231252988))","(('q5_3', 5.915999999999569), ('q5_4', 6.003999999999559), ('q6_3', 5.81399999999958), ('q6_4', 5.855999999999575))","((('q5_3', 'q6_3'), 5.625999999999601), (('q6_3', 'q6_4'), 5.951999999999565), (('q5_4', 'q6_4'), 5.869999999999574), (('q5_3', 'q5_4'), 5.883999999999572))",0
Baseline,4,,"((('q5_9', 'q5_10'), 0.010917616888163728), (('q6_9', 'q6_10'), 0.07139909886107249), (('q5_10', 'q6_10'), 0.024036432658875617), (('q5_9', 'q6_9'), 0.0070026309468849135))","(('q5_9', 0.0005350001356730916), ('q5_10', 0.0008902725787623411), ('q6_9', 0.0020036865143352456), ('q6_10', 0.0016510629775859376))","(('q5_9', 6.259999999999531), ('q5_10', 5.909999999999569), ('q6_9', 6.233999999999534), ('q6_10', 5.961999999999564))","((('q5_9', 'q5_10'), 5.775999999999584), (('q6_9', 'q6_10'), 5.707999999999592), (('q5_10', 'q6_10'), 5.72199999999959), (('q5_9', 'q6_9'), 6.045999999999554))",0
Baseline,4,,"((('q5_2', 'q5_3'), 0.00422550841612257), (('q5_3', 'q6_3'), 0.007595716486916093), (('q5_2', 'q6_2'), 0.008113502103952175), (('q6_2', 'q6_3'), 0.0051112209434063804))","(('q5_2', 0.0006466711439329087), ('q5_3', 0.0005757173956624784), ('q6_2', 0.0006899788736537404), ('q6_3', 0.0006885363722028415))","(('q5_2', 5.571999999999607), ('q5_3', 6.033999999999556), ('q6_2', 5.7359999999995885), ('q6_3', 5.673999999999595))","((('q5_2', 'q5_3'), 5.741999999999588), (('q5_3', 'q6_3'), 5.8359999999995775), (('q5_2', 'q6_2'), 5.919999999999568), (('q6_2', 'q6_3'), 5.807999999999581))",0
Baseline,4,,"((('q6_6', 'q7_6'), 0.007852619497551838), (('q6_5', 'q6_6'), 0.007354052865978011), (('q7_5', 'q7_6'), 0.017526205522720467), (('q6_5', 'q7_5'), 0.004719058089615258))","(('q6_5', 0.001362495996593216), ('q6_6', 0.0011086745005505771), ('q7_5', 0.00044206780820543745), ('q7_6', 0.002002548100569712))","(('q6_5', 6.065999999999552), ('q6_6', 5.649999999999598), ('q7_5', 5.687999999999594), ('q7_6', 6.063999999999552))","((('q6_6', 'q7_6'), 5.747999999999587), (('q6_5', 'q6_6'), 6.047999999999554), (('q7_5', 'q7_6'), 5.867999999999574), (('q6_5', 'q7_5'), 5.99599999999956))",0
Baseline,4,,"((('q6_4', 'q6_5'), 0.007124805553106711), (('q5_5', 'q6_5'), 0.004138574468545014), (('q5_4', 'q6_4'), 0.007347538711458962), (('q5_4', 'q5_5'), 0.012049102481462182))","(('q5_4', 0.0005264270597902243), ('q5_5', 0.0006154465956966226), ('q6_4', 0.0009584007314281107), ('q6_5', 0.0004490949258145194))","(('q5_4', 5.801999999999581), ('q5_5', 5.771999999999585), ('q6_4', 5.915999999999569), ('q6_5', 5.711999999999591))","((('q6_4', 'q6_5'), 6.025999999999557), (('q5_5', 'q6_5'), 5.659999999999597), (('q5_4', 'q6_4'), 5.945999999999565), (('q5_4', 'q5_5'), 5.797999999999582))",0
Baseline,4,,"((('q2_4', 'q2_5'), 0.004760983269673308), (('q2_5', 'q3_5'), 0.0057842295508395425), (('q2_4', 'q3_4'), 0.016876172047238153), (('q3_4', 'q3_5'), 0.00463939773292138))","(('q2_4', 0.0009341201740188376), ('q2_5', 0.00028031960283142476), ('q3_4', 0.000399034520468855), ('q3_5', 0.0007302438808752809))","(('q2_4', 5.965999999999563), ('q2_5', 5.99399999999956), ('q3_4', 5.967999999999563), ('q3_5', 5.585999999999605))","((('q2_4', 'q2_5'), 5.807999999999581), (('q2_5', 'q3_5'), 5.849999999999576), (('q2_4', 'q3_4'), 5.687999999999594), (('q3_4', 'q3_5'), 5.639999999999599))",0
Baseline,4,,"((('q6_8', 'q7_8'), 0.009782219691693406), (('q7_7', 'q7_8'), 0.008253966550079234), (('q6_7', 'q7_7'), 0.006820513287823876), (('q6_7', 'q6_8'), 0.005633501893650056))","(('q6_7', 0.0007526750747075539), ('q6_8', 0.000549045087253397), ('q7_7', 0.0005842213302502675), ('q7_8', 0.0014509594461468156))","(('q6_7', 5.81199999999958), ('q6_8', 5.841999999999577), ('q7_7', 6.005999999999559), ('q7_8', 6.125999999999546))","((('q6_8', 'q7_8'), 5.72199999999959), (('q7_7', 'q7_8'), 5.81199999999958), (('q6_7', 'q7_7'), 5.731999999999589), (('q6_7', 'q6_8'), 5.803999999999581))",0
Baseline,4,,"((('q7_6', 'q8_6'), 0.008783935789718866), (('q7_5', 'q7_6'), 0.018866779741928352), (('q7_5', 'q8_5'), 0.005857119105885739), (('q8_5', 'q8_6'), 0.006422969215455515))","(('q7_5', 0.0007109578099971925), ('q7_6', 0.0005282782636064076), ('q8_5', 0.0010122837992472267), ('q8_6', 0.0011763130327071547))","(('q7_5', 5.803999999999581), ('q7_6', 5.821999999999579), ('q8_5', 5.801999999999581), ('q8_6', 5.925999999999568))","((('q7_6', 'q8_6'), 5.665999999999596), (('q7_5', 'q7_6'), 5.797999999999582), (('q7_5', 'q8_5'), 5.913999999999569), (('q8_5', 'q8_6'), 5.933999999999567))",0
Baseline,4,,"((('q4_2', 'q5_2'), 0.003943359216241837), (('q4_1', 'q4_2'), 0.005113878260499083), (('q5_1', 'q5_2'), 0.005367809023490155), (('q4_1', 'q5_1'), 0.003366013744393326))","(('q4_1', 0.0005281844587145534), ('q4_2', 0.000381670971792647), ('q5_1', 0.000668521987511772), ('q5_2', 0.0005852452558748333))","(('q4_1', 5.791999999999582), ('q4_2', 5.919999999999568), ('q5_1', 5.567999999999607), ('q5_2', 5.687999999999594))","((('q4_2', 'q5_2'), 5.81199999999958), (('q4_1', 'q4_2'), 5.669999999999596), (('q5_1', 'q5_2'), 5.743999999999588), (('q4_1', 'q5_1'), 5.639999999999599))",0
Baseline,4,,"((('q7_6', 'q7_7'), 0.005374505933204016), (('q7_6', 'q8_6'), 0.006934358072601815), (('q8_6', 'q8_7'), 0.013756220710769818), (('q7_7', 'q8_7'), 0.0043927641214616675))","(('q7_6', 0.0006884576713421242), ('q7_7', 0.0004758952601097155), ('q8_6', 0.0009481910483633005), ('q8_7', 0.0002945018263321719))","(('q7_6', 5.739999999999588), ('q7_7', 6.0359999999995555), ('q8_6', 6.26999999999953), ('q8_7', 6.08399999999955))","((('q7_6', 'q7_7'), 5.7359999999995885), (('q7_6', 'q8_6'), 5.927999999999567), (('q8_6', 'q8_7'), 5.5819999999996055), (('q7_7', 'q8_7'), 5.705999999999592))",0
Baseline,4,,"((('q4_7', 'q5_7'), 0.006304058040070282), (('q4_6', 'q5_6'), 0.007108840912533443), (('q5_6', 'q5_7'), 0.009174211089903739), (('q4_6', 'q4_7'), 0.006010350523683067))","(('q4_6', 0.0010834885657579063), ('q4_7', 0.001894317032373305), ('q5_6', 0.0021942625036214247), ('q5_7', 0.0007139725855901391))","(('q4_6', 5.8999999999995705), ('q4_7', 5.925999999999568), ('q5_6', 5.985999999999561), ('q5_7', 5.927999999999567))","((('q4_7', 'q5_7'), 5.90399999999957), (('q4_6', 'q5_6'), 5.757999999999586), (('q5_6', 'q5_7'), 5.745999999999587), (('q4_6', 'q4_7'), 6.005999999999559))",0
Baseline,4,,"((('q6_1', 'q6_2'), 0.005623776716599638), (('q6_2', 'q7_2'), 0.007209640687796781), (('q7_1', 'q7_2'), 0.00588879115990093), (('q6_1', 'q7_1'), 0.005981874891657801))","(('q6_1', 0.001825082669724365), ('q6_2', 0.0006583916415345281), ('q7_1', 0.0017385613971797609), ('q7_2', 0.002011027735824844))","(('q6_1', 5.773999999999584), ('q6_2', 5.677999999999595), ('q7_1', 5.771999999999585), ('q7_2', 6.033999999999556))","((('q6_1', 'q6_2'), 5.969999999999563), (('q6_2', 'q7_2'), 5.9179999999995685), (('q7_1', 'q7_2'), 5.701999999999592), (('q6_1', 'q7_1'), 5.90799999999957))",0
Baseline,4,,"((('q6_5', 'q6_6'), 0.020974733647177557), (('q5_5', 'q6_5'), 0.007451022898104148), (('q5_5', 'q5_6'), 0.0071717801272088155), (('q5_6', 'q6_6'), 0.004911431503835578))","(('q5_5', 0.0011559813882426329), ('q5_6', 0.0004658247652201686), ('q6_5', 0.0005519593130265399), ('q6_6', 0.0020880243776936203))","(('q5_5', 5.749999999999587), ('q5_6', 5.807999999999581), ('q6_5', 5.821999999999579), ('q6_6', 6.027999999999556))","((('q6_5', 'q6_6'), 5.915999999999569), (('q5_5', 'q6_5'), 5.623999999999601), (('q5_5', 'q5_6'), 5.625999999999601), (('q5_6', 'q6_6'), 5.72399999999959))",0
Baseline,4,,"((('q8_3', 'q8_4'), 0.006248494691334094), (('q7_3', 'q7_4'), 0.0054725781503182636), (('q7_3', 'q8_3'), 0.007590968087357874), (('q7_4', 'q8_4'), 0.004252093934736717))","(('q7_3', 0.000614357134109289), ('q7_4', 0.000854488788387231), ('q8_3', 0.0014430755215886215), ('q8_4', 0.0005602815267988781))","(('q7_3', 5.727999999999589), ('q7_4', 5.843999999999577), ('q8_3', 5.567999999999607), ('q8_4', 5.6639999999995965))","((('q8_3', 'q8_4'), 5.6279999999996), (('q7_3', 'q7_4'), 5.655999999999597), (('q7_3', 'q8_3'), 5.687999999999594), (('q7_4', 'q8_4'), 5.7639999999995855))",0
Baseline,4,,"((('q8_7', 'q9_7'), 0.0116871958247175), (('q9_6', 'q9_7'), 0.009367974114046607), (('q8_6', 'q8_7'), 0.007072055674049088), (('q8_6', 'q9_6'), 0.009315759103662835))","(('q8_6', 0.0015256942537262286), ('q8_7', 0.0005475349218196368), ('q9_6', 0.0013050989037228788), ('q9_7', 0.0006030102996956166))","(('q8_6', 6.045999999999554), ('q8_7', 5.8819999999995725), ('q9_6', 5.767999999999585), ('q9_7', 5.707999999999592))","((('q8_7', 'q9_7'), 5.90399999999957), (('q9_6', 'q9_7'), 5.941999999999566), (('q8_6', 'q8_7'), 5.679999999999595), (('q8_6', 'q9_6'), 5.71999999999959))",0
Baseline,4,,"((('q6_0', 'q6_1'), 0.007963396799674227), (('q5_1', 'q6_1'), 0.03444124687779632), (('q5_0', 'q5_1'), 0.004624745486861426), (('q5_0', 'q6_0'), 0.01161674589741929))","(('q5_0', 0.0015602252515104498), ('q5_1', 0.0019126270204868345), ('q6_0', 0.0005972916218966451), ('q6_1', 0.0010607118617916855))","(('q5_0', 5.5179999999996125), ('q5_1', 5.795999999999582), ('q6_0', 5.637999999999599), ('q6_1', 5.569999999999607))","((('q6_0', 'q6_1'), 5.803999999999581), (('q5_1', 'q6_1'), 5.637999999999599), (('q5_0', 'q5_1'), 5.649999999999598), (('q5_0', 'q6_0'), 5.715999999999591))",0
Baseline,4,,"((('q8_5', 'q9_5'), 0.007025928971927609), (('q9_5', 'q9_6'), 0.0065357960266168025), (('q8_6', 'q9_6'), 0.008771019392480595), (('q8_5', 'q8_6'), 0.00976074839214841))","(('q8_5', 0.0011355483649097553), ('q8_6', 0.0006217791368294256), ('q9_5', 0.0005340398708443828), ('q9_6', 0.0011059154970934904))","(('q8_5', 5.785999999999583), ('q8_6', 5.829999999999578), ('q9_5', 5.759999999999586), ('q9_6', 5.773999999999584))","((('q8_5', 'q9_5'), 5.6319999999996), (('q9_5', 'q9_6'), 5.731999999999589), (('q8_6', 'q9_6'), 5.701999999999592), (('q8_5', 'q8_6'), 5.80999999999958))",0
Baseline,4,,"((('q6_3', 'q7_3'), 0.005841103251192359), (('q6_2', 'q7_2'), 0.00910743024982924), (('q7_2', 'q7_3'), 0.0048197148341936336), (('q6_2', 'q6_3'), 0.00428747520019615))","(('q6_2', 0.0005363578705878114), ('q6_3', 0.0006394883676277274), ('q7_2', 0.0008013920180297007), ('q7_3', 0.0008453472391478645))","(('q6_2', 5.81199999999958), ('q6_3', 6.003999999999559), ('q7_2', 5.639999999999599), ('q7_3', 5.623999999999601))","((('q6_3', 'q7_3'), 5.921999999999568), (('q6_2', 'q7_2'), 5.667999999999596), (('q7_2', 'q7_3'), 5.785999999999583), (('q6_2', 'q6_3'), 5.989999999999561))",0
Baseline,4,,"((('q6_8', 'q6_9'), 0.007783372095283514), (('q6_9', 'q7_9'), 0.012325095873500613), (('q7_8', 'q7_9'), 0.008267262339438641), (('q6_8', 'q7_8'), 0.017574891194440834))","(('q6_8', 0.0006550343608001663), ('q6_9', 0.000658491725720467), ('q7_8', 0.00087676321791752), ('q7_9', 0.001158172658658807))","(('q6_8', 5.787999999999583), ('q6_9', 5.779999999999584), ('q7_8', 5.959999999999564), ('q7_9', 5.865999999999574))","((('q6_8', 'q6_9'), 5.609999999999602), (('q6_9', 'q7_9'), 6.163999999999541), (('q7_8', 'q7_9'), 5.833999999999578), (('q6_8', 'q7_8'), 5.831999999999578))",0
Baseline,4,,"((('q5_8', 'q5_9'), 0.019051344865271713), (('q6_8', 'q6_9'), 0.011347443790548722), (('q5_8', 'q6_8'), 0.004312698536766885), (('q5_9', 'q6_9'), 0.0975458402245643))","(('q5_8', 0.000762840182019886), ('q5_9', 0.0007422470953653004), ('q6_8', 0.0007001392282361407), ('q6_9', 0.00154784662195262))","(('q5_8', 5.769999999999585), ('q5_9', 5.821999999999579), ('q6_8', 5.929999999999567), ('q6_9', 5.975999999999562))","((('q5_8', 'q5_9'), 5.81599999999958), (('q6_8', 'q6_9'), 5.739999999999588), (('q5_8', 'q6_8'), 5.8819999999995725), (('q5_9', 'q6_9'), 5.845999999999576))",0
Baseline,4,,"((('q4_3', 'q5_3'), 0.004893841129521015), (('q5_3', 'q5_4'), 0.005019911213608841), (('q4_3', 'q4_4'), 0.006468492594323971), (('q4_4', 'q5_4'), 0.007291589931667869))","(('q4_3', 0.0007697614349825854), ('q4_4', 0.001133757018720316), ('q5_3', 0.0007678128367438197), ('q5_4', 0.0007941889032380134))","(('q4_3', 5.603999999999603), ('q4_4', 5.711999999999591), ('q5_3', 5.707999999999592), ('q5_4', 5.521999999999612))","((('q4_3', 'q5_3'), 5.667999999999596), (('q5_3', 'q5_4'), 5.609999999999602), (('q4_3', 'q4_4'), 5.785999999999583), (('q4_4', 'q5_4'), 5.589999999999605))",0
Baseline,4,,"((('q5_2', 'q6_2'), 0.01595846582788446), (('q6_1', 'q6_2'), 0.00501468614787326), (('q5_1', 'q5_2'), 0.004470839404113108), (('q5_1', 'q6_1'), 0.04735720039023408))","(('q5_1', 0.0005978294127607642), ('q5_2', 0.0008770958244873617), ('q6_1', 0.0005730826567372227), ('q6_2', 0.0006443202464412323))","(('q5_1', 5.713999999999591), ('q5_2', 5.483999999999616), ('q6_1', 5.589999999999605), ('q6_2', 5.667999999999596))","((('q5_2', 'q6_2'), 5.8359999999995775), (('q6_1', 'q6_2'), 5.713999999999591), (('q5_1', 'q5_2'), 5.615999999999602), (('q5_1', 'q6_1'), 5.6299999999996))",0
Baseline,4,,"((('q5_7', 'q6_7'), 0.006893000556765144), (('q5_6', 'q5_7'), 0.006779298939511458), (('q6_6', 'q6_7'), 0.00468808735209944), (('q5_6', 'q6_6'), 0.006344713904836374))","(('q5_6', 0.000986230528834231), ('q5_7', 0.0007382138277349237), ('q6_6', 0.0014571624997182786), ('q6_7', 0.0005947694916006441))","(('q5_6', 5.5819999999996055), ('q5_7', 5.641999999999599), ('q6_6', 5.945999999999565), ('q6_7', 6.211999999999536))","((('q5_7', 'q6_7'), 5.6999999999995925), (('q5_6', 'q5_7'), 5.787999999999583), (('q6_6', 'q6_7'), 6.051999999999554), (('q5_6', 'q6_6'), 5.683999999999594))",0
Baseline,4,,"((('q3_5', 'q3_6'), 0.006792327577905766), (('q2_5', 'q3_5'), 0.006746024989014554), (('q2_6', 'q3_6'), 0.038835601420162374), (('q2_5', 'q2_6'), 0.005368655424811186))","(('q2_5', 0.002065325235769966), ('q2_6', 0.0016433018851548797), ('q3_5', 0.0009117101937083927), ('q3_6', 0.002171738515787225))","(('q2_5', 6.037999999999555), ('q2_6', 5.759999999999586), ('q3_5', 5.671999999999596), ('q3_6', 6.039999999999555))","((('q3_5', 'q3_6'), 5.925999999999568), (('q2_5', 'q3_5'), 5.90199999999957), (('q2_6', 'q3_6'), 5.6459999999995985), (('q2_5', 'q2_6'), 5.827999999999578))",0
Baseline,4,,"((('q8_7', 'q8_8'), 0.004848127609748537), (('q7_8', 'q8_8'), 0.007536593146684062), (('q7_7', 'q7_8'), 0.0067133259198686734), (('q7_7', 'q8_7'), 0.0041687575703653335))","(('q7_7', 0.00131916991954667), ('q7_8', 0.0012292461975658697), ('q8_7', 0.0007192144563810121), ('q8_8', 0.0012119332379700865))","(('q7_7', 6.1359999999995445), ('q7_8', 5.955999999999564), ('q8_7', 5.9179999999995685), ('q8_8', 6.133999999999545))","((('q8_7', 'q8_8'), 5.987999999999561), (('q7_8', 'q8_8'), 5.729999999999589), (('q7_7', 'q7_8'), 5.589999999999605), (('q7_7', 'q8_7'), 5.879999999999573))",0
Baseline,4,,"((('q3_6', 'q3_7'), 0.006787035083027165), (('q2_6', 'q2_7'), 0.029407920635757617), (('q2_7', 'q3_7'), 0.013157442080611731), (('q2_6', 'q3_6'), 0.013194559497349989))","(('q2_6', 0.0007705767482666936), ('q2_7', 0.0010507083113450721), ('q3_6', 0.0014134055937086165), ('q3_7', 0.0018080822131152918))","(('q2_6', 6.061999999999553), ('q2_7', 6.185999999999539), ('q3_6', 5.753999999999587), ('q3_7', 5.683999999999594))","((('q3_6', 'q3_7'), 5.897999999999571), (('q2_6', 'q2_7'), 5.741999999999588), (('q2_7', 'q3_7'), 5.909999999999569), (('q2_6', 'q3_6'), 6.057999999999553))",0
Baseline,9,,"((('q6_2', 'q7_2'), 0.005809969814273341), (('q7_2', 'q7_3'), 0.00517892074756629), (('q6_2', 'q6_3'), 0.007854151749754623), (('q5_2', 'q6_2'), 0.007926451045438515), (('q6_3', 'q7_3'), 0.008419564141036201), (('q6_3', 'q6_4'), 0.00857008505851517), (('q5_3', 'q5_4'), 0.0080245754235726), (('q7_3', 'q7_4'), 0.005147096346502955), (('q6_4', 'q7_4'), 0.008522942241642018), (('q5_2', 'q5_3'), 0.0053078574571762405), (('q5_3', 'q6_3'), 0.00746262468812392), (('q5_4', 'q6_4'), 0.010166050507866925))","(('q5_2', 0.0005006299875282005), ('q5_3', 0.0013735965465012656), ('q5_4', 0.0015278655118873274), ('q6_2', 0.0022044850913586767), ('q6_3', 0.0019498847170263955), ('q6_4', 0.0012514809954483064), ('q7_2', 0.0006610765821112863), ('q7_3', 0.0007508696540449167), ('q7_4', 0.0007502751457138523))","(('q5_2', 5.705999999999592), ('q5_3', 5.877999999999573), ('q5_4', 5.983999999999561), ('q6_2', 5.989999999999561), ('q6_3', 6.143999999999544), ('q6_4', 6.027999999999556), ('q7_2', 5.713999999999591), ('q7_3', 5.651999999999598), ('q7_4', 5.71999999999959))","((('q6_2', 'q7_2'), 5.667999999999596), (('q7_2', 'q7_3'), 5.6999999999995925), (('q6_2', 'q6_3'), 5.975999999999562), (('q5_2', 'q6_2'), 5.90199999999957), (('q6_3', 'q7_3'), 5.911999999999569), (('q6_3', 'q6_4'), 5.643999999999599), (('q5_3', 'q5_4'), 5.779999999999584), (('q7_3', 'q7_4'), 5.677999999999595), (('q6_4', 'q7_4'), 5.783999999999583), (('q5_2', 'q5_3'), 5.72399999999959), (('q5_3', 'q6_3'), 5.753999999999587), (('q5_4', 'q6_4'), 5.9179999999995685))",0
Baseline,9,,"((('q6_8', 'q6_9'), 0.02481199042836496), (('q5_9', 'q6_9'), 0.028376523140989124), (('q6_8', 'q7_8'), 0.011184669160975075), (('q5_8', 'q6_8'), 0.03115690106276406), (('q7_8', 'q7_9'), 0.045676356676547986), (('q5_7', 'q5_8'), 0.0363570126071483), (('q6_7', 'q7_7'), 0.007631673248568144), (('q6_9', 'q7_9'), 0.0961547793723796), (('q7_7', 'q7_8'), 0.006629350119450178), (('q6_7', 'q6_8'), 0.015069926979879938), (('q5_8', 'q5_9'), 0.056833565174012945), (('q5_7', 'q6_7'), 0.006998091964679404))","(('q5_7', 0.0011245878657415997), ('q5_8', 0.011361420979584924), ('q5_9', 0.0009756988635483133), ('q6_7', 0.0005416045042925255), ('q6_8', 0.0012910228729133277), ('q6_9', 0.006603908330492736), ('q7_7', 0.000552691454411447), ('q7_8', 0.005338126524947695), ('q7_9', 0.006408655920671691))","(('q5_7', 5.909999999999569), ('q5_8', 6.037999999999555), ('q5_9', 5.943999999999566), ('q6_7', 5.90199999999957), ('q6_8', 5.919999999999568), ('q6_9', 6.023999999999557), ('q7_7', 6.1539999999995425), ('q7_8', 5.8539999999995755), ('q7_9', 6.131999999999545))","((('q6_8', 'q6_9'), 6.079999999999551), (('q5_9', 'q6_9'), 6.003999999999559), (('q6_8', 'q7_8'), 5.665999999999596), (('q5_8', 'q6_8'), 5.895999999999571), (('q7_8', 'q7_9'), 5.611999999999602), (('q5_7', 'q5_8'), 6.155999999999542), (('q6_7', 'q7_7'), 5.845999999999576), (('q6_9', 'q7_9'), 5.659999999999597), (('q7_7', 'q7_8'), 5.791999999999582), (('q6_7', 'q6_8'), 5.603999999999603), (('q5_8', 'q5_9'), 5.9359999999995665), (('q5_7', 'q6_7'), 5.805999999999581))",0
Baseline,9,,"((('q6_6', 'q7_6'), 0.007059754598744139), (('q7_5', 'q8_5'), 0.006992624049124069), (('q6_5', 'q7_5'), 0.010806179930712811), (('q6_4', 'q7_4'), 0.007022921442440655), (('q6_4', 'q6_5'), 0.0073383799817249296), (('q7_5', 'q7_6'), 0.00618672517307195), (('q7_6', 'q8_6'), 0.01386254562969308), (('q7_4', 'q7_5'), 0.006125101313734227), (('q8_5', 'q8_6'), 0.009590515129426574), (('q7_4', 'q8_4'), 0.005232033569310068), (('q6_5', 'q6_6'), 0.008350675894178206), (('q8_4', 'q8_5'), 0.00497693878343658))","(('q6_4', 0.0006991460538400274), ('q6_5', 0.0006172657225725908), ('q6_6', 0.0009101866881062737), ('q7_4', 0.0008834498216220288), ('q7_5', 0.001002439321945603), ('q7_6', 0.0010922589933592408), ('q8_4', 0.0005607591719260507), ('q8_5', 0.0010024675838248842), ('q8_6', 0.00040287106168229725))","(('q6_4', 6.049999999999554), ('q6_5', 5.819999999999579), ('q6_6', 5.8999999999995705), ('q7_4', 5.685999999999594), ('q7_5', 6.003999999999559), ('q7_6', 5.727999999999589), ('q8_4', 5.90599999999957), ('q8_5', 5.703999999999592), ('q8_6', 5.869999999999574))","((('q6_6', 'q7_6'), 5.779999999999584), (('q7_5', 'q8_5'), 5.637999999999599), (('q6_5', 'q7_5'), 5.685999999999594), (('q6_4', 'q7_4'), 5.697999999999593), (('q6_4', 'q6_5'), 6.0899999999995496), (('q7_5', 'q7_6'), 5.741999999999588), (('q7_6', 'q8_6'), 5.711999999999591), (('q7_4', 'q7_5'), 5.90599999999957), (('q8_5', 'q8_6'), 6.0899999999995496), (('q7_4', 'q8_4'), 5.821999999999579), (('q6_5', 'q6_6'), 5.555999999999608), (('q8_4', 'q8_5'), 5.829999999999578))",0
Baseline,9,,"((('q9_5', 'q9_6'), 0.01078237584508418), (('q9_4', 'q9_5'), 0.00374064060548826), (('q8_5', 'q9_5'), 0.006683251377547161), (('q7_5', 'q8_5'), 0.015251297733029523), (('q7_5', 'q7_6'), 0.006094141852906576), (('q8_6', 'q9_6'), 0.0118188561726634), (('q7_4', 'q7_5'), 0.005062897715771508), (('q8_4', 'q9_4'), 0.016447421497420484), (('q7_4', 'q8_4'), 0.006385405834006097), (('q8_5', 'q8_6'), 0.02303166331110784), (('q7_6', 'q8_6'), 0.014740987523450072), (('q8_4', 'q8_5'), 0.007971256729448012))","(('q7_4', 0.001113577403602406), ('q7_5', 0.0010051533038454297), ('q7_6', 0.0006260161433175315), ('q8_4', 0.0017531451070643134), ('q8_5', 0.0009402754472176422), ('q8_6', 0.0012288377208806156), ('q9_4', 0.005638308142806359), ('q9_5', 0.0009658979923095057), ('q9_6', 0.0014652389607309746))","(('q7_4', 6.08599999999955), ('q7_5', 5.689999999999594), ('q7_6', 5.8539999999995755), ('q8_4', 5.81199999999958), ('q8_5', 5.729999999999589), ('q8_6', 5.925999999999568), ('q9_4', 5.741999999999588), ('q9_5', 5.967999999999563), ('q9_6', 5.911999999999569))","((('q9_5', 'q9_6'), 5.865999999999574), (('q9_4', 'q9_5'), 5.729999999999589), (('q8_5', 'q9_5'), 5.677999999999595), (('q7_5', 'q8_5'), 5.805999999999581), (('q7_5', 'q7_6'), 5.613999999999602), (('q8_6', 'q9_6'), 6.009999999999558), (('q7_4', 'q7_5'), 5.683999999999594), (('q8_4', 'q9_4'), 5.765999999999585), (('q7_4', 'q8_4'), 5.6819999999995945), (('q8_5', 'q8_6'), 5.771999999999585), (('q7_6', 'q8_6'), 6.025999999999557), (('q8_4', 'q8_5'), 5.8179999999995795))",0
Baseline,9,,"((('q9_5', 'q9_6'), 0.01836075166268114), (('q9_6', 'q10_6'), 0.008055894085461979), (('q10_5', 'q10_6'), 0.00822108080311082), (('q9_4', 'q9_5'), 0.04842995195848934), (('q10_4', 'q10_5'), 0.006990591316958145), (('q8_5', 'q9_5'), 0.006605919423312956), (('q9_5', 'q10_5'), 0.07495766511054636), (('q8_6', 'q9_6'), 0.007872580236347682), (('q8_5', 'q8_6'), 0.05149362531795093), (('q9_4', 'q10_4'), 0.012069580469885488), (('q8_4', 'q9_4'), 0.01433608427650973), (('q8_4', 'q8_5'), 0.005013295050340344))","(('q8_4', 0.0007697759653206848), ('q8_5', 0.0006889741875900635), ('q8_6', 0.0008099563167839885), ('q9_4', 0.0011770696713768736), ('q9_5', 0.0007746849048131943), ('q9_6', 0.0007049587432387261), ('q10_4', 0.0004685389810822338), ('q10_5', 0.0011597252293786275), ('q10_6', 0.0006072191109555147))","(('q8_4', 5.733999999999589), ('q8_5', 6.08599999999955), ('q8_6', 5.983999999999561), ('q9_4', 5.929999999999567), ('q9_5', 5.90399999999957), ('q9_6', 5.90399999999957), ('q10_4', 5.81399999999958), ('q10_5', 5.941999999999566), ('q10_6', 5.733999999999589))","((('q9_5', 'q9_6'), 5.7639999999995855), (('q9_6', 'q10_6'), 5.621999999999601), (('q10_5', 'q10_6'), 5.685999999999594), (('q9_4', 'q9_5'), 5.621999999999601), (('q10_4', 'q10_5'), 5.72599999999959), (('q8_5', 'q9_5'), 5.793999999999582), (('q9_5', 'q10_5'), 5.661999999999597), (('q8_6', 'q9_6'), 5.615999999999602), (('q8_5', 'q8_6'), 5.705999999999592), (('q9_4', 'q10_4'), 5.857999999999575), (('q8_4', 'q9_4'), 5.839999999999577), (('q8_4', 'q8_5'), 5.863999999999574))",0
Baseline,9,,"((('q6_2', 'q7_2'), 0.0050980413255886925), (('q7_2', 'q7_3'), 0.008967431710241697), (('q6_2', 'q6_3'), 0.005508698132582257), (('q7_2', 'q8_2'), 0.018778261971350046), (('q7_3', 'q8_3'), 0.007777278022417844), (('q6_3', 'q7_3'), 0.007070883004702877), (('q6_3', 'q6_4'), 0.008800388764575728), (('q8_2', 'q8_3'), 0.10216575804195954), (('q7_3', 'q7_4'), 0.009869207224231513), (('q8_3', 'q8_4'), 0.020099259752276333), (('q6_4', 'q7_4'), 0.012083799553219171), (('q7_4', 'q8_4'), 0.006481336650059455))","(('q6_2', 0.0007001945111708152), ('q6_3', 0.0008353590863309224), ('q6_4', 0.0005849691503496124), ('q7_2', 0.001412484679119641), ('q7_3', 0.0007866722879859012), ('q7_4', 0.0005205735342458384), ('q8_2', 0.0017025397600773928), ('q8_3', 0.0006491895739136888), ('q8_4', 0.0006884821200282554))","(('q6_2', 5.727999999999589), ('q6_3', 6.149999999999543), ('q6_4', 5.821999999999579), ('q7_2', 5.887999999999572), ('q7_3', 6.129999999999545), ('q7_4', 5.6819999999995945), ('q8_2', 6.067999999999552), ('q8_3', 5.845999999999576), ('q8_4', 5.7819999999995835))","((('q6_2', 'q7_2'), 5.683999999999594), (('q7_2', 'q7_3'), 5.789999999999583), (('q6_2', 'q6_3'), 5.803999999999581), (('q7_2', 'q8_2'), 5.647999999999598), (('q7_3', 'q8_3'), 5.869999999999574), (('q6_3', 'q7_3'), 5.741999999999588), (('q6_3', 'q6_4'), 5.5999999999996035), (('q8_2', 'q8_3'), 5.71999999999959), (('q7_3', 'q7_4'), 5.8819999999995725), (('q8_3', 'q8_4'), 5.71999999999959), (('q6_4', 'q7_4'), 5.99599999999956), (('q7_4', 'q8_4'), 5.779999999999584))",0
Baseline,9,,"((('q6_6', 'q7_6'), 0.009430864202571332), (('q7_7', 'q8_7'), 0.005786632942168246), (('q6_8', 'q7_8'), 0.010735348257424865), (('q6_7', 'q7_7'), 0.0046237502008859566), (('q7_8', 'q8_8'), 0.004520943295829), (('q7_6', 'q7_7'), 0.0053704692696578404), (('q8_6', 'q8_7'), 0.006471414037479861), (('q7_7', 'q7_8'), 0.013031733535290246), (('q6_7', 'q6_8'), 0.006437863240905145), (('q7_6', 'q8_6'), 0.02357296228514988), (('q8_7', 'q8_8'), 0.004699905165736873), (('q6_6', 'q6_7'), 0.011277444158494021))","(('q6_6', 0.0007121490126398289), ('q6_7', 0.0006401219248288181), ('q6_8', 0.0006729760890964998), ('q7_6', 0.0023141150027704005), ('q7_7', 0.000543650315553923), ('q7_8', 0.0006253533552922352), ('q8_6', 0.000696755424462181), ('q8_7', 0.0006036586446689918), ('q8_8', 0.0006678169769031017))","(('q6_6', 5.985999999999561), ('q6_7', 6.165999999999541), ('q6_8', 6.101999999999548), ('q7_6', 5.931999999999567), ('q7_7', 5.785999999999583), ('q7_8', 6.259999999999531), ('q8_6', 5.797999999999582), ('q8_7', 5.7359999999995885), ('q8_8', 6.011999999999558))","((('q6_6', 'q7_6'), 5.583999999999605), (('q7_7', 'q8_7'), 5.759999999999586), (('q6_8', 'q7_8'), 5.729999999999589), (('q6_7', 'q7_7'), 6.019999999999557), (('q7_8', 'q8_8'), 6.137999999999544), (('q7_6', 'q7_7'), 5.821999999999579), (('q8_6', 'q8_7'), 6.021999999999557), (('q7_7', 'q7_8'), 5.6819999999995945), (('q6_7', 'q6_8'), 5.943999999999566), (('q7_6', 'q8_6'), 5.827999999999578), (('q8_7', 'q8_8'), 5.753999999999587), (('q6_6', 'q6_7'), 5.6299999999996))",0
Baseline,9,,"((('q4_2', 'q4_3'), 0.006790451516743179), (('q6_1', 'q6_2'), 0.006890693987268326), (('q4_3', 'q5_3'), 0.005152707976225024), (('q6_2', 'q6_3'), 0.005724965951387023), (('q5_2', 'q6_2'), 0.009957715464403105), (('q4_1', 'q4_2'), 0.007524034108313787), (('q4_1', 'q5_1'), 0.0068304997111420795), (('q5_1', 'q5_2'), 0.00526622002634497), (('q5_2', 'q5_3'), 0.006759406976621335), (('q4_2', 'q5_2'), 0.009687173019993278), (('q5_3', 'q6_3'), 0.020541343149602875), (('q5_1', 'q6_1'), 0.034098785128726494))","(('q4_1', 0.000651241762269994), ('q4_2', 0.0013380453959588867), ('q4_3', 0.0014358367534531569), ('q5_1', 0.0010227121893175983), ('q5_2', 0.0007952143114350885), ('q5_3', 0.002055178975672256), ('q6_1', 0.0006649267863804709), ('q6_2', 0.0007808707633386036), ('q6_3', 0.002252407314186744))","(('q4_1', 5.587999999999605), ('q4_2', 6.065999999999552), ('q4_3', 5.787999999999583), ('q5_1', 5.797999999999582), ('q5_2', 5.883999999999572), ('q5_3', 5.591999999999604), ('q6_1', 5.6999999999995925), ('q6_2', 6.069999999999552), ('q6_3', 5.859999999999575))","((('q4_2', 'q4_3'), 5.801999999999581), (('q6_1', 'q6_2'), 5.747999999999587), (('q4_3', 'q5_3'), 5.81599999999958), (('q6_2', 'q6_3'), 5.857999999999575), (('q5_2', 'q6_2'), 5.615999999999602), (('q4_1', 'q4_2'), 5.959999999999564), (('q4_1', 'q5_1'), 5.6319999999996), (('q5_1', 'q5_2'), 5.667999999999596), (('q5_2', 'q5_3'), 5.72199999999959), (('q4_2', 'q5_2'), 5.659999999999597), (('q5_3', 'q6_3'), 5.949999999999565), (('q5_1', 'q6_1'), 5.609999999999602))",0
Baseline,9,,"((('q6_6', 'q7_6'), 0.01053215427093901), (('q7_5', 'q8_5'), 0.005118807789825153), (('q6_7', 'q7_7'), 0.004904096905708227), (('q6_5', 'q7_5'), 0.005363640239925721), (('q7_6', 'q7_7'), 0.006889208441235389), (('q7_5', 'q7_6'), 0.02203961523500081), (('q7_6', 'q8_6'), 0.009257399596121985), (('q8_5', 'q8_6'), 0.006988609600828366), (('q8_6', 'q8_7'), 0.005342342587048687), (('q7_7', 'q8_7'), 0.005571390989467545), (('q6_5', 'q6_6'), 0.008940828494789554), (('q6_6', 'q6_7'), 0.005398723656068444))","(('q6_5', 0.0006411165594030765), ('q6_6', 0.000773665518820077), ('q6_7', 0.0006595284740799623), ('q7_5', 0.0015356800385509795), ('q7_6', 0.0008520502308736466), ('q7_7', 0.0006847039801730626), ('q8_5', 0.0007765821785205573), ('q8_6', 0.0014204603586104314), ('q8_7', 0.00045058233564404526))","(('q6_5', 6.131999999999545), ('q6_6', 5.791999999999582), ('q6_7', 5.983999999999561), ('q7_5', 5.845999999999576), ('q7_6', 5.969999999999563), ('q7_7', 5.99599999999956), ('q8_5', 5.7819999999995835), ('q8_6', 6.105999999999548), ('q8_7', 5.789999999999583))","((('q6_6', 'q7_6'), 5.7639999999995855), (('q7_5', 'q8_5'), 5.865999999999574), (('q6_7', 'q7_7'), 5.823999999999579), (('q6_5', 'q7_5'), 6.027999999999556), (('q7_6', 'q7_7'), 5.713999999999591), (('q7_5', 'q7_6'), 5.915999999999569), (('q7_6', 'q8_6'), 5.651999999999598), (('q8_5', 'q8_6'), 5.843999999999577), (('q8_6', 'q8_7'), 5.765999999999585), (('q7_7', 'q8_7'), 5.959999999999564), (('q6_5', 'q6_6'), 5.783999999999583), (('q6_6', 'q6_7'), 5.90399999999957))",0
Baseline,9,,"((('q4_2', 'q4_3'), 0.005342696799232188), (('q4_3', 'q5_3'), 0.00623259931717976), (('q4_2', 'q5_2'), 0.007245482364991285), (('q3_2', 'q3_3'), 0.006610293256634314), (('q3_3', 'q4_3'), 0.004280734867563696), (('q5_3', 'q5_4'), 0.007394854553089469), (('q5_2', 'q5_3'), 0.006861724369010891), (('q3_3', 'q3_4'), 0.007830322957550373), (('q4_3', 'q4_4'), 0.01886377561212335), (('q3_2', 'q4_2'), 0.005487740777196659), (('q3_4', 'q4_4'), 0.09123927986891361), (('q4_4', 'q5_4'), 0.007033174071224113))","(('q3_2', 0.0005880659074083416), ('q3_3', 0.000457391674176133), ('q3_4', 0.0004319117299162456), ('q4_2', 0.0016324151804637532), ('q4_3', 0.0006293270999219724), ('q4_4', 0.0016099568408533549), ('q5_2', 0.0006080147600084351), ('q5_3', 0.001667570683398456), ('q5_4', 0.0009584051619463962))","(('q3_2', 5.743999999999588), ('q3_3', 5.933999999999567), ('q3_4', 6.013999999999558), ('q4_2', 5.7639999999995855), ('q4_3', 5.647999999999598), ('q4_4', 5.805999999999581), ('q5_2', 5.793999999999582), ('q5_3', 6.027999999999556), ('q5_4', 5.803999999999581))","((('q4_2', 'q4_3'), 5.7999999999995815), (('q4_3', 'q5_3'), 5.571999999999607), (('q4_2', 'q5_2'), 5.611999999999602), (('q3_2', 'q3_3'), 5.5639999999996075), (('q3_3', 'q4_3'), 5.733999999999589), (('q5_3', 'q5_4'), 5.691999999999593), (('q5_2', 'q5_3'), 5.583999999999605), (('q3_3', 'q3_4'), 5.619999999999601), (('q4_3', 'q4_4'), 5.613999999999602), (('q3_2', 'q4_2'), 5.689999999999594), (('q3_4', 'q4_4'), 5.919999999999568), (('q4_4', 'q5_4'), 5.7999999999995815))",0
Baseline,9,,"((('q4_2', 'q4_3'), 0.0037135681123593167), (('q4_3', 'q5_3'), 0.0050181641520173625), (('q6_2', 'q6_3'), 0.006546585630479745), (('q5_2', 'q6_2'), 0.006950501745540849), (('q6_3', 'q6_4'), 0.006099852049097632), (('q5_3', 'q5_4'), 0.004206584328321439), (('q5_2', 'q5_3'), 0.005801602565167929), (('q4_3', 'q4_4'), 0.004168954115725487), (('q4_2', 'q5_2'), 0.007471913496293225), (('q5_3', 'q6_3'), 0.006907972670440243), (('q5_4', 'q6_4'), 0.005174858722251097), (('q4_4', 'q5_4'), 0.005401203095509038))","(('q4_2', 0.0005353288882882223), ('q4_3', 0.0007572495944571656), ('q4_4', 0.001027547425088593), ('q5_2', 0.0008248854376222692), ('q5_3', 0.0005715317080566829), ('q5_4', 0.000472838446790802), ('q6_2', 0.0007005998268028724), ('q6_3', 0.002234371370764099), ('q6_4', 0.0010966866062956937))","(('q4_2', 6.065999999999552), ('q4_3', 5.819999999999579), ('q4_4', 6.08199999999955), ('q5_2', 5.849999999999576), ('q5_3', 5.639999999999599), ('q5_4', 5.871999999999574), ('q6_2', 5.767999999999585), ('q6_3', 5.795999999999582), ('q6_4', 5.691999999999593))","((('q4_2', 'q4_3'), 6.0179999999995575), (('q4_3', 'q5_3'), 5.651999999999598), (('q6_2', 'q6_3'), 5.889999999999572), (('q5_2', 'q6_2'), 5.653999999999598), (('q6_3', 'q6_4'), 5.705999999999592), (('q5_3', 'q5_4'), 5.625999999999601), (('q5_2', 'q5_3'), 5.571999999999607), (('q4_3', 'q4_4'), 5.931999999999567), (('q4_2', 'q5_2'), 5.711999999999591), (('q5_3', 'q6_3'), 5.72599999999959), (('q5_4', 'q6_4'), 5.775999999999584), (('q4_4', 'q5_4'), 5.743999999999588))",0
Baseline,9,,"((('q6_1', 'q6_2'), 0.012470964326727313), (('q6_2', 'q7_2'), 0.006751035828069157), (('q7_2', 'q7_3'), 0.008776571911127462), (('q6_2', 'q6_3'), 0.007672126631724757), (('q5_2', 'q6_2'), 0.006981125178212949), (('q5_1', 'q5_2'), 0.007085607851743059), (('q6_3', 'q7_3'), 0.004279966429949572), (('q7_1', 'q7_2'), 0.008086109858585794), (('q5_2', 'q5_3'), 0.012898517898555839), (('q5_3', 'q6_3'), 0.00743093701564479), (('q5_1', 'q6_1'), 0.006688400395134381), (('q6_1', 'q7_1'), 0.021194506415163794))","(('q5_1', 0.0023054992194777024), ('q5_2', 0.0005745840448609374), ('q5_3', 0.0006190467397161337), ('q6_1', 0.0017309666425547876), ('q6_2', 0.001642113176254567), ('q6_3', 0.0007703238730473738), ('q7_1', 0.0005655125030802344), ('q7_2', 0.0008519207064421885), ('q7_3', 0.0009840609552289048))","(('q5_1', 5.72399999999959), ('q5_2', 5.587999999999605), ('q5_3', 5.72399999999959), ('q6_1', 5.983999999999561), ('q6_2', 5.715999999999591), ('q6_3', 6.17799999999954), ('q7_1', 6.027999999999556), ('q7_2', 5.649999999999598), ('q7_3', 5.933999999999567))","((('q6_1', 'q6_2'), 5.879999999999573), (('q6_2', 'q7_2'), 5.6299999999996), (('q7_2', 'q7_3'), 5.919999999999568), (('q6_2', 'q6_3'), 5.727999999999589), (('q5_2', 'q6_2'), 5.885999999999572), (('q5_1', 'q5_2'), 5.657999999999597), (('q6_3', 'q7_3'), 5.955999999999564), (('q7_1', 'q7_2'), 5.6319999999996), (('q5_2', 'q5_3'), 5.861999999999575), (('q5_3', 'q6_3'), 5.691999999999593), (('q5_1', 'q6_1'), 5.713999999999591), (('q6_1', 'q7_1'), 5.6639999999995965))",0
Baseline,9,,"((('q6_6', 'q7_6'), None), (('q6_7', 'q6_8'), 0.013499413791524417), (('q6_8', 'q7_8'), None), (('q5_8', 'q6_8'), 0.013229390280968645), (('q5_7', 'q5_8'), 0.017231331135527023), (('q5_6', 'q5_7'), 0.004437546269202647), (('q6_7', 'q7_7'), 0.12436385947499312), (('q7_6', 'q7_7'), 0.010009167783450956), (('q7_7', 'q7_8'), 0.00374064060548826), (('q5_6', 'q6_6'), 0.007805660956703708), (('q6_6', 'q6_7'), 0.033540914192102506), (('q5_7', 'q6_7'), None))","(('q5_6', 0.0007123812607913171), ('q5_7', 0.0007815360201425259), ('q5_8', 0.01485246643174809), ('q6_6', 0.030194953881232722), ('q6_7', 0.05040134792356665), ('q6_8', 0.012792130857383732), ('q7_6', 0.0013914772243662776), ('q7_7', 0.0010433714263325955), ('q7_8', 0.0006859156000700861))","(('q5_6', 5.797999999999582), ('q5_7', 6.0359999999995555), ('q5_8', 5.733999999999589), ('q6_6', 6.1899999999995385), ('q6_7', 6.195999999999538), ('q6_8', 5.99599999999956), ('q7_6', 5.99799999999956), ('q7_7', 5.765999999999585), ('q7_8', 5.885999999999572))","((('q6_6', 'q7_6'), 5.621999999999601), (('q6_7', 'q6_8'), 5.677999999999595), (('q6_8', 'q7_8'), 5.601999999999603), (('q5_8', 'q6_8'), 5.7359999999995885), (('q5_7', 'q5_8'), 5.751999999999587), (('q5_6', 'q5_7'), 5.883999999999572), (('q6_7', 'q7_7'), 5.593999999999604), (('q7_6', 'q7_7'), 5.731999999999589), (('q7_7', 'q7_8'), 6.0539999999995535), (('q5_6', 'q6_6'), 5.805999999999581), (('q6_6', 'q6_7'), 6.005999999999559), (('q5_7', 'q6_7'), 5.985999999999561))",3
Baseline,9,,"((('q9_5', 'q9_6'), 0.005919398961182598), (('q8_7', 'q9_7'), 0.0046004629343293635), (('q8_5', 'q9_5'), 0.00471752796266911), (('q9_6', 'q9_7'), 0.008478963452871219), (('q7_5', 'q8_5'), 0.007034337115721823), (('q7_6', 'q7_7'), 0.013628581879344376), (('q7_5', 'q7_6'), 0.017429774356330363), (('q8_6', 'q8_7'), 0.01976287515365896), (('q8_5', 'q8_6'), 0.015507573042798983), (('q8_6', 'q9_6'), 0.015945688846719208), (('q7_7', 'q8_7'), 0.005331974633873943), (('q7_6', 'q8_6'), 0.012296574736312293))","(('q7_5', 0.0008095294474147474), ('q7_6', 0.0011896328271888135), ('q7_7', 0.0007825745037337017), ('q8_5', 0.0010537221789804208), ('q8_6', 0.0005772808768497173), ('q8_7', 0.0003240206851876648), ('q9_5', 0.0005097181579934995), ('q9_6', 0.0006615051273867745), ('q9_7', 0.0006347212212027276))","(('q7_5', 6.127999999999545), ('q7_6', 6.107999999999548), ('q7_7', 5.7359999999995885), ('q8_5', 5.849999999999576), ('q8_6', 6.3359999999995225), ('q8_7', 5.959999999999564), ('q9_5', 5.81399999999958), ('q9_6', 5.879999999999573), ('q9_7', 5.831999999999578))","((('q9_5', 'q9_6'), 5.847999999999576), (('q8_7', 'q9_7'), 5.753999999999587), (('q8_5', 'q9_5'), 5.707999999999592), (('q9_6', 'q9_7'), 5.739999999999588), (('q7_5', 'q8_5'), 5.583999999999605), (('q7_6', 'q7_7'), 5.865999999999574), (('q7_5', 'q7_6'), 5.651999999999598), (('q8_6', 'q8_7'), 5.695999999999593), (('q8_5', 'q8_6'), 5.90599999999957), (('q8_6', 'q9_6'), 5.675999999999595), (('q7_7', 'q8_7'), 5.595999999999604), (('q7_6', 'q8_6'), 6.139999999999544))",0
Baseline,9,,"((('q6_6', 'q7_6'), 0.00374064060548826), (('q5_5', 'q5_6'), 0.007732597652435086), (('q5_6', 'q5_7'), 0.014835247722085276), (('q6_7', 'q7_7'), 0.014472694137373981), (('q6_5', 'q7_5'), 0.012704910269617509), (('q7_6', 'q7_7'), 0.21410203122845942), (('q5_5', 'q6_5'), 0.009697261150767356), (('q7_5', 'q7_6'), 0.029407920635757617), (('q5_6', 'q6_6'), 0.010103503018587257), (('q6_5', 'q6_6'), 0.011468425594384574), (('q6_6', 'q6_7'), 0.00858017502723396), (('q5_7', 'q6_7'), 0.006339392901975133))","(('q5_5', 0.0026440097177903854), ('q5_6', 0.0012735810468666453), ('q5_7', 0.0007478295472274077), ('q6_5', 0.0006639174425661087), ('q6_6', 0.0011743452143997968), ('q6_7', 0.0012678734351753151), ('q7_5', 0.0006787336552093182), ('q7_6', 0.0018485329414368867), ('q7_7', 0.011090606162438177))","(('q5_5', 6.023999999999557), ('q5_6', 6.111999999999547), ('q5_7', 5.755999999999586), ('q6_5', 5.9539999999995645), ('q6_6', 6.003999999999559), ('q6_7', 5.839999999999577), ('q7_5', 5.833999999999578), ('q7_6', 5.843999999999577), ('q7_7', 5.927999999999567))","((('q6_6', 'q7_6'), 5.72399999999959), (('q5_5', 'q5_6'), 5.677999999999595), (('q5_6', 'q5_7'), 5.609999999999602), (('q6_7', 'q7_7'), 5.71999999999959), (('q6_5', 'q7_5'), 5.695999999999593), (('q7_6', 'q7_7'), 5.875999999999573), (('q5_5', 'q6_5'), 5.595999999999604), (('q7_5', 'q7_6'), 6.007999999999559), (('q5_6', 'q6_6'), 5.623999999999601), (('q6_5', 'q6_6'), 5.697999999999593), (('q6_6', 'q6_7'), 5.879999999999573), (('q5_7', 'q6_7'), 5.989999999999561))",0
Baseline,9,,"((('q7_3', 'q8_3'), 0.00907074284946166), (('q8_3', 'q8_4'), 0.02811966662549653), (('q6_3', 'q7_3'), 0.0070751348282421245), (('q6_3', 'q6_4'), 0.008873903351492102), (('q7_5', 'q8_5'), 0.006085427238423202), (('q7_3', 'q7_4'), 0.005284919446735925), (('q6_5', 'q7_5'), 0.003028831037288071), (('q6_4', 'q7_4'), 0.007603709655900126), (('q6_4', 'q6_5'), 0.008136155896814101), (('q7_4', 'q7_5'), 0.006668124371272399), (('q7_4', 'q8_4'), 0.007565135388853478), (('q8_4', 'q8_5'), 0.006894478644981217))","(('q6_3', 0.0007763062874613924), ('q6_4', 0.0015533664136363479), ('q6_5', 0.0005791149118692385), ('q7_3', 0.0015749801947438358), ('q7_4', 0.0006154245059010743), ('q7_5', 0.0006253531201568796), ('q8_3', 0.0005519944334363425), ('q8_4', 0.002284691130142291), ('q8_5', 0.0009179169627044348))","(('q6_3', 5.787999999999583), ('q6_4', 6.215999999999536), ('q6_5', 6.079999999999551), ('q7_3', 5.7819999999995835), ('q7_4', 6.0179999999995575), ('q7_5', 5.845999999999576), ('q8_3', 5.8359999999995775), ('q8_4', 5.775999999999584), ('q8_5', 5.665999999999596))","((('q7_3', 'q8_3'), 5.653999999999598), (('q8_3', 'q8_4'), 5.741999999999588), (('q6_3', 'q7_3'), 5.773999999999584), (('q6_3', 'q6_4'), 5.5999999999996035), (('q7_5', 'q8_5'), 5.865999999999574), (('q7_3', 'q7_4'), 5.8539999999995755), (('q6_5', 'q7_5'), 5.957999999999564), (('q6_4', 'q7_4'), 6.005999999999559), (('q6_4', 'q6_5'), 5.761999999999586), (('q7_4', 'q7_5'), 5.697999999999593), (('q7_4', 'q8_4'), 5.797999999999582), (('q8_4', 'q8_5'), 5.747999999999587))",0
Baseline,9,,"((('q6_6', 'q7_6'), 0.00374064060548826), (('q5_5', 'q5_6'), 0.008187386497949839), (('q6_4', 'q7_4'), 0.005422599750131124), (('q6_5', 'q7_5'), 0.00746262468812392), (('q6_4', 'q6_5'), 0.00746262468812392), (('q5_5', 'q6_5'), 0.0194337326240146), (('q7_5', 'q7_6'), 0.01485099501993356), (('q5_4', 'q5_5'), 0.004873786021987014), (('q7_4', 'q7_5'), 0.2999689902172032), (('q5_6', 'q6_6'), 0.018560601851509817), (('q6_5', 'q6_6'), 0.08570130577207244), (('q5_4', 'q6_4'), 0.013543709073279037))","(('q5_4', 0.00039631532006534353), ('q5_5', 0.0005685506537681517), ('q5_6', 0.000516960575787595), ('q6_4', 0.0017371638276651447), ('q6_5', 0.003064313124267637), ('q6_6', 0.024166643436870527), ('q7_4', 0.0011065116176538492), ('q7_5', 0.012152438003783905), ('q7_6', 0.005870319445659411))","(('q5_4', 6.075999999999551), ('q5_5', 5.7639999999995855), ('q5_6', 6.091999999999549), ('q6_4', 6.023999999999557), ('q6_5', 5.6359999999995996), ('q6_6', 5.6339999999996), ('q7_4', 6.021999999999557), ('q7_5', 5.743999999999588), ('q7_6', 6.029999999999556))","((('q6_6', 'q7_6'), 5.9999999999995595), (('q5_5', 'q5_6'), 5.673999999999595), (('q6_4', 'q7_4'), 5.927999999999567), (('q6_5', 'q7_5'), 5.877999999999573), (('q6_4', 'q6_5'), 5.81399999999958), (('q5_5', 'q6_5'), 5.587999999999605), (('q7_5', 'q7_6'), 5.669999999999596), (('q5_4', 'q5_5'), 5.925999999999568), (('q7_4', 'q7_5'), 5.669999999999596), (('q5_6', 'q6_6'), 5.637999999999599), (('q6_5', 'q6_6'), 5.803999999999581), (('q5_4', 'q6_4'), 5.8539999999995755))",0
Baseline,9,,"((('q6_3', 'q7_3'), 0.007672896122631501), (('q6_3', 'q6_4'), 0.01076117204529703), (('q5_3', 'q5_4'), 0.009977587032571233), (('q7_3', 'q7_4'), 0.007147150871852304), (('q6_4', 'q7_4'), 0.014116134107466316), (('q6_5', 'q7_5'), 0.005765631135306898), (('q6_4', 'q6_5'), 0.011823324054521717), (('q5_5', 'q6_5'), 0.008051966264077504), (('q7_4', 'q7_5'), 0.0150021709518946), (('q5_4', 'q5_5'), 0.007970436130815967), (('q5_3', 'q6_3'), 0.007987159078901102), (('q5_4', 'q6_4'), 0.00903419394449706))","(('q5_3', 0.0007641723357406649), ('q5_4', 0.0005875644260632806), ('q5_5', 0.000675286193507374), ('q6_3', 0.0015619208252231065), ('q6_4', 0.0016570524551543508), ('q6_5', 0.0006845720313450876), ('q7_3', 0.0007560762820269518), ('q7_4', 0.0006733535002690916), ('q7_5', 0.0005111573347982845))","(('q5_3', 5.829999999999578), ('q5_4', 5.771999999999585), ('q5_5', 5.841999999999577), ('q6_3', 5.80999999999958), ('q6_4', 5.81599999999958), ('q6_5', 5.855999999999575), ('q7_3', 6.167999999999541), ('q7_4', 5.621999999999601), ('q7_5', 5.71999999999959))","((('q6_3', 'q7_3'), 6.025999999999557), (('q6_3', 'q6_4'), 5.963999999999563), (('q5_3', 'q5_4'), 5.677999999999595), (('q7_3', 'q7_4'), 5.657999999999597), (('q6_4', 'q7_4'), 6.031999999999556), (('q6_5', 'q7_5'), 5.715999999999591), (('q6_4', 'q6_5'), 5.683999999999594), (('q5_5', 'q6_5'), 5.99399999999956), (('q7_4', 'q7_5'), 5.793999999999582), (('q5_4', 'q5_5'), 5.90599999999957), (('q5_3', 'q6_3'), 5.6459999999995985), (('q5_4', 'q6_4'), 5.691999999999593))",0
Baseline,16,,"((('q7_5', 'q8_5'), 0.012794536012878666), (('q5_6', 'q5_7'), 0.014909882265921104), (('q8_6', 'q8_7'), 0.01012741323377303), (('q8_5', 'q8_6'), 0.00846899251383379), (('q6_4', 'q7_4'), 0.007109052815481631), (('q6_4', 'q6_5'), 0.013393898278277305), (('q5_5', 'q6_5'), 0.012059565809777045), (('q5_4', 'q5_5'), 0.007337119523755348), (('q6_5', 'q6_6'), 0.07292899102029154), (('q6_6', 'q6_7'), 0.08554341897776074), (('q6_6', 'q7_6'), 0.01485099501993356), (('q5_5', 'q5_6'), 0.010555475567840311), (('q6_7', 'q7_7'), 0.04495991511621053), (('q6_5', 'q7_5'), 0.007596090112817644), (('q7_4', 'q7_5'), 0.008652227357135861), (('q5_6', 'q6_6'), 0.036753478866583505), (('q7_4', 'q8_4'), 0.007574008828480472), (('q7_6', 'q8_6'), 0.014579137719572699), (('q7_7', 'q8_7'), 0.00913822812230028), (('q8_4', 'q8_5'), 0.007427893831333826), (('q7_6', 'q7_7'), 0.00840559567634444), (('q7_5', 'q7_6'), 0.016358702929455127), (('q5_4', 'q6_4'), 0.005110924636851172), (('q5_7', 'q6_7'), 0.05585727218427028))","(('q5_4', 0.0005395952956875338), ('q5_5', 0.0016531124652373053), ('q5_6', 0.0015415697909036963), ('q5_7', 0.0009842878807700406), ('q6_4', 0.0007134862711126178), ('q6_5', 0.0008877530012928458), ('q6_6', 0.05457486212539053), ('q6_7', 0.0017296982323812826), ('q7_4', 0.0014426826223705724), ('q7_5', 0.0008113323222057045), ('q7_6', 0.001750195386235942), ('q7_7', 0.0006745286619719293), ('q8_4', 0.0006467602744257284), ('q8_5', 0.0011597619916452473), ('q8_6', 0.000902591241916384), ('q8_7', 0.0007932378227960002))","(('q5_4', 5.931999999999567), ('q5_5', 6.063999999999552), ('q5_6', 5.753999999999587), ('q5_7', 5.977999999999562), ('q6_4', 5.977999999999562), ('q6_5', 6.055999999999553), ('q6_6', 6.069999999999552), ('q6_7', 5.747999999999587), ('q7_4', 6.059999999999553), ('q7_5', 5.925999999999568), ('q7_6', 5.931999999999567), ('q7_7', 6.095999999999549), ('q8_4', 5.821999999999579), ('q8_5', 5.783999999999583), ('q8_6', 6.201999999999537), ('q8_7', 5.72199999999959))","((('q7_5', 'q8_5'), 5.7179999999995905), (('q5_6', 'q5_7'), 5.609999999999602), (('q8_6', 'q8_7'), 5.647999999999598), (('q8_5', 'q8_6'), 6.103999999999548), (('q6_4', 'q7_4'), 5.791999999999582), (('q6_4', 'q6_5'), 5.775999999999584), (('q5_5', 'q6_5'), 5.691999999999593), (('q5_4', 'q5_5'), 5.859999999999575), (('q6_5', 'q6_6'), 5.99199999999956), (('q6_6', 'q6_7'), 5.683999999999594), (('q6_6', 'q7_6'), 6.015999999999558), (('q5_5', 'q5_6'), 5.679999999999595), (('q6_7', 'q7_7'), 5.697999999999593), (('q6_5', 'q7_5'), 5.867999999999574), (('q7_4', 'q7_5'), 5.647999999999598), (('q5_6', 'q6_6'), 5.90399999999957), (('q7_4', 'q8_4'), 5.825999999999579), (('q7_6', 'q8_6'), 5.693999999999593), (('q7_7', 'q8_7'), 5.761999999999586), (('q8_4', 'q8_5'), 5.8359999999995775), (('q7_6', 'q7_7'), 5.845999999999576), (('q7_5', 'q7_6'), 5.591999999999604), (('q5_4', 'q6_4'), 5.783999999999583), (('q5_7', 'q6_7'), 5.72399999999959))",0
Baseline,16,,"((('q7_3', 'q8_3'), 0.01017679121545001), (('q7_5', 'q8_5'), 0.007991226280873315), (('q5_2', 'q6_2'), 0.006716643560139929), (('q6_3', 'q7_3'), 0.008759464529677852), (('q6_3', 'q6_4'), 0.019032414209177173), (('q7_3', 'q7_4'), 0.010198693857009278), (('q6_4', 'q7_4'), 0.012428496996191668), (('q6_4', 'q6_5'), 0.00823084344780689), (('q5_5', 'q6_5'), 0.005190253242853965), (('q5_4', 'q5_5'), 0.005765772643903239), (('q5_3', 'q6_3'), 0.012623822380164212), (('q7_2', 'q7_3'), 0.01606915894670552), (('q6_2', 'q6_3'), 0.014339746093804284), (('q8_2', 'q8_3'), 0.04717378917597009), (('q8_3', 'q8_4'), 0.02486163297646471), (('q5_3', 'q5_4'), 0.004936709814566453), (('q6_5', 'q7_5'), 0.010239642160899787), (('q7_4', 'q7_5'), 0.013293577899372327), (('q7_4', 'q8_4'), 0.007532738370750608), (('q5_2', 'q5_3'), 0.008664345948286106), (('q8_4', 'q8_5'), 0.00957625623022662), (('q6_2', 'q7_2'), 0.009197967269951868), (('q7_2', 'q8_2'), 0.019344458650726842), (('q5_4', 'q6_4'), 0.018087575722465138))","(('q5_2', 0.0004108195586527419), ('q5_3', 0.0006715948433930752), ('q5_4', 0.0006271308722378688), ('q5_5', 0.000635902768644947), ('q6_2', 0.0009364554608660702), ('q6_3', 0.0007561423950919743), ('q6_4', 0.0009011985640687281), ('q6_5', 0.0007485481458885945), ('q7_2', 0.0007451778142955612), ('q7_3', 0.000722223992876192), ('q7_4', 0.0033019783458757), ('q7_5', 0.0030029522032322675), ('q8_2', 0.0007499510912017393), ('q8_3', 0.0010594111055595157), ('q8_4', 0.0013469829874004913), ('q8_5', 0.00042446729229450586))","(('q5_2', 5.701999999999592), ('q5_3', 6.027999999999556), ('q5_4', 5.6459999999995985), ('q5_5', 5.6339999999996), ('q6_2', 6.043999999999555), ('q6_3', 6.091999999999549), ('q6_4', 6.063999999999552), ('q6_5', 5.983999999999561), ('q7_2', 6.011999999999558), ('q7_3', 5.801999999999581), ('q7_4', 5.887999999999572), ('q7_5', 5.6299999999996), ('q8_2', 5.72399999999959), ('q8_3', 5.863999999999574), ('q8_4', 5.831999999999578), ('q8_5', 5.9999999999995595))","((('q7_3', 'q8_3'), 5.6339999999996), (('q7_5', 'q8_5'), 5.655999999999597), (('q5_2', 'q6_2'), 5.7639999999995855), (('q6_3', 'q7_3'), 5.909999999999569), (('q6_3', 'q6_4'), 5.6819999999995945), (('q7_3', 'q7_4'), 5.623999999999601), (('q6_4', 'q7_4'), 5.615999999999602), (('q6_4', 'q6_5'), 5.81199999999958), (('q5_5', 'q6_5'), 5.793999999999582), (('q5_4', 'q5_5'), 5.587999999999605), (('q5_3', 'q6_3'), 5.81199999999958), (('q7_2', 'q7_3'), 5.683999999999594), (('q6_2', 'q6_3'), 5.647999999999598), (('q8_2', 'q8_3'), 5.691999999999593), (('q8_3', 'q8_4'), 5.731999999999589), (('q5_3', 'q5_4'), 5.72199999999959), (('q6_5', 'q7_5'), 5.847999999999576), (('q7_4', 'q7_5'), 5.885999999999572), (('q7_4', 'q8_4'), 5.671999999999596), (('q5_2', 'q5_3'), 5.72199999999959), (('q8_4', 'q8_5'), 5.943999999999566), (('q6_2', 'q7_2'), 5.771999999999585), (('q7_2', 'q8_2'), 5.691999999999593), (('q5_4', 'q6_4'), 5.857999999999575))",0
Baseline,16,,"((('q7_3', 'q8_3'), 0.014059507700136975), (('q7_5', 'q8_5'), 0.013650554111430235), (('q8_5', 'q8_6'), 0.013385652044793), (('q6_3', 'q7_3'), 0.008960970880241614), (('q6_3', 'q6_4'), 0.009538327968648425), (('q7_3', 'q7_4'), 0.013929472404322352), (('q6_4', 'q7_4'), 0.014631139784747338), (('q6_4', 'q6_5'), 0.006944694476649249), (('q5_5', 'q6_5'), 0.17392834446608416), (('q5_4', 'q5_5'), 0.06535166752885688), (('q6_5', 'q6_6'), 0.08804018786038781), (('q5_3', 'q6_3'), 0.008217356104394613), (('q6_6', 'q7_6'), 0.007875100154557363), (('q8_3', 'q8_4'), 0.007380872843027325), (('q5_5', 'q5_6'), 0.029569620903314747), (('q5_3', 'q5_4'), 0.017017592105885992), (('q6_5', 'q7_5'), 0.00621912470698438), (('q7_4', 'q7_5'), 0.04520933906390548), (('q5_6', 'q6_6'), 0.002495837959107544), (('q7_4', 'q8_4'), 0.00746262468812392), (('q7_6', 'q8_6'), 0.006793077425606864), (('q8_4', 'q8_5'), 0.01485099501993356), (('q7_5', 'q7_6'), 0.005405962056147934), (('q5_4', 'q6_4'), 0.07559665662904241))","(('q5_3', 0.000798462620014706), ('q5_4', 0.004233684479748978), ('q5_5', 0.005076095939287928), ('q5_6', 0.01899912295713807), ('q6_3', 0.0008990353635538462), ('q6_4', 0.0009650881481403362), ('q6_5', 0.0010757587061039353), ('q6_6', 0.02334649380661058), ('q7_3', 0.001668457812290025), ('q7_4', 0.0027524417938948886), ('q7_5', 0.0014366936820054965), ('q7_6', 0.0008843911527663395), ('q8_3', 0.0008011978154496835), ('q8_4', 0.0034098718554883), ('q8_5', 0.0009255848931489785), ('q8_6', 0.0020695388145603455))","(('q5_3', 5.695999999999593), ('q5_4', 6.093999999999549), ('q5_5', 5.769999999999585), ('q5_6', 5.945999999999565), ('q6_3', 6.095999999999549), ('q6_4', 5.72199999999959), ('q6_5', 5.737999999999588), ('q6_6', 5.683999999999594), ('q7_3', 6.059999999999553), ('q7_4', 5.873999999999573), ('q7_5', 5.947999999999565), ('q7_6', 5.891999999999571), ('q8_3', 5.831999999999578), ('q8_4', 5.865999999999574), ('q8_5', 5.895999999999571), ('q8_6', 5.959999999999564))","((('q7_3', 'q8_3'), 5.775999999999584), (('q7_5', 'q8_5'), 5.689999999999594), (('q8_5', 'q8_6'), 5.671999999999596), (('q6_3', 'q7_3'), 5.677999999999595), (('q6_3', 'q6_4'), 5.987999999999561), (('q7_3', 'q7_4'), 5.8359999999995775), (('q6_4', 'q7_4'), 5.593999999999604), (('q6_4', 'q6_5'), 5.7819999999995835), (('q5_5', 'q6_5'), 5.913999999999569), (('q5_4', 'q5_5'), 5.90599999999957), (('q6_5', 'q6_6'), 6.105999999999548), (('q5_3', 'q6_3'), 5.667999999999596), (('q6_6', 'q7_6'), 5.659999999999597), (('q8_3', 'q8_4'), 5.8359999999995775), (('q5_5', 'q5_6'), 5.715999999999591), (('q5_3', 'q5_4'), 5.671999999999596), (('q6_5', 'q7_5'), 5.747999999999587), (('q7_4', 'q7_5'), 5.711999999999591), (('q5_6', 'q6_6'), 5.929999999999567), (('q7_4', 'q8_4'), 5.841999999999577), (('q7_6', 'q8_6'), 5.8359999999995775), (('q8_4', 'q8_5'), 5.767999999999585), (('q7_5', 'q7_6'), 5.923999999999568), (('q5_4', 'q6_4'), 5.9359999999995665))",0
Baseline,16,,"((('q5_8', 'q6_8'), 0.2095545328413943), (('q7_5', 'q8_5'), 0.03737957609262363), (('q5_6', 'q5_7'), 0.010524069425980997), (('q8_6', 'q8_7'), 0.01485099501993356), (('q8_5', 'q8_6'), 0.01485099501993356), (('q7_8', 'q8_8'), 0.009373162569103366), (('q5_5', 'q6_5'), 0.014146393700970372), (('q6_7', 'q6_8'), 0.014393990104228788), (('q6_5', 'q6_6'), 0.051219057546743885), (('q6_6', 'q6_7'), 0.07163612223294241), (('q6_6', 'q7_6'), 0.040516246512007914), (('q6_8', 'q7_8'), 0.007491270784785842), (('q5_5', 'q5_6'), 0.00989194927630438), (('q5_7', 'q5_8'), 0.2773822890974603), (('q6_7', 'q7_7'), 0.03669221603328485), (('q6_5', 'q7_5'), 0.29138687633712934), (('q5_6', 'q6_6'), 0.00746262468812392), (('q7_7', 'q8_7'), 0.00746262468812392), (('q7_6', 'q8_6'), 0.002495837959107544), (('q7_6', 'q7_7'), 0.00686684480222749), (('q7_5', 'q7_6'), 0.02599564433929935), (('q7_7', 'q7_8'), 0.002495837959107544), (('q8_7', 'q8_8'), 0.005568875913117277), (('q5_7', 'q6_7'), 0.007272050763118487))","(('q5_5', 0.0008663257700799454), ('q5_6', 0.0007424840833804014), ('q5_7', 0.0010313211880746964), ('q5_8', 0.0020622409965448396), ('q6_5', 0.0009461237834239578), ('q6_6', 0.037235496076365227), ('q6_7', 0.0007549407864535507), ('q6_8', 0.0010836390981909805), ('q7_5', 0.0063824532490949215), ('q7_6', 0.0008087262613625246), ('q7_7', 0.003224583445533613), ('q7_8', 0.0007302012325837159), ('q8_5', 0.001675254552043759), ('q8_6', 0.007891341508837746), ('q8_7', 0.0007050867958388607), ('q8_8', 0.001956456285507502))","(('q5_5', 5.797999999999582), ('q5_6', 6.115999999999547), ('q5_7', 5.967999999999563), ('q5_8', 5.769999999999585), ('q6_5', 5.855999999999575), ('q6_6', 5.785999999999583), ('q6_7', 5.731999999999589), ('q6_8', 5.985999999999561), ('q7_5', 5.893999999999571), ('q7_6', 6.17599999999954), ('q7_7', 5.743999999999588), ('q7_8', 5.787999999999583), ('q8_5', 5.797999999999582), ('q8_6', 5.779999999999584), ('q8_7', 5.795999999999582), ('q8_8', 6.021999999999557))","((('q5_8', 'q6_8'), 5.771999999999585), (('q7_5', 'q8_5'), 5.739999999999588), (('q5_6', 'q5_7'), 5.689999999999594), (('q8_6', 'q8_7'), 5.819999999999579), (('q8_5', 'q8_6'), 5.6999999999995925), (('q7_8', 'q8_8'), 6.0539999999995535), (('q5_5', 'q6_5'), 5.759999999999586), (('q6_7', 'q6_8'), 5.691999999999593), (('q6_5', 'q6_6'), 5.897999999999571), (('q6_6', 'q6_7'), 5.945999999999565), (('q6_6', 'q7_6'), 5.779999999999584), (('q6_8', 'q7_8'), 5.693999999999593), (('q5_5', 'q5_6'), 5.601999999999603), (('q5_7', 'q5_8'), 5.821999999999579), (('q6_7', 'q7_7'), 5.613999999999602), (('q6_5', 'q7_5'), 5.951999999999565), (('q5_6', 'q6_6'), 5.8179999999995795), (('q7_7', 'q8_7'), 5.807999999999581), (('q7_6', 'q8_6'), 5.827999999999578), (('q7_6', 'q7_7'), 5.963999999999563), (('q7_5', 'q7_6'), 5.939999999999566), (('q7_7', 'q7_8'), 6.111999999999547), (('q8_7', 'q8_8'), 5.8819999999995725), (('q5_7', 'q6_7'), 5.775999999999584))",0
Baseline,16,,"((('q4_1', 'q5_1'), 0.006645214486216688), (('q4_2', 'q5_2'), 0.00922232155657085), (('q4_3', 'q5_3'), 0.005743238603371614), (('q5_2', 'q6_2'), 0.029407920635757617), (('q5_1', 'q5_2'), 0.01341869391682679), (('q6_3', 'q6_4'), 0.01485099501993356), (('q6_3', 'q7_3'), 0.017287327729749363), (('q7_3', 'q7_4'), 0.009704049701020123), (('q6_4', 'q7_4'), 0.012931898162098443), (('q4_3', 'q4_4'), 0.011028219001609801), (('q5_3', 'q6_3'), 0.01485099501993356), (('q5_1', 'q6_1'), 0.004681679118545057), (('q6_1', 'q7_1'), 0.00864662697647331), (('q4_4', 'q5_4'), 0.01982300436197898), (('q7_2', 'q7_3'), 0.00746262468812392), (('q6_2', 'q6_3'), 0.00374064060548826), (('q5_3', 'q5_4'), 0.008937165793840518), (('q7_1', 'q7_2'), 0.00746262468812392), (('q5_2', 'q5_3'), 0.007051225341659445), (('q4_2', 'q4_3'), 0.010229168767890928), (('q6_1', 'q6_2'), 0.13595193519151363), (('q6_2', 'q7_2'), 0.02574535798184413), (('q4_1', 'q4_2'), 0.006912253341842672), (('q5_4', 'q6_4'), 0.005952863155098853))","(('q4_1', 0.0006762452844591982), ('q4_2', 0.0006638773016276467), ('q4_3', 0.0018414615627972974), ('q4_4', 0.0011910989513013726), ('q5_1', 0.0008026264640629832), ('q5_2', 0.001240912980067732), ('q5_3', 0.0006910037317546802), ('q5_4', 0.00168993827561148), ('q6_1', 0.0006175294561746592), ('q6_2', 0.015138276533984252), ('q6_3', 0.010063804605973226), ('q6_4', 0.0004999954556593744), ('q7_1', 0.006183948122411409), ('q7_2', 0.007535927088240579), ('q7_3', 0.0026912324304309565), ('q7_4', 0.00203851224205287))","(('q4_1', 5.661999999999597), ('q4_2', 6.205999999999537), ('q4_3', 5.737999999999588), ('q4_4', 5.667999999999596), ('q5_1', 5.751999999999587), ('q5_2', 5.883999999999572), ('q5_3', 5.655999999999597), ('q5_4', 5.745999999999587), ('q6_1', 5.845999999999576), ('q6_2', 5.9359999999995665), ('q6_3', 5.6319999999996), ('q6_4', 6.057999999999553), ('q7_1', 5.925999999999568), ('q7_2', 5.6639999999995965), ('q7_3', 5.99799999999956), ('q7_4', 5.6299999999996))","((('q4_1', 'q5_1'), 5.611999999999602), (('q4_2', 'q5_2'), 5.861999999999575), (('q4_3', 'q5_3'), 5.6319999999996), (('q5_2', 'q6_2'), 5.669999999999596), (('q5_1', 'q5_2'), 5.657999999999597), (('q6_3', 'q6_4'), 5.715999999999591), (('q6_3', 'q7_3'), 5.81599999999958), (('q7_3', 'q7_4'), 5.911999999999569), (('q6_4', 'q7_4'), 5.639999999999599), (('q4_3', 'q4_4'), 5.675999999999595), (('q5_3', 'q6_3'), 5.679999999999595), (('q5_1', 'q6_1'), 5.753999999999587), (('q6_1', 'q7_1'), 5.805999999999581), (('q4_4', 'q5_4'), 5.555999999999608), (('q7_2', 'q7_3'), 6.025999999999557), (('q6_2', 'q6_3'), 5.667999999999596), (('q5_3', 'q5_4'), 5.979999999999562), (('q7_1', 'q7_2'), 5.80999999999958), (('q5_2', 'q5_3'), 5.72599999999959), (('q4_2', 'q4_3'), 5.6279999999996), (('q6_1', 'q6_2'), 5.887999999999572), (('q6_2', 'q7_2'), 5.893999999999571), (('q4_1', 'q4_2'), 5.637999999999599), (('q5_4', 'q6_4'), 6.057999999999553))",0
Baseline,16,,"((('q9_5', 'q9_6'), 0.01864087984949872), (('q8_5', 'q9_5'), 0.013331675043433022), (('q7_5', 'q8_5'), 0.007188433788881177), (('q8_6', 'q8_7'), 0.03921491482054229), (('q8_5', 'q8_6'), 0.01729987019794299), (('q8_7', 'q9_7'), 0.015692827421939448), (('q9_6', 'q9_7'), 0.008640821941926835), (('q6_4', 'q7_4'), 0.011106257880591996), (('q6_4', 'q6_5'), 0.008359079403393782), (('q8_4', 'q9_4'), 0.10057346355507146), (('q6_5', 'q6_6'), 0.024705574477406955), (('q6_6', 'q6_7'), 0.0276350192867916), (('q6_6', 'q7_6'), 0.00984604749989329), (('q6_7', 'q7_7'), 0.010200923028531983), (('q6_5', 'q7_5'), 0.007012000785631217), (('q8_6', 'q9_6'), 0.016059704853726542), (('q7_4', 'q7_5'), 0.007818597807644961), (('q7_7', 'q8_7'), 0.00936341425613102), (('q7_4', 'q8_4'), 0.04388126938776185), (('q7_6', 'q8_6'), 0.01377403942296157), (('q8_4', 'q8_5'), 0.025939330091385326), (('q7_6', 'q7_7'), 0.006655261528458689), (('q7_5', 'q7_6'), 0.006393088841066985), (('q9_4', 'q9_5'), 0.12670557223207762))","(('q6_4', 0.0017897517541599073), ('q6_5', 0.0018250816007793769), ('q6_6', 0.0012163977039642004), ('q6_7', 0.0005136923182738617), ('q7_4', 0.0024650152197243647), ('q7_5', 0.00036705926001567857), ('q7_6', 0.0006842602148655064), ('q7_7', 0.0011834500548045246), ('q8_4', 0.0038269374106404963), ('q8_5', 0.0007350353512239338), ('q8_6', 0.005502914404387105), ('q8_7', 0.0055817149568827), ('q9_4', 0.060845806076190945), ('q9_5', 0.001793276524072518), ('q9_6', 0.0007050037414521038), ('q9_7', 0.0017470360999790602))","(('q6_4', 6.067999999999552), ('q6_5', 5.789999999999583), ('q6_6', 5.911999999999569), ('q6_7', 5.883999999999572), ('q7_4', 6.075999999999551), ('q7_5', 5.705999999999592), ('q7_6', 5.877999999999573), ('q7_7', 5.8999999999995705), ('q8_4', 5.841999999999577), ('q8_5', 5.941999999999566), ('q8_6', 5.777999999999584), ('q8_7', 6.049999999999554), ('q9_4', 5.7179999999995905), ('q9_5', 6.003999999999559), ('q9_6', 5.81599999999958), ('q9_7', 6.039999999999555))","((('q9_5', 'q9_6'), 5.711999999999591), (('q8_5', 'q9_5'), 5.731999999999589), (('q7_5', 'q8_5'), 5.695999999999593), (('q8_6', 'q8_7'), 5.689999999999594), (('q8_5', 'q8_6'), 5.687999999999594), (('q8_7', 'q9_7'), 5.709999999999591), (('q9_6', 'q9_7'), 5.779999999999584), (('q6_4', 'q7_4'), 5.593999999999604), (('q6_4', 'q6_5'), 5.679999999999595), (('q8_4', 'q9_4'), 5.837999999999577), (('q6_5', 'q6_6'), 6.015999999999558), (('q6_6', 'q6_7'), 5.961999999999564), (('q6_6', 'q7_6'), 5.605999999999603), (('q6_7', 'q7_7'), 5.697999999999593), (('q6_5', 'q7_5'), 5.847999999999576), (('q8_6', 'q9_6'), 5.923999999999568), (('q7_4', 'q7_5'), 5.731999999999589), (('q7_7', 'q8_7'), 5.707999999999592), (('q7_4', 'q8_4'), 5.8359999999995775), (('q7_6', 'q8_6'), 5.605999999999603), (('q8_4', 'q8_5'), 5.941999999999566), (('q7_6', 'q7_7'), 5.831999999999578), (('q7_5', 'q7_6'), 5.585999999999605), (('q9_4', 'q9_5'), 5.845999999999576))",0
Baseline,24,,"((('q3_6', 'q4_6'), 0.020742648452209356), (('q3_7', 'q4_7'), 0.015675597996348295), (('q5_6', 'q5_7'), 0.033520431412866786), (('q4_6', 'q5_6'), 0.03223144728046953), (('q4_3', 'q5_3'), 0.004139493887299145), (('q6_3', 'q7_3'), 0.008798069878448778), (('q6_3', 'q6_4'), 0.00814137465008205), (('q3_3', 'q4_3'), 0.008766506677077734), (('q7_3', 'q7_4'), 0.007393318413161126), (('q6_4', 'q7_4'), 0.0073288982093271116), (('q6_4', 'q6_5'), 0.012021835477538184), (('q5_5', 'q6_5'), 0.011837583681079678), (('q4_3', 'q4_4'), 0.010955565073456686), (('q5_4', 'q5_5'), 0.00867370739384185), (('q5_3', 'q6_3'), 0.010422150590994606), (('q6_5', 'q6_6'), 0.05442087152923342), (('q6_6', 'q6_7'), 0.02635063878665958), (('q4_4', 'q5_4'), 0.017144093079967837), (('q6_6', 'q7_6'), 0.01629359627984439), (('q5_5', 'q5_6'), 0.015356827627239722), (('q5_3', 'q5_4'), 0.008686120679994497), (('q3_4', 'q3_5'), 0.010442390359568482), (('q6_5', 'q7_5'), 0.005498189946633203), (('q6_7', 'q7_7'), 0.006047025437629999), (('q7_4', 'q7_5'), 0.005872067311451679), (('q5_6', 'q6_6'), 0.011891070903875367), (('q3_6', 'q3_7'), 0.011899095805587012), (('q3_4', 'q4_4'), 0.0058405195690797995), (('q3_5', 'q3_6'), 0.009460772270329543), (('q4_6', 'q4_7'), 0.01502463703557691), (('q7_6', 'q7_7'), 0.010352567836087873), (('q7_5', 'q7_6'), 0.011261947994913035), (('q3_3', 'q3_4'), 0.010160281564800755), (('q4_7', 'q5_7'), 0.009273328672889436), (('q5_4', 'q6_4'), 0.006105203065949499), (('q5_7', 'q6_7'), 0.007590925675321575))","(('q3_3', 0.0006441510526236649), ('q3_4', 0.0004761549454704306), ('q3_5', 0.0007800480956861588), ('q3_6', 0.0018887906769902152), ('q3_7', 0.0012254760202412007), ('q4_3', 0.000598185246761973), ('q4_4', 0.0010614949778041116), ('q4_6', 0.007009766847812071), ('q4_7', 0.01673666529540674), ('q5_3', 0.001028679646945252), ('q5_4', 0.00048073865223513534), ('q5_5', 0.0011472433477919264), ('q5_6', 0.006111175495458143), ('q5_7', 0.001849543255524111), ('q6_3', 0.0014056585759818496), ('q6_4', 0.000868796644321379), ('q6_5', 0.0003063784440154871), ('q6_6', 0.003263220939377476), ('q6_7', 0.0014758294555020646), ('q7_3', 0.0007848551181416918), ('q7_4', 0.00047813610056890443), ('q7_5', 0.0007472510957237111), ('q7_6', 0.0011162893185080458), ('q7_7', 0.001344180356946445))","(('q3_3', 5.803999999999581), ('q3_4', 5.869999999999574), ('q3_5', 5.72199999999959), ('q3_6', 5.695999999999593), ('q3_7', 5.911999999999569), ('q4_3', 5.841999999999577), ('q4_4', 6.0179999999995575), ('q4_6', 5.849999999999576), ('q4_7', 5.7359999999995885), ('q5_3', 5.71999999999959), ('q5_4', 6.073999999999551), ('q5_5', 5.897999999999571), ('q5_6', 6.111999999999547), ('q5_7', 6.003999999999559), ('q6_3', 5.715999999999591), ('q6_4', 5.665999999999596), ('q6_5', 5.669999999999596), ('q6_6', 5.827999999999578), ('q6_7', 5.859999999999575), ('q7_3', 5.81599999999958), ('q7_4', 5.783999999999583), ('q7_5', 6.115999999999547), ('q7_6', 6.001999999999559), ('q7_7', 5.6319999999996))","((('q3_6', 'q4_6'), 5.621999999999601), (('q3_7', 'q4_7'), 6.0179999999995575), (('q5_6', 'q5_7'), 5.857999999999575), (('q4_6', 'q5_6'), 5.897999999999571), (('q4_3', 'q5_3'), 5.845999999999576), (('q6_3', 'q7_3'), 5.959999999999564), (('q6_3', 'q6_4'), 5.747999999999587), (('q3_3', 'q4_3'), 5.6179999999996015), (('q7_3', 'q7_4'), 5.865999999999574), (('q6_4', 'q7_4'), 5.865999999999574), (('q6_4', 'q6_5'), 5.649999999999598), (('q5_5', 'q6_5'), 5.6319999999996), (('q4_3', 'q4_4'), 5.675999999999595), (('q5_4', 'q5_5'), 5.761999999999586), (('q5_3', 'q6_3'), 5.671999999999596), (('q6_5', 'q6_6'), 5.895999999999571), (('q6_6', 'q6_7'), 5.637999999999599), (('q4_4', 'q5_4'), 5.671999999999596), (('q6_6', 'q7_6'), 5.697999999999593), (('q5_5', 'q5_6'), 5.797999999999582), (('q5_3', 'q5_4'), 5.947999999999565), (('q3_4', 'q3_5'), 5.625999999999601), (('q6_5', 'q7_5'), 5.867999999999574), (('q6_7', 'q7_7'), 6.013999999999558), (('q7_4', 'q7_5'), 5.687999999999594), (('q5_6', 'q6_6'), 5.919999999999568), (('q3_6', 'q3_7'), 5.615999999999602), (('q3_4', 'q4_4'), 5.897999999999571), (('q3_5', 'q3_6'), 5.677999999999595), (('q4_6', 'q4_7'), 5.867999999999574), (('q7_6', 'q7_7'), 5.585999999999605), (('q7_5', 'q7_6'), 5.849999999999576), (('q3_3', 'q3_4'), 5.641999999999599), (('q4_7', 'q5_7'), 5.661999999999597), (('q5_4', 'q6_4'), 5.715999999999591), (('q5_7', 'q6_7'), 5.803999999999581))",0
Baseline,24,,"((('q7_3', 'q8_3'), 0.015044529492116487), (('q7_5', 'q8_5'), 0.008517285208248376), (('q8_5', 'q8_6'), 0.027627371450794524), (('q4_2', 'q5_2'), 0.009157584461226637), (('q4_6', 'q5_6'), 0.005840505238591004), (('q4_3', 'q5_3'), 0.004975471400109732), (('q5_2', 'q6_2'), 0.010267511010024793), (('q6_3', 'q7_3'), 0.01770533204515687), (('q6_3', 'q6_4'), 0.014274532710432636), (('q7_3', 'q7_4'), 0.017468221004914797), (('q6_4', 'q7_4'), 0.015044336635353261), (('q6_4', 'q6_5'), 0.006448633944844129), (('q5_5', 'q6_5'), 0.006344175829633147), (('q4_3', 'q4_4'), 0.012890198583188905), (('q5_4', 'q5_5'), 0.010961737706462915), (('q5_3', 'q6_3'), 0.00862108219659194), (('q6_5', 'q6_6'), 0.008028502753526345), (('q4_4', 'q5_4'), 0.015283252109372397), (('q6_6', 'q7_6'), 0.013026769587745318), (('q7_2', 'q7_3'), 0.01552651316368614), (('q6_2', 'q6_3'), 0.018209257790737843), (('q8_2', 'q8_3'), 0.0382199232144953), (('q8_3', 'q8_4'), 0.01985541564270976), (('q5_5', 'q5_6'), 0.0059941319557021144), (('q5_3', 'q5_4'), 0.010927528137353093), (('q6_5', 'q7_5'), 0.010703305109288574), (('q7_4', 'q7_5'), 0.025332115768494645), (('q5_6', 'q6_6'), 0.006820075314387941), (('q5_2', 'q5_3'), 0.00667032932023548), (('q7_4', 'q8_4'), 0.009267276263352803), (('q7_6', 'q8_6'), 0.0184058425021478), (('q8_4', 'q8_5'), 0.022417908767746964), (('q4_2', 'q4_3'), 0.013401718045872923), (('q6_2', 'q7_2'), 0.0068727428141132085), (('q7_2', 'q8_2'), 0.01400127811641283), (('q7_5', 'q7_6'), 0.01265779685652127), (('q5_4', 'q6_4'), 0.012250616513165752))","(('q4_2', 0.0006501625450326953), ('q4_3', 0.0007869989528811461), ('q4_4', 0.0007385635012902014), ('q4_6', 0.0006189564436138162), ('q5_2', 0.0011903779180672536), ('q5_3', 0.0007018942879958301), ('q5_4', 0.0011976821005335037), ('q5_5', 0.0017625954992536719), ('q5_6', 0.00047973960629504875), ('q6_2', 0.001142559021734324), ('q6_3', 0.0007101828646776109), ('q6_4', 0.0014168465047770251), ('q6_5', 0.0006996906412888859), ('q6_6', 0.0010226907978489463), ('q7_2', 0.0015771769813625047), ('q7_3', 0.003748262262095403), ('q7_4', 0.002251158921307894), ('q7_5', 0.0029053992517237837), ('q7_6', 0.0008443396524180358), ('q8_2', 0.0008649319826212198), ('q8_3', 0.00313529150435371), ('q8_4', 0.0018727209827206215), ('q8_5', 0.0028040024982436407), ('q8_6', 0.0003141028388919387))","(('q4_2', 5.90799999999957), ('q4_3', 5.975999999999562), ('q4_4', 6.065999999999552), ('q4_6', 5.711999999999591), ('q5_2', 5.743999999999588), ('q5_3', 5.829999999999578), ('q5_4', 5.931999999999567), ('q5_5', 5.729999999999589), ('q5_6', 6.08799999999955), ('q6_2', 5.8999999999995705), ('q6_3', 6.131999999999545), ('q6_4', 6.203999999999537), ('q6_5', 6.007999999999559), ('q6_6', 5.939999999999566), ('q7_2', 5.72399999999959), ('q7_3', 6.191999999999538), ('q7_4', 5.9359999999995665), ('q7_5', 6.075999999999551), ('q7_6', 5.709999999999591), ('q8_2', 5.801999999999581), ('q8_3', 5.9819999999995614), ('q8_4', 5.707999999999592), ('q8_5', 6.073999999999551), ('q8_6', 5.767999999999585))","((('q7_3', 'q8_3'), 6.041999999999555), (('q7_5', 'q8_5'), 5.607999999999603), (('q8_5', 'q8_6'), 5.601999999999603), (('q4_2', 'q5_2'), 5.855999999999575), (('q4_6', 'q5_6'), 5.745999999999587), (('q4_3', 'q5_3'), 5.625999999999601), (('q5_2', 'q6_2'), 5.691999999999593), (('q6_3', 'q7_3'), 5.955999999999564), (('q6_3', 'q6_4'), 5.705999999999592), (('q7_3', 'q7_4'), 5.945999999999565), (('q6_4', 'q7_4'), 5.7639999999995855), (('q6_4', 'q6_5'), 6.009999999999558), (('q5_5', 'q6_5'), 5.925999999999568), (('q4_3', 'q4_4'), 5.575999999999606), (('q5_4', 'q5_5'), 5.661999999999597), (('q5_3', 'q6_3'), 5.603999999999603), (('q6_5', 'q6_6'), 6.075999999999551), (('q4_4', 'q5_4'), 5.81599999999958), (('q6_6', 'q7_6'), 6.043999999999555), (('q7_2', 'q7_3'), 5.839999999999577), (('q6_2', 'q6_3'), 5.669999999999596), (('q8_2', 'q8_3'), 5.737999999999588), (('q8_3', 'q8_4'), 5.607999999999603), (('q5_5', 'q5_6'), 5.8179999999995795), (('q5_3', 'q5_4'), 5.593999999999604), (('q6_5', 'q7_5'), 5.845999999999576), (('q7_4', 'q7_5'), 5.833999999999578), (('q5_6', 'q6_6'), 5.825999999999579), (('q5_2', 'q5_3'), 5.6319999999996), (('q7_4', 'q8_4'), 5.843999999999577), (('q7_6', 'q8_6'), 5.927999999999567), (('q8_4', 'q8_5'), 5.703999999999592), (('q4_2', 'q4_3'), 5.585999999999605), (('q6_2', 'q7_2'), 5.779999999999584), (('q7_2', 'q8_2'), 5.709999999999591), (('q7_5', 'q7_6'), 5.90399999999957), (('q5_4', 'q6_4'), 5.715999999999591))",0
Baseline,24,,"((('q9_5', 'q9_6'), 0.007290953579616899), (('q7_3', 'q8_3'), 0.011805839612587937), (('q8_5', 'q9_5'), 0.01485099501993356), (('q7_5', 'q8_5'), 0.00746262468812392), (('q5_6', 'q5_7'), 0.029407920635757617), (('q8_6', 'q8_7'), 0.0175443299819808), (('q8_5', 'q8_6'), 0.01485099501993356), (('q8_7', 'q9_7'), 0.017739146487532442), (('q6_3', 'q7_3'), 0.007574639316685033), (('q6_3', 'q6_4'), 0.006997573414902869), (('q9_6', 'q9_7'), 0.013224945800812155), (('q7_3', 'q7_4'), 0.00746262468812392), (('q6_4', 'q7_4'), 0.05244462460085267), (('q6_4', 'q6_5'), 0.09277515925600965), (('q5_5', 'q6_5'), 0.0030486072296701805), (('q5_4', 'q5_5'), 0.0057437201829179385), (('q8_4', 'q9_4'), 0.038876401765205376), (('q6_5', 'q6_6'), 0.28831980435863835), (('q5_3', 'q6_3'), 0.011580667929917549), (('q6_6', 'q6_7'), 0.02592179536242667), (('q6_6', 'q7_6'), None), (('q8_3', 'q8_4'), 0.011856388870569612), (('q5_5', 'q5_6'), 0.06666897555062487), (('q5_3', 'q5_4'), 0.00746262468812392), (('q6_7', 'q7_7'), 0.011747460007207111), (('q6_5', 'q7_5'), 0.01485099501993356), (('q8_6', 'q9_6'), 0.015988821086112576), (('q7_4', 'q7_5'), 0.010768757710674454), (('q5_6', 'q6_6'), 0.20581234527940506), (('q7_4', 'q8_4'), 0.01485099501993356), (('q7_6', 'q8_6'), 0.029407920635757617), (('q7_7', 'q8_7'), 0.017729035357518685), (('q8_4', 'q8_5'), 0.007924887500533051), (('q7_6', 'q7_7'), 0.06570010655213038), (('q7_5', 'q7_6'), 0.012945046427224854), (('q9_4', 'q9_5'), 0.06357736708065831), (('q5_4', 'q6_4'), 0.010444863796030546), (('q5_7', 'q6_7'), 0.00746262468812392))","(('q5_3', 0.0024904571500397044), ('q5_4', 0.0006929815265635519), ('q5_5', 0.0007801523345952743), ('q5_6', 0.008711706862766955), ('q5_7', 0.0009300978721044073), ('q6_3', 0.002314734561624232), ('q6_4', 0.0007855058423259509), ('q6_5', 0.0045034527899319166), ('q6_6', None), ('q6_7', 0.004827984667204244), ('q7_3', 0.0007771732075085858), ('q7_4', 0.025697569451072988), ('q7_5', 0.0012950968366609583), ('q7_6', 0.009288211972235116), ('q7_7', 0.0008029733061846178), ('q8_3', 0.0005560351233210303), ('q8_4', 0.00400753426598377), ('q8_5', 0.016220194496027962), ('q8_6', 0.002150518908813348), ('q8_7', 0.0006447038237730185), ('q9_4', 0.005846986443339752), ('q9_5', 0.001528389452316592), ('q9_6', 0.0008240547078904314), ('q9_7', 0.0008660971558380748))","(('q5_3', 5.825999999999579), ('q5_4', 5.8819999999995725), ('q5_5', 5.753999999999587), ('q5_6', 6.051999999999554), ('q5_7', 5.821999999999579), ('q6_3', 6.095999999999549), ('q6_4', 6.205999999999537), ('q6_5', 5.749999999999587), ('q6_6', 6.08199999999955), ('q6_7', 5.871999999999574), ('q7_3', 5.7999999999995815), ('q7_4', 5.897999999999571), ('q7_5', 5.9719999999995625), ('q7_6', 5.8179999999995795), ('q7_7', 5.849999999999576), ('q8_3', 5.927999999999567), ('q8_4', 5.99799999999956), ('q8_5', 5.733999999999589), ('q8_6', 5.931999999999567), ('q8_7', 5.943999999999566), ('q9_4', 5.771999999999585), ('q9_5', 5.987999999999561), ('q9_6', 5.863999999999574), ('q9_7', 5.783999999999583))","((('q9_5', 'q9_6'), 5.6819999999995945), (('q7_3', 'q8_3'), 5.7819999999995835), (('q8_5', 'q9_5'), 5.657999999999597), (('q7_5', 'q8_5'), 5.675999999999595), (('q5_6', 'q5_7'), 5.6459999999995985), (('q8_6', 'q8_7'), 5.575999999999606), (('q8_5', 'q8_6'), 5.729999999999589), (('q8_7', 'q9_7'), 5.727999999999589), (('q6_3', 'q7_3'), 5.959999999999564), (('q6_3', 'q6_4'), 5.6639999999995965), (('q9_6', 'q9_7'), 5.715999999999591), (('q7_3', 'q7_4'), 5.743999999999588), (('q6_4', 'q7_4'), 5.625999999999601), (('q6_4', 'q6_5'), 5.709999999999591), (('q5_5', 'q6_5'), 5.72399999999959), (('q5_4', 'q5_5'), 5.837999999999577), (('q8_4', 'q9_4'), 5.693999999999593), (('q6_5', 'q6_6'), 5.783999999999583), (('q5_3', 'q6_3'), 5.791999999999582), (('q6_6', 'q6_7'), 5.767999999999585), (('q6_6', 'q7_6'), 5.7639999999995855), (('q8_3', 'q8_4'), 5.841999999999577), (('q5_5', 'q5_6'), 5.753999999999587), (('q5_3', 'q5_4'), 5.575999999999606), (('q6_7', 'q7_7'), 5.933999999999567), (('q6_5', 'q7_5'), 5.609999999999602), (('q8_6', 'q9_6'), 5.6459999999995985), (('q7_4', 'q7_5'), 5.831999999999578), (('q5_6', 'q6_6'), 5.9359999999995665), (('q7_4', 'q8_4'), 5.619999999999601), (('q7_6', 'q8_6'), 5.6999999999995925), (('q7_7', 'q8_7'), 5.651999999999598), (('q8_4', 'q8_5'), 5.795999999999582), (('q7_6', 'q7_7'), 5.777999999999584), (('q7_5', 'q7_6'), 5.6299999999996), (('q9_4', 'q9_5'), 5.841999999999577), (('q5_4', 'q6_4'), 5.747999999999587), (('q5_7', 'q6_7'), 5.657999999999597))",2
Baseline,24,,"((('q3_6', 'q4_6'), 0.008576613612247458), (('q4_2', 'q5_2'), 0.010305856241591443), (('q4_6', 'q5_6'), 0.01883815525457544), (('q4_3', 'q5_3'), 0.007710011370640646), (('q5_2', 'q6_2'), 0.007190679830785057), (('q6_3', 'q7_3'), 0.012909574929032053), (('q3_2', 'q3_3'), 0.005500193135003634), (('q6_3', 'q6_4'), 0.018012852778104826), (('q3_3', 'q4_3'), 0.0068258651411616245), (('q7_3', 'q7_4'), 0.016573436260244157), (('q6_4', 'q7_4'), 0.026195260359337585), (('q6_4', 'q6_5'), 0.019222677845026487), (('q5_5', 'q6_5'), 0.013231355243957299), (('q4_3', 'q4_4'), 0.009684870778191162), (('q5_4', 'q5_5'), 0.014466226303922913), (('q3_2', 'q4_2'), 0.007171466256391479), (('q5_3', 'q6_3'), 0.015150313205153976), (('q6_5', 'q6_6'), 0.02187456235482832), (('q4_4', 'q5_4'), 0.012309859153165098), (('q6_6', 'q7_6'), 0.010422578070818728), (('q7_2', 'q7_3'), 0.026667369402944008), (('q6_2', 'q6_3'), 0.014638729108486376), (('q5_5', 'q5_6'), 0.007188474249786803), (('q5_3', 'q5_4'), 0.010331975247879904), (('q3_4', 'q3_5'), 0.015332207294395772), (('q6_5', 'q7_5'), 0.009453558813128482), (('q7_4', 'q7_5'), 0.014533229686480853), (('q5_6', 'q6_6'), 0.050549991297588304), (('q5_2', 'q5_3'), 0.012654273936992921), (('q3_4', 'q4_4'), 0.006277323798448975), (('q3_5', 'q3_6'), 0.04631666160228334), (('q4_2', 'q4_3'), 0.01377613234699182), (('q6_2', 'q7_2'), 0.010596327182287868), (('q7_5', 'q7_6'), 0.0075612593433863895), (('q3_3', 'q3_4'), 0.01514313286783725), (('q5_4', 'q6_4'), 0.012868019906043415))","(('q3_2', 0.0005287696770933659), ('q3_3', 0.0006079890697913704), ('q3_4', 0.0005097107117519872), ('q3_5', 0.006123771114692478), ('q3_6', 0.000634268390788395), ('q4_2', 0.0008403970737251298), ('q4_3', 0.0006066148068604726), ('q4_4', 0.0010488105651130786), ('q4_6', 0.005948723085378083), ('q5_2', 0.000892998781900245), ('q5_3', 0.0008906331769560905), ('q5_4', 0.0004747390948314223), ('q5_5', 0.0011344410569968932), ('q5_6', 0.0009679303490330304), ('q6_2', 0.0008344016875044269), ('q6_3', 0.0007372820016159909), ('q6_4', 0.002701280711698728), ('q6_5', 0.0018331508009759578), ('q6_6', 0.0013949905298729082), ('q7_2', 0.000978735801838937), ('q7_3', 0.009756227044981192), ('q7_4', 0.0015632459515936281), ('q7_5', 0.0007034041630644694), ('q7_6', 0.0015166139530342626))","(('q3_2', 5.8359999999995775), ('q3_3', 5.863999999999574), ('q3_4', 6.095999999999549), ('q3_5', 5.879999999999573), ('q3_6', 6.067999999999552), ('q4_2', 5.7639999999995855), ('q4_3', 5.805999999999581), ('q4_4', 5.6999999999995925), ('q4_6', 6.0179999999995575), ('q5_2', 5.745999999999587), ('q5_3', 5.929999999999567), ('q5_4', 5.8359999999995775), ('q5_5', 6.041999999999555), ('q5_6', 5.7179999999995905), ('q6_2', 5.877999999999573), ('q6_3', 5.8999999999995705), ('q6_4', 5.989999999999561), ('q6_5', 5.979999999999562), ('q6_6', 5.987999999999561), ('q7_2', 5.979999999999562), ('q7_3', 6.027999999999556), ('q7_4', 5.713999999999591), ('q7_5', 5.923999999999568), ('q7_6', 5.871999999999574))","((('q3_6', 'q4_6'), 5.697999999999593), (('q4_2', 'q5_2'), 5.665999999999596), (('q4_6', 'q5_6'), 5.875999999999573), (('q4_3', 'q5_3'), 5.787999999999583), (('q5_2', 'q6_2'), 5.747999999999587), (('q6_3', 'q7_3'), 5.9539999999995645), (('q3_2', 'q3_3'), 5.683999999999594), (('q6_3', 'q6_4'), 5.945999999999565), (('q3_3', 'q4_3'), 5.711999999999591), (('q7_3', 'q7_4'), 5.693999999999593), (('q6_4', 'q7_4'), 5.675999999999595), (('q6_4', 'q6_5'), 5.863999999999574), (('q5_5', 'q6_5'), 5.711999999999591), (('q4_3', 'q4_4'), 5.749999999999587), (('q5_4', 'q5_5'), 5.675999999999595), (('q3_2', 'q4_2'), 5.769999999999585), (('q5_3', 'q6_3'), 5.673999999999595), (('q6_5', 'q6_6'), 5.709999999999591), (('q4_4', 'q5_4'), 5.6459999999995985), (('q6_6', 'q7_6'), 5.5999999999996035), (('q7_2', 'q7_3'), 5.677999999999595), (('q6_2', 'q6_3'), 5.877999999999573), (('q5_5', 'q5_6'), 5.873999999999573), (('q5_3', 'q5_4'), 5.873999999999573), (('q3_4', 'q3_5'), 5.867999999999574), (('q6_5', 'q7_5'), 6.047999999999554), (('q7_4', 'q7_5'), 5.747999999999587), (('q5_6', 'q6_6'), 5.973999999999562), (('q5_2', 'q5_3'), 5.667999999999596), (('q3_4', 'q4_4'), 5.873999999999573), (('q3_5', 'q3_6'), 6.027999999999556), (('q4_2', 'q4_3'), 5.6179999999996015), (('q6_2', 'q7_2'), 5.601999999999603), (('q7_5', 'q7_6'), 5.895999999999571), (('q3_3', 'q3_4'), 5.607999999999603), (('q5_4', 'q6_4'), 5.947999999999565))",0
Baseline,24,,"((('q3_6', 'q4_6'), 0.01992550062003398), (('q3_7', 'q4_7'), 0.024198753964907393), (('q5_6', 'q5_7'), 0.008533444881783925), (('q2_4', 'q2_5'), 0.007499628939698355), (('q2_5', 'q3_5'), 0.025203493717368547), (('q2_4', 'q3_4'), 0.01485099501993356), (('q2_3', 'q3_3'), 0.015890029786838678), (('q4_6', 'q5_6'), 0.016511344145773432), (('q4_3', 'q5_3'), 0.011748845703329874), (('q6_3', 'q6_4'), 0.03794831437620144), (('q3_3', 'q4_3'), 0.006693249208557406), (('q2_6', 'q2_7'), 0.07721187987480804), (('q5_5', 'q6_5'), 0.010024736798512457), (('q6_4', 'q6_5'), 0.01485099501993356), (('q2_7', 'q3_7'), 0.021201413983158474), (('q4_3', 'q4_4'), 0.020272976772638035), (('q5_4', 'q5_5'), 0.01485099501993356), (('q5_3', 'q6_3'), 0.006238776845787081), (('q6_5', 'q6_6'), 0.020645299033249603), (('q6_6', 'q6_7'), 0.017868406956339344), (('q4_4', 'q5_4'), 0.00746262468812392), (('q2_3', 'q2_4'), 0.022546188393904598), (('q5_5', 'q5_6'), 0.020366296116207966), (('q5_3', 'q5_4'), 0.11888561264638067), (('q3_4', 'q3_5'), 0.29906628951318104), (('q2_5', 'q2_6'), 0.04369972683121001), (('q3_6', 'q3_7'), 0.029407920635757617), (('q5_6', 'q6_6'), 0.009733675012235737), (('q3_4', 'q4_4'), 0.015780053713456227), (('q2_6', 'q3_6'), 0.034311108250052264), (('q3_5', 'q3_6'), 0.008465549813841039), (('q4_6', 'q4_7'), 0.044649667214784444), (('q3_3', 'q3_4'), 0.08208907504948021), (('q4_7', 'q5_7'), 0.006042646636461424), (('q5_4', 'q6_4'), 0.029407920635757617), (('q5_7', 'q6_7'), 0.005519895842109379))","(('q2_3', 0.0013018993890670516), ('q2_4', 0.0008290299616614538), ('q2_5', 0.0009570360205874984), ('q2_6', 0.0007478767906277661), ('q2_7', 0.0011615180554384597), ('q3_3', 0.0012518961995476863), ('q3_4', 0.008036287900496375), ('q3_5', 0.026417188661207847), ('q3_6', 0.053719281480650416), ('q3_7', 0.0006930407512926173), ('q4_3', 0.001749534061635083), ('q4_4', 0.0016219524431260735), ('q4_6', 0.001558829531856043), ('q4_7', 0.0007867495337106067), ('q5_3', 0.0012871614664893283), ('q5_4', 0.011530553779994956), ('q5_5', 0.007283537669772966), ('q5_6', 0.0005944126920205406), ('q5_7', 0.0008419711731530999), ('q6_3', 0.0006164231878915682), ('q6_4', 0.011201825915917396), ('q6_5', 0.0015093818381785584), ('q6_6', 0.0006413919629511544), ('q6_7', 0.0006984704100294614))","(('q2_3', 5.741999999999588), ('q2_4', 6.149999999999543), ('q2_5', 6.093999999999549), ('q2_6', 5.683999999999594), ('q2_7', 6.065999999999552), ('q3_3', 5.7359999999995885), ('q3_4', 6.013999999999558), ('q3_5', 5.9819999999995614), ('q3_6', 6.111999999999547), ('q3_7', 6.101999999999548), ('q4_3', 5.751999999999587), ('q4_4', 5.707999999999592), ('q4_6', 5.747999999999587), ('q4_7', 5.685999999999594), ('q5_3', 6.007999999999559), ('q5_4', 5.741999999999588), ('q5_5', 6.0179999999995575), ('q5_6', 5.909999999999569), ('q5_7', 5.779999999999584), ('q6_3', 5.791999999999582), ('q6_4', 6.159999999999542), ('q6_5', 5.733999999999589), ('q6_6', 6.187999999999539), ('q6_7', 6.029999999999556))","((('q3_6', 'q4_6'), 6.019999999999557), (('q3_7', 'q4_7'), 5.9719999999995625), (('q5_6', 'q5_7'), 5.779999999999584), (('q2_4', 'q2_5'), 5.883999999999572), (('q2_5', 'q3_5'), 5.925999999999568), (('q2_4', 'q3_4'), 5.791999999999582), (('q2_3', 'q3_3'), 5.895999999999571), (('q4_6', 'q5_6'), 5.893999999999571), (('q4_3', 'q5_3'), 5.647999999999598), (('q6_3', 'q6_4'), 5.805999999999581), (('q3_3', 'q4_3'), 5.705999999999592), (('q2_6', 'q2_7'), 6.0179999999995575), (('q5_5', 'q6_5'), 5.921999999999568), (('q6_4', 'q6_5'), 5.7639999999995855), (('q2_7', 'q3_7'), 6.019999999999557), (('q4_3', 'q4_4'), 5.797999999999582), (('q5_4', 'q5_5'), 5.765999999999585), (('q5_3', 'q6_3'), 5.795999999999582), (('q6_5', 'q6_6'), 5.713999999999591), (('q6_6', 'q6_7'), 5.653999999999598), (('q4_4', 'q5_4'), 5.595999999999604), (('q2_3', 'q2_4'), 5.603999999999603), (('q5_5', 'q5_6'), 5.90399999999957), (('q5_3', 'q5_4'), 5.875999999999573), (('q3_4', 'q3_5'), 5.883999999999572), (('q2_5', 'q2_6'), 5.889999999999572), (('q3_6', 'q3_7'), 5.90399999999957), (('q5_6', 'q6_6'), 5.99799999999956), (('q3_4', 'q4_4'), 5.601999999999603), (('q2_6', 'q3_6'), 5.947999999999565), (('q3_5', 'q3_6'), 5.7639999999995855), (('q4_6', 'q4_7'), 5.683999999999594), (('q3_3', 'q3_4'), 5.859999999999575), (('q4_7', 'q5_7'), 5.807999999999581), (('q5_4', 'q6_4'), 5.773999999999584), (('q5_7', 'q6_7'), 5.857999999999575))",0
Baseline,24,,"((('q9_5', 'q9_6'), 0.011516799398655075), (('q8_5', 'q9_5'), 0.007258261593696774), (('q5_8', 'q6_8'), 0.005516747857250676), (('q7_5', 'q8_5'), 0.012020136377068946), (('q5_6', 'q5_7'), 0.01485099501993356), (('q8_6', 'q8_7'), 0.011869619672023629), (('q8_5', 'q8_6'), 0.11430821613877631), (('q8_7', 'q9_7'), 0.007177778386144779), (('q9_6', 'q9_7'), 0.02710491516714081), (('q6_4', 'q7_4'), 0.006880395483908314), (('q7_8', 'q8_8'), 0.009531400151305464), (('q6_4', 'q6_5'), 0.04034516807942423), (('q5_5', 'q6_5'), 0.0271864669247793), (('q6_7', 'q6_8'), 0.01686881600627138), (('q5_4', 'q5_5'), 0.00755109069249299), (('q6_5', 'q6_6'), 0.06354103913476034), (('q8_4', 'q9_4'), 0.00746262468812392), (('q6_6', 'q6_7'), 0.017472182197157266), (('q6_6', 'q7_6'), 0.016363235519421232), (('q6_8', 'q7_8'), 0.009561189876507753), (('q5_5', 'q5_6'), 0.01147972185139004), (('q5_7', 'q5_8'), 0.01485099501993356), (('q6_7', 'q7_7'), 0.013827445843168557), (('q6_5', 'q7_5'), 0.003693277958777691), (('q8_6', 'q9_6'), 0.029843803226354326), (('q7_4', 'q7_5'), 0.008255370364096182), (('q5_6', 'q6_6'), 0.009545189071006016), (('q7_4', 'q8_4'), 0.054705539357259025), (('q7_6', 'q8_6'), 0.03377878555063016), (('q7_7', 'q8_7'), 0.011595480855404766), (('q8_4', 'q8_5'), 0.00374064060548826), (('q7_6', 'q7_7'), 0.013365641245281917), (('q7_5', 'q7_6'), 0.012460284283098921), (('q7_7', 'q7_8'), 0.00850662928562318), (('q9_4', 'q9_5'), 0.01485099501993356), (('q5_4', 'q6_4'), 0.0068240366172340194), (('q8_7', 'q8_8'), 0.008052065420363352), (('q5_7', 'q6_7'), 0.00746262468812392))","(('q5_4', 0.0004926472088882528), ('q5_5', 0.0009458799600918222), ('q5_6', 0.0010347314523166395), ('q5_7', 0.00194603285235051), ('q5_8', 0.003972718165684452), ('q6_4', 0.0006467860380643953), ('q6_5', 0.00998097060759362), ('q6_6', 0.0012551792857939392), ('q6_7', 0.0007865513379948785), ('q6_8', 0.0036856434410550976), ('q7_4', 0.0004799419272492611), ('q7_5', 0.0007027021215270102), ('q7_6', 0.000906316532140572), ('q7_7', 0.0002962196017387009), ('q7_8', 0.0007472533532588144), ('q8_4', 0.00899426447453755), ('q8_5', 0.00040640366791377946), ('q8_6', 0.0008763147988146702), ('q8_7', 0.00044548832778368297), ('q8_8', 0.0005840042182482796), ('q9_4', 0.006460094287563445), ('q9_5', 0.0013824290992771049), ('q9_6', 0.001344234901507868), ('q9_7', 0.0007316576090506954))","(('q5_4', 5.761999999999586), ('q5_5', 5.743999999999588), ('q5_6', 6.021999999999557), ('q5_7', 5.72199999999959), ('q5_8', 6.26399999999953), ('q6_4', 6.107999999999548), ('q6_5', 5.873999999999573), ('q6_6', 5.72399999999959), ('q6_7', 5.829999999999578), ('q6_8', 5.9999999999995595), ('q7_4', 5.909999999999569), ('q7_5', 6.0179999999995575), ('q7_6', 5.7359999999995885), ('q7_7', 5.843999999999577), ('q7_8', 6.027999999999556), ('q8_4', 6.025999999999557), ('q8_5', 6.077999999999551), ('q8_6', 5.7819999999995835), ('q8_7', 5.81199999999958), ('q8_8', 5.983999999999561), ('q9_4', 5.733999999999589), ('q9_5', 5.99799999999956), ('q9_6', 6.2179999999995355), ('q9_7', 5.9719999999995625))","((('q9_5', 'q9_6'), 5.7639999999995855), (('q8_5', 'q9_5'), 5.865999999999574), (('q5_8', 'q6_8'), 6.079999999999551), (('q7_5', 'q8_5'), 5.8539999999995755), (('q5_6', 'q5_7'), 5.641999999999599), (('q8_6', 'q8_7'), 5.829999999999578), (('q8_5', 'q8_6'), 5.747999999999587), (('q8_7', 'q9_7'), 5.823999999999579), (('q9_6', 'q9_7'), 5.745999999999587), (('q6_4', 'q7_4'), 5.787999999999583), (('q7_8', 'q8_8'), 5.99399999999956), (('q6_4', 'q6_5'), 5.639999999999599), (('q5_5', 'q6_5'), 5.877999999999573), (('q6_7', 'q6_8'), 5.607999999999603), (('q5_4', 'q5_5'), 5.873999999999573), (('q6_5', 'q6_6'), 6.061999999999553), (('q8_4', 'q9_4'), 5.867999999999574), (('q6_6', 'q6_7'), 6.013999999999558), (('q6_6', 'q7_6'), 5.589999999999605), (('q6_8', 'q7_8'), 6.109999999999547), (('q5_5', 'q5_6'), 5.773999999999584), (('q5_7', 'q5_8'), 5.739999999999588), (('q6_7', 'q7_7'), 5.803999999999581), (('q6_5', 'q7_5'), 5.695999999999593), (('q8_6', 'q9_6'), 6.041999999999555), (('q7_4', 'q7_5'), 5.827999999999578), (('q5_6', 'q6_6'), 5.597999999999604), (('q7_4', 'q8_4'), 5.683999999999594), (('q7_6', 'q8_6'), 6.08399999999955), (('q7_7', 'q8_7'), 5.9539999999995645), (('q8_4', 'q8_5'), 5.673999999999595), (('q7_6', 'q7_7'), 5.583999999999605), (('q7_5', 'q7_6'), 5.957999999999564), (('q7_7', 'q7_8'), 5.709999999999591), (('q9_4', 'q9_5'), 5.753999999999587), (('q5_4', 'q6_4'), 5.729999999999589), (('q8_7', 'q8_8'), 6.0179999999995575), (('q5_7', 'q6_7'), 5.889999999999572))",0
Baseline,24,,"((('q7_3', 'q8_3'), 0.02435502579618587), (('q7_5', 'q8_5'), 0.006721963954085336), (('q5_6', 'q5_7'), 0.018223401246346527), (('q8_6', 'q8_7'), 0.010248038300485623), (('q8_5', 'q8_6'), 0.008901029547549233), (('q4_6', 'q5_6'), 0.027802595461556612), (('q4_3', 'q5_3'), 0.012037204562280468), (('q6_3', 'q7_3'), 0.01556458809789471), (('q6_3', 'q6_4'), 0.005658154931965753), (('q7_3', 'q7_4'), 0.014206682390272313), (('q6_4', 'q7_4'), 0.010344152902581866), (('q6_4', 'q6_5'), 0.009703801076698576), (('q5_5', 'q6_5'), 0.008317808025144757), (('q4_3', 'q4_4'), 0.022902103995056156), (('q5_4', 'q5_5'), 0.00374064060548826), (('q5_3', 'q6_3'), 0.005067219949720092), (('q6_5', 'q6_6'), 0.01485099501993356), (('q6_6', 'q6_7'), 0.02150498742142165), (('q4_4', 'q5_4'), 0.008643187528731944), (('q6_6', 'q7_6'), 0.007754324761369502), (('q8_3', 'q8_4'), 0.015758525034235304), (('q5_5', 'q5_6'), 0.00746262468812392), (('q5_3', 'q5_4'), 0.019898789713510612), (('q6_7', 'q7_7'), 0.0045376344970432525), (('q6_5', 'q7_5'), 0.005946085803147871), (('q7_4', 'q7_5'), 0.008336079749802383), (('q5_6', 'q6_6'), 0.03285560181881195), (('q7_4', 'q8_4'), 0.012507418000486326), (('q7_6', 'q8_6'), 0.005946898431255676), (('q7_7', 'q8_7'), 0.005683995241237583), (('q8_4', 'q8_5'), 0.013361003373926622), (('q4_6', 'q4_7'), 0.020052208281026496), (('q7_6', 'q7_7'), 0.005114677764173764), (('q7_5', 'q7_6'), 0.009034750984034223), (('q4_7', 'q5_7'), 0.01846317004532652), (('q5_4', 'q6_4'), 0.12058575328365856), (('q5_7', 'q6_7'), 0.013633328415656454))","(('q4_3', 0.0005096217913355128), ('q4_4', 0.0012964301545886903), ('q4_6', 0.0007696360829848592), ('q4_7', 0.0007343142429403482), ('q5_3', 0.0006093787365962777), ('q5_4', 0.0006594777561191867), ('q5_5', 0.0009216169549745024), ('q5_6', 0.01084298298902453), ('q5_7', 0.0016363453651224158), ('q6_3', 0.0006134711947032301), ('q6_4', 0.001199527696070679), ('q6_5', 0.000835225938856099), ('q6_6', 0.018014368632088995), ('q6_7', 0.0005904116336780674), ('q7_3', 0.00576008237040615), ('q7_4', 0.003292190419979746), ('q7_5', 0.0008030168639445723), ('q7_6', 0.0006711564867820652), ('q7_7', 0.0007041107066448893), ('q8_3', 0.0013124368507763662), ('q8_4', 0.0012030596069731447), ('q8_5', 0.0010150610427819284), ('q8_6', 0.0005407019722262207), ('q8_7', 0.0004328439845179277))","(('q4_3', 5.783999999999583), ('q4_4', 5.727999999999589), ('q4_6', 6.001999999999559), ('q4_7', 6.129999999999545), ('q5_3', 5.945999999999565), ('q5_4', 5.7359999999995885), ('q5_5', 5.883999999999572), ('q5_6', 6.041999999999555), ('q5_7', 5.81199999999958), ('q6_3', 5.965999999999563), ('q6_4', 5.759999999999586), ('q6_5', 6.149999999999543), ('q6_6', 6.045999999999554), ('q6_7', 5.967999999999563), ('q7_3', 6.033999999999556), ('q7_4', 5.771999999999585), ('q7_5', 5.897999999999571), ('q7_6', 5.837999999999577), ('q7_7', 6.127999999999545), ('q8_3', 5.753999999999587), ('q8_4', 5.805999999999581), ('q8_5', 5.8359999999995775), ('q8_6', 6.203999999999537), ('q8_7', 5.767999999999585))","((('q7_3', 'q8_3'), 5.669999999999596), (('q7_5', 'q8_5'), 5.805999999999581), (('q5_6', 'q5_7'), 5.859999999999575), (('q8_6', 'q8_7'), 5.683999999999594), (('q8_5', 'q8_6'), 6.119999999999546), (('q4_6', 'q5_6'), 5.705999999999592), (('q4_3', 'q5_3'), 5.713999999999591), (('q6_3', 'q7_3'), 5.731999999999589), (('q6_3', 'q6_4'), 5.777999999999584), (('q7_3', 'q7_4'), 5.619999999999601), (('q6_4', 'q7_4'), 5.683999999999594), (('q6_4', 'q6_5'), 5.977999999999562), (('q5_5', 'q6_5'), 5.833999999999578), (('q4_3', 'q4_4'), 5.603999999999603), (('q5_4', 'q5_5'), 5.637999999999599), (('q5_3', 'q6_3'), 5.8539999999995755), (('q6_5', 'q6_6'), 6.015999999999558), (('q6_6', 'q6_7'), 6.007999999999559), (('q4_4', 'q5_4'), 5.975999999999562), (('q6_6', 'q7_6'), 5.99599999999956), (('q8_3', 'q8_4'), 5.661999999999597), (('q5_5', 'q5_6'), 5.6999999999995925), (('q5_3', 'q5_4'), 5.72599999999959), (('q6_7', 'q7_7'), 5.963999999999563), (('q6_5', 'q7_5'), 5.857999999999575), (('q7_4', 'q7_5'), 5.909999999999569), (('q5_6', 'q6_6'), 5.9179999999995685), (('q7_4', 'q8_4'), 5.791999999999582), (('q7_6', 'q8_6'), 5.923999999999568), (('q7_7', 'q8_7'), 5.913999999999569), (('q8_4', 'q8_5'), 5.839999999999577), (('q4_6', 'q4_7'), 5.715999999999591), (('q7_6', 'q7_7'), 5.987999999999561), (('q7_5', 'q7_6'), 5.831999999999578), (('q4_7', 'q5_7'), 5.639999999999599), (('q5_4', 'q6_4'), 5.639999999999599), (('q5_7', 'q6_7'), 5.969999999999563))",0
Baseline,33,,"((('q7_3', 'q8_3'), 0.018425678471330587), (('q4_1', 'q5_1'), 0.00544045662854023), (('q7_5', 'q8_5'), 0.008304920276778593), (('q5_6', 'q5_7'), 0.013540767898836875), (('q8_6', 'q8_7'), 0.006711924866351721), (('q8_5', 'q8_6'), 0.009541805596944508), (('q4_2', 'q5_2'), 0.005653584770427045), (('q4_6', 'q5_6'), 0.00746262468812392), (('q4_3', 'q5_3'), 0.005163753904100482), (('q5_2', 'q6_2'), 0.029407920635757617), (('q5_1', 'q5_2'), 0.00838742248775945), (('q6_3', 'q6_4'), 0.01485099501993356), (('q6_3', 'q7_3'), 0.04644878023702534), (('q7_3', 'q7_4'), 0.02709424093048815), (('q6_4', 'q7_4'), 0.010448641301824463), (('q6_4', 'q6_5'), 0.01781523031094745), (('q5_5', 'q6_5'), 0.010961269350474173), (('q4_3', 'q4_4'), 0.02350116479410508), (('q5_4', 'q5_5'), 0.010398304954639198), (('q5_3', 'q6_3'), 0.00374064060548826), (('q6_5', 'q6_6'), 0.03796795407535217), (('q5_1', 'q6_1'), 0.006685072607196585), (('q6_6', 'q6_7'), 0.02487376155985299), (('q4_4', 'q5_4'), 0.022522562736509405), (('q6_1', 'q7_1'), 0.004909018423935263), (('q6_6', 'q7_6'), 0.01485099501993356), (('q7_2', 'q7_3'), 0.019895297904621412), (('q6_2', 'q6_3'), 0.05543825610265912), (('q8_2', 'q8_3'), 0.007199057657346131), (('q8_3', 'q8_4'), 0.02640277936311025), (('q5_5', 'q5_6'), 0.011267153098583449), (('q5_3', 'q5_4'), 0.008131553722830781), (('q6_7', 'q7_7'), 0.01485099501993356), (('q6_5', 'q7_5'), 0.01485099501993356), (('q7_4', 'q7_5'), 0.01485099501993356), (('q7_1', 'q7_2'), 0.011877281275792878), (('q5_6', 'q6_6'), 0.020836728291567963), (('q5_2', 'q5_3'), 0.009148401604039319), (('q7_4', 'q8_4'), 0.010758112490618005), (('q7_6', 'q8_6'), 0.01485099501993356), (('q7_7', 'q8_7'), 0.029407920635757617), (('q8_4', 'q8_5'), 0.02371263746336999), (('q4_2', 'q4_3'), 0.00581342947993746), (('q6_1', 'q6_2'), 0.016947770982260912), (('q6_2', 'q7_2'), 0.015046596612733415), (('q7_2', 'q8_2'), 0.008683800396531965), (('q4_6', 'q4_7'), 0.12105369690665604), (('q4_1', 'q4_2'), 0.005450656461289893), (('q7_6', 'q7_7'), 0.00374064060548826), (('q7_5', 'q7_6'), 0.05852901745805386), (('q4_7', 'q5_7'), 0.01280551915670658), (('q5_4', 'q6_4'), 0.010010689368540465), (('q5_7', 'q6_7'), None))","(('q4_1', 0.00043399880238670363), ('q4_2', 0.0007334982998660755), ('q4_3', 0.0011366494831038798), ('q4_4', 0.0011725343137164446), ('q4_6', 0.000699938687988344), ('q4_7', 0.0033040594332174322), ('q5_1', 0.000807882415165273), ('q5_2', 0.0006040608809959602), ('q5_3', 0.0006106632150643665), ('q5_4', 0.002142187931706341), ('q5_5', 0.0008658947503383252), ('q5_6', 0.001337380252178888), ('q5_7', 0.0013275071433563879), ('q6_1', 0.0006176220489124695), ('q6_2', 0.002729830018109447), ('q6_3', 0.0027950805758230057), ('q6_4', 0.0009873534417292884), ('q6_5', 0.0018816725695889325), ('q6_6', 0.001688306092778591), ('q6_7', 0.0006313673828732824), ('q7_1', 0.0006279254150167168), ('q7_2', 0.0014550514746190513), ('q7_3', 0.0013692805472307334), ('q7_4', 0.0004931473887468951), ('q7_5', 0.012292952188011241), ('q7_6', 0.014183323243204093), ('q7_7', 0.0212900134817976), ('q8_2', 0.0010391728498169162), ('q8_3', 0.0007467608702951267), ('q8_4', 0.0013653098851750256), ('q8_5', 0.0015764334422885273), ('q8_6', 0.0009071298570205721), ('q8_7', 0.0005603696789185375))","(('q4_1', 5.8539999999995755), ('q4_2', 5.81199999999958), ('q4_3', 5.941999999999566), ('q4_4', 5.727999999999589), ('q4_6', 5.7179999999995905), ('q4_7', 5.965999999999563), ('q5_1', 5.6819999999995945), ('q5_2', 5.9179999999995685), ('q5_3', 5.711999999999591), ('q5_4', 5.949999999999565), ('q5_5', 6.049999999999554), ('q5_6', 5.925999999999568), ('q5_7', 5.941999999999566), ('q6_1', 6.1179999999995465), ('q6_2', 5.839999999999577), ('q6_3', 6.149999999999543), ('q6_4', 5.889999999999572), ('q6_5', 5.951999999999565), ('q6_6', 6.0359999999995555), ('q6_7', 5.709999999999591), ('q7_1', 5.883999999999572), ('q7_2', 5.757999999999586), ('q7_3', 6.105999999999548), ('q7_4', 5.915999999999569), ('q7_5', 6.109999999999547), ('q7_6', 6.119999999999546), ('q7_7', 6.131999999999545), ('q8_2', 5.739999999999588), ('q8_3', 5.745999999999587), ('q8_4', 5.945999999999565), ('q8_5', 6.033999999999556), ('q8_6', 5.943999999999566), ('q8_7', 5.797999999999582))","((('q7_3', 'q8_3'), 5.6319999999996), (('q4_1', 'q5_1'), 5.669999999999596), (('q7_5', 'q8_5'), 5.931999999999567), (('q5_6', 'q5_7'), 5.653999999999598), (('q8_6', 'q8_7'), 6.055999999999553), (('q8_5', 'q8_6'), 5.909999999999569), (('q4_2', 'q5_2'), 5.769999999999585), (('q4_6', 'q5_6'), 5.713999999999591), (('q4_3', 'q5_3'), 5.851999999999576), (('q5_2', 'q6_2'), 5.6999999999995925), (('q5_1', 'q5_2'), 5.687999999999594), (('q6_3', 'q6_4'), 5.683999999999594), (('q6_3', 'q7_3'), 5.713999999999591), (('q7_3', 'q7_4'), 5.7179999999995905), (('q6_4', 'q7_4'), 5.839999999999577), (('q6_4', 'q6_5'), 5.859999999999575), (('q5_5', 'q6_5'), 5.757999999999586), (('q4_3', 'q4_4'), 5.609999999999602), (('q5_4', 'q5_5'), 5.743999999999588), (('q5_3', 'q6_3'), 5.657999999999597), (('q6_5', 'q6_6'), 6.033999999999556), (('q5_1', 'q6_1'), 5.825999999999579), (('q6_6', 'q6_7'), 5.639999999999599), (('q4_4', 'q5_4'), 5.837999999999577), (('q6_1', 'q7_1'), 5.761999999999586), (('q6_6', 'q7_6'), 5.771999999999585), (('q7_2', 'q7_3'), 5.641999999999599), (('q6_2', 'q6_3'), 5.9719999999995625), (('q8_2', 'q8_3'), 5.807999999999581), (('q8_3', 'q8_4'), 5.691999999999593), (('q5_5', 'q5_6'), 5.841999999999577), (('q5_3', 'q5_4'), 5.8179999999995795), (('q6_7', 'q7_7'), 5.793999999999582), (('q6_5', 'q7_5'), 5.965999999999563), (('q7_4', 'q7_5'), 5.865999999999574), (('q7_1', 'q7_2'), 5.679999999999595), (('q5_6', 'q6_6'), 5.667999999999596), (('q5_2', 'q5_3'), 5.571999999999607), (('q7_4', 'q8_4'), 5.761999999999586), (('q7_6', 'q8_6'), 5.7359999999995885), (('q7_7', 'q8_7'), 5.595999999999604), (('q8_4', 'q8_5'), 5.737999999999588), (('q4_2', 'q4_3'), 5.729999999999589), (('q6_1', 'q6_2'), 5.90599999999957), (('q6_2', 'q7_2'), 5.839999999999577), (('q7_2', 'q8_2'), 5.909999999999569), (('q4_6', 'q4_7'), 5.72199999999959), (('q4_1', 'q4_2'), 5.669999999999596), (('q7_6', 'q7_7'), 5.783999999999583), (('q7_5', 'q7_6'), 5.919999999999568), (('q4_7', 'q5_7'), 5.743999999999588), (('q5_4', 'q6_4'), 5.6319999999996), (('q5_7', 'q6_7'), 5.615999999999602))",1
Baseline,33,,"((('q3_6', 'q4_6'), 0.012740989344465381), (('q3_7', 'q4_7'), 0.05350095669388971), (('q5_8', 'q6_8'), 0.010724544026165128), (('q5_6', 'q5_7'), 0.029062151616409737), (('q4_2', 'q5_2'), 0.007580009107993724), (('q4_6', 'q5_6'), 0.01485099501993356), (('q4_3', 'q5_3'), 0.09740168902596236), (('q5_2', 'q6_2'), 0.007299131310312179), (('q6_3', 'q7_3'), 0.011670570540137565), (('q3_2', 'q3_3'), 0.006238010305755881), (('q6_3', 'q6_4'), 0.010175012522072008), (('q3_3', 'q4_3'), 0.030513078433087815), (('q7_3', 'q7_4'), 0.006784930230991748), (('q6_4', 'q7_4'), 0.2805364193631399), (('q6_4', 'q6_5'), 0.002792819595755086), (('q5_5', 'q6_5'), 0.03264214170871488), (('q4_3', 'q4_4'), 0.00746262468812392), (('q5_4', 'q5_5'), 0.1137361519724045), (('q3_2', 'q4_2'), 0.0097750771592639), (('q5_3', 'q6_3'), 0.01926245675307242), (('q6_5', 'q6_6'), 0.08764331429065661), (('q6_7', 'q6_8'), 0.057215794084654326), (('q6_6', 'q6_7'), 0.029407920635757617), (('q4_4', 'q5_4'), 0.00374064060548826), (('q6_6', 'q7_6'), 0.032743434032750984), (('q7_2', 'q7_3'), 0.006838958583460175), (('q6_2', 'q6_3'), 0.007497332696750986), (('q6_8', 'q7_8'), 0.009958322594316782), (('q5_5', 'q5_6'), 0.00746262468812392), (('q5_3', 'q5_4'), 0.01485099501993356), (('q3_4', 'q3_5'), 0.05002534559238528), (('q5_7', 'q5_8'), 0.010834440474106838), (('q6_5', 'q7_5'), 0.03785415290353872), (('q6_7', 'q7_7'), 0.01485099501993356), (('q7_4', 'q7_5'), 0.008147992222220235), (('q5_6', 'q6_6'), 0.10379443748262243), (('q3_6', 'q3_7'), 0.005851480523033609), (('q5_2', 'q5_3'), 0.008002686948266668), (('q3_4', 'q4_4'), 0.01485099501993356), (('q3_5', 'q3_6'), 0.025342196048164373), (('q4_2', 'q4_3'), 0.029407920635757617), (('q6_2', 'q7_2'), 0.0055093305143363025), (('q4_6', 'q4_7'), 0.01361819569592465), (('q7_6', 'q7_7'), 0.012694203554681788), (('q3_7', 'q3_8'), 0.018610271292899994), (('q3_3', 'q3_4'), 0.05158057381362047), (('q7_5', 'q7_6'), 0.00746262468812392), (('q7_7', 'q7_8'), 0.015206258218740554), (('q4_7', 'q5_7'), 0.008977387606938753), (('q5_4', 'q6_4'), 0.002495837959107544), (('q5_7', 'q6_7'), 0.2956509489572985))","(('q3_2', 0.0012822449943375447), ('q3_3', 0.0005557666268641293), ('q3_4', 0.0016389886927344333), ('q3_5', 0.0006169822079000187), ('q3_6', 0.0005898487685177534), ('q3_7', 0.001442159109601604), ('q3_8', 0.0013216529215999695), ('q4_2', 0.001101338763543347), ('q4_3', 0.01353817481519587), ('q4_4', 0.007480824994288482), ('q4_6', 0.0013161789921545264), ('q4_7', 0.0015915878433445108), ('q5_2', 0.0006503362756289377), ('q5_3', 0.0005584801408850537), ('q5_4', 0.01673362583927518), ('q5_5', 0.0007860385652023183), ('q5_6', 0.0022781525260093805), ('q5_7', 0.0008041774066932517), ('q5_8', 0.0010463854443559795), ('q6_2', 0.0020639421332173113), ('q6_3', 0.0039334312476008715), ('q6_4', 0.0031949507725800297), ('q6_5', 0.030782138682498295), ('q6_6', 0.007143754072180986), ('q6_7', 0.010194743922750937), ('q6_8', 0.0017009672580559076), ('q7_2', 0.0010589290178357746), ('q7_3', 0.0011289685368797153), ('q7_4', 0.0007379001482940573), ('q7_5', 0.0004816603249906404), ('q7_6', 0.003455054301909566), ('q7_7', 0.006710471936679896), ('q7_8', 0.000888380279168044))","(('q3_2', 5.911999999999569), ('q3_3', 5.931999999999567), ('q3_4', 5.72599999999959), ('q3_5', 6.0999999999995485), ('q3_6', 6.195999999999538), ('q3_7', 5.779999999999584), ('q3_8', 5.751999999999587), ('q4_2', 5.913999999999569), ('q4_3', 5.893999999999571), ('q4_4', 5.99399999999956), ('q4_6', 6.009999999999558), ('q4_7', 5.889999999999572), ('q5_2', 5.957999999999564), ('q5_3', 5.869999999999574), ('q5_4', 5.873999999999573), ('q5_5', 5.885999999999572), ('q5_6', 5.787999999999583), ('q5_7', 5.9179999999995685), ('q5_8', 6.35999999999952), ('q6_2', 5.759999999999586), ('q6_3', 6.0179999999995575), ('q6_4', 5.741999999999588), ('q6_5', 6.109999999999547), ('q6_6', 6.091999999999549), ('q6_7', 5.783999999999583), ('q6_8', 5.90199999999957), ('q7_2', 5.845999999999576), ('q7_3', 5.855999999999575), ('q7_4', 5.937999999999566), ('q7_5', 5.765999999999585), ('q7_6', 5.71999999999959), ('q7_7', 6.101999999999548), ('q7_8', 5.831999999999578))","((('q3_6', 'q4_6'), 5.827999999999578), (('q3_7', 'q4_7'), 5.745999999999587), (('q5_8', 'q6_8'), 5.6339999999996), (('q5_6', 'q5_7'), 5.665999999999596), (('q4_2', 'q5_2'), 5.7819999999995835), (('q4_6', 'q5_6'), 5.685999999999594), (('q4_3', 'q5_3'), 5.821999999999579), (('q5_2', 'q6_2'), 5.641999999999599), (('q6_3', 'q7_3'), 5.797999999999582), (('q3_2', 'q3_3'), 5.697999999999593), (('q6_3', 'q6_4'), 6.009999999999558), (('q3_3', 'q4_3'), 5.761999999999586), (('q7_3', 'q7_4'), 5.715999999999591), (('q6_4', 'q7_4'), 5.847999999999576), (('q6_4', 'q6_5'), 5.767999999999585), (('q5_5', 'q6_5'), 6.0899999999995496), (('q4_3', 'q4_4'), 5.7999999999995815), (('q5_4', 'q5_5'), 5.81399999999958), (('q3_2', 'q4_2'), 5.789999999999583), (('q5_3', 'q6_3'), 5.647999999999598), (('q6_5', 'q6_6'), 6.0719999999995515), (('q6_7', 'q6_8'), 5.845999999999576), (('q6_6', 'q6_7'), 5.659999999999597), (('q4_4', 'q5_4'), 5.691999999999593), (('q6_6', 'q7_6'), 5.6639999999995965), (('q7_2', 'q7_3'), 5.803999999999581), (('q6_2', 'q6_3'), 5.897999999999571), (('q6_8', 'q7_8'), 5.687999999999594), (('q5_5', 'q5_6'), 5.621999999999601), (('q5_3', 'q5_4'), 5.893999999999571), (('q3_4', 'q3_5'), 5.6279999999996), (('q5_7', 'q5_8'), 5.807999999999581), (('q6_5', 'q7_5'), 5.847999999999576), (('q6_7', 'q7_7'), 5.759999999999586), (('q7_4', 'q7_5'), 5.601999999999603), (('q5_6', 'q6_6'), 5.5999999999996035), (('q3_6', 'q3_7'), 5.821999999999579), (('q5_2', 'q5_3'), 5.669999999999596), (('q3_4', 'q4_4'), 5.601999999999603), (('q3_5', 'q3_6'), 5.8999999999995705), (('q4_2', 'q4_3'), 6.011999999999558), (('q6_2', 'q7_2'), 5.8359999999995775), (('q4_6', 'q4_7'), 5.779999999999584), (('q7_6', 'q7_7'), 5.639999999999599), (('q3_7', 'q3_8'), 5.71999999999959), (('q3_3', 'q3_4'), 5.6819999999995945), (('q7_5', 'q7_6'), 5.863999999999574), (('q7_7', 'q7_8'), 5.639999999999599), (('q4_7', 'q5_7'), 5.801999999999581), (('q5_4', 'q6_4'), 5.833999999999578), (('q5_7', 'q6_7'), 5.867999999999574))",0
Baseline,33,,"((('q7_3', 'q8_3'), 0.04648475367767374), (('q5_8', 'q6_8'), 0.020149991254296784), (('q7_5', 'q8_5'), 0.02246170925069274), (('q5_6', 'q5_7'), 0.022582344587499026), (('q8_6', 'q8_7'), 0.007138255210221989), (('q8_5', 'q8_6'), 0.01203181253813021), (('q4_2', 'q5_2'), 0.007906739126487816), (('q4_6', 'q5_6'), 0.011936583074124124), (('q4_3', 'q5_3'), 0.004954130859972705), (('q5_2', 'q6_2'), 0.006866621280343904), (('q6_3', 'q7_3'), 0.07565060132793727), (('q6_3', 'q6_4'), 0.04212741432743791), (('q7_3', 'q7_4'), 0.00746262468812392), (('q6_4', 'q7_4'), 0.029407920635757617), (('q7_8', 'q8_8'), 0.005131196586646403), (('q6_4', 'q6_5'), 0.023991590375926575), (('q5_5', 'q6_5'), 0.024978112273685432), (('q4_3', 'q4_4'), 0.07908981555378275), (('q5_4', 'q5_5'), 0.01485099501993356), (('q6_7', 'q6_8'), 0.04422897404867135), (('q5_3', 'q6_3'), 0.007898157837326059), (('q6_5', 'q6_6'), 0.0397439951245489), (('q6_6', 'q6_7'), 0.007381532833869386), (('q4_4', 'q5_4'), 0.09485624615407359), (('q6_6', 'q7_6'), 0.016048860942466436), (('q7_2', 'q7_3'), 0.0039001393602006162), (('q6_2', 'q6_3'), 0.008840401178231178), (('q6_8', 'q7_8'), 0.12667660249294396), (('q8_2', 'q8_3'), 0.028212212549484583), (('q8_3', 'q8_4'), 0.05660605465308932), (('q5_5', 'q5_6'), 0.018259903763183705), (('q5_3', 'q5_4'), 0.029407920635757617), (('q5_7', 'q5_8'), 0.01268823352194845), (('q6_5', 'q7_5'), 0.03749235237888299), (('q6_7', 'q7_7'), 0.008370398130877144), (('q7_4', 'q7_5'), 0.12397170225783641), (('q5_6', 'q6_6'), 0.01713247123878442), (('q5_2', 'q5_3'), 0.007116404168213519), (('q7_4', 'q8_4'), 0.12793996326328075), (('q7_6', 'q8_6'), 0.015067469740970008), (('q7_7', 'q8_7'), 0.006223841454695289), (('q8_4', 'q8_5'), 0.01505677653725851), (('q4_2', 'q4_3'), 0.004843047107841614), (('q6_2', 'q7_2'), 0.01270812552613712), (('q7_2', 'q8_2'), 0.007323715739651543), (('q4_6', 'q4_7'), 0.011337775521946092), (('q7_6', 'q7_7'), 0.014329226779444204), (('q7_5', 'q7_6'), 0.012062874440687876), (('q7_7', 'q7_8'), 0.009834994970824906), (('q4_7', 'q5_7'), 0.010932798481715356), (('q5_4', 'q6_4'), 0.0636661177167066), (('q8_7', 'q8_8'), 0.006220533262982719), (('q5_7', 'q6_7'), 0.010575305715856298))","(('q4_2', 0.0009549115286875409), ('q4_3', 0.000711413887168777), ('q4_4', 0.015674939752788386), ('q4_6', 0.002979387652732368), ('q4_7', 0.0010896199897298398), ('q5_2', 0.0006224298419725827), ('q5_3', 0.000786740989674628), ('q5_4', 0.04645725209891999), ('q5_5', 0.003174552974605227), ('q5_6', 0.0010288911674824486), ('q5_7', 0.001784700486181734), ('q5_8', 0.0006341437124143257), ('q6_2', 0.0020456926573548806), ('q6_3', 0.0007262778726014885), ('q6_4', 0.017601718489753726), ('q6_5', 0.0008162896151042154), ('q6_6', 0.0008782438427106243), ('q6_7', 0.000795107864986988), ('q6_8', 0.001866030871710167), ('q7_2', 0.0013044133273232839), ('q7_3', 0.0023523924603289226), ('q7_4', 0.03481160696868246), ('q7_5', 0.0011016913550264684), ('q7_6', 0.0006613367937660097), ('q7_7', 0.0009236727312442183), ('q7_8', 0.0007446375705751351), ('q8_2', 0.0007926880326520891), ('q8_3', 0.0009369970557902008), ('q8_4', 0.0005997629175530372), ('q8_5', 0.0023404781450478973), ('q8_6', 0.0007876839760055376), ('q8_7', 0.0007679929992238099), ('q8_8', 0.0008095038316150438))","(('q4_2', 5.9999999999995595), ('q4_3', 5.943999999999566), ('q4_4', 5.985999999999561), ('q4_6', 6.063999999999552), ('q4_7', 5.705999999999592), ('q5_2', 5.751999999999587), ('q5_3', 5.839999999999577), ('q5_4', 5.715999999999591), ('q5_5', 5.985999999999561), ('q5_6', 5.861999999999575), ('q5_7', 5.81199999999958), ('q5_8', 5.847999999999576), ('q6_2', 5.975999999999562), ('q6_3', 5.937999999999566), ('q6_4', 6.069999999999552), ('q6_5', 6.157999999999542), ('q6_6', 5.80999999999958), ('q6_7', 5.933999999999567), ('q6_8', 5.821999999999579), ('q7_2', 5.939999999999566), ('q7_3', 6.005999999999559), ('q7_4', 5.7999999999995815), ('q7_5', 6.137999999999544), ('q7_6', 5.861999999999575), ('q7_7', 5.755999999999586), ('q7_8', 5.887999999999572), ('q8_2', 5.923999999999568), ('q8_3', 5.80999999999958), ('q8_4', 5.973999999999562), ('q8_5', 5.791999999999582), ('q8_6', 6.213999999999536), ('q8_7', 5.933999999999567), ('q8_8', 5.9819999999995614))","((('q7_3', 'q8_3'), 5.751999999999587), (('q5_8', 'q6_8'), 5.867999999999574), (('q7_5', 'q8_5'), 5.845999999999576), (('q5_6', 'q5_7'), 5.615999999999602), (('q8_6', 'q8_7'), 5.885999999999572), (('q8_5', 'q8_6'), 6.1539999999995425), (('q4_2', 'q5_2'), 6.063999999999552), (('q4_6', 'q5_6'), 5.729999999999589), (('q4_3', 'q5_3'), 5.787999999999583), (('q5_2', 'q6_2'), 5.72599999999959), (('q6_3', 'q7_3'), 5.819999999999579), (('q6_3', 'q6_4'), 6.08199999999955), (('q7_3', 'q7_4'), 5.741999999999588), (('q6_4', 'q7_4'), 5.7999999999995815), (('q7_8', 'q8_8'), 6.0999999999995485), (('q6_4', 'q6_5'), 6.007999999999559), (('q5_5', 'q6_5'), 5.845999999999576), (('q4_3', 'q4_4'), 5.787999999999583), (('q5_4', 'q5_5'), 5.689999999999594), (('q6_7', 'q6_8'), 5.885999999999572), (('q5_3', 'q6_3'), 5.675999999999595), (('q6_5', 'q6_6'), 6.047999999999554), (('q6_6', 'q6_7'), 5.819999999999579), (('q4_4', 'q5_4'), 5.751999999999587), (('q6_6', 'q7_6'), 5.867999999999574), (('q7_2', 'q7_3'), 6.039999999999555), (('q6_2', 'q6_3'), 5.8359999999995775), (('q6_8', 'q7_8'), 5.987999999999561), (('q8_2', 'q8_3'), 5.679999999999595), (('q8_3', 'q8_4'), 5.745999999999587), (('q5_5', 'q5_6'), 5.649999999999598), (('q5_3', 'q5_4'), 5.707999999999592), (('q5_7', 'q5_8'), 5.6359999999995996), (('q6_5', 'q7_5'), 5.589999999999605), (('q6_7', 'q7_7'), 5.5999999999996035), (('q7_4', 'q7_5'), 5.655999999999597), (('q5_6', 'q6_6'), 5.931999999999567), (('q5_2', 'q5_3'), 5.5819999999996055), (('q7_4', 'q8_4'), 5.859999999999575), (('q7_6', 'q8_6'), 6.121999999999546), (('q7_7', 'q8_7'), 5.831999999999578), (('q8_4', 'q8_5'), 5.605999999999603), (('q4_2', 'q4_3'), 6.049999999999554), (('q6_2', 'q7_2'), 5.753999999999587), (('q7_2', 'q8_2'), 5.847999999999576), (('q4_6', 'q4_7'), 5.739999999999588), (('q7_6', 'q7_7'), 5.859999999999575), (('q7_5', 'q7_6'), 5.641999999999599), (('q7_7', 'q7_8'), 5.8359999999995775), (('q4_7', 'q5_7'), 5.821999999999579), (('q5_4', 'q6_4'), 5.683999999999594), (('q8_7', 'q8_8'), 5.933999999999567), (('q5_7', 'q6_7'), 5.609999999999602))",0
Baseline,44,,"((('q9_5', 'q9_6'), 0.02029532587690369), (('q7_3', 'q8_3'), 0.005145130954461424), (('q8_5', 'q9_5'), 0.002495837959107544), (('q5_8', 'q6_8'), 0.0511365107338726), (('q7_5', 'q8_5'), 0.009683255841238081), (('q5_6', 'q5_7'), 0.013602622896245864), (('q6_9', 'q7_9'), 0.036474772261588434), (('q8_6', 'q8_7'), 0.014791417940999002), (('q8_5', 'q8_6'), 0.013587156983399795), (('q8_7', 'q9_7'), 0.0075333079209650156), (('q6_8', 'q6_9'), 0.18401993861760885), (('q10_5', 'q10_6'), 0.007362379857697332), (('q5_2', 'q6_2'), 0.08496485893475741), (('q5_1', 'q5_2'), 0.008334295867577696), (('q6_3', 'q6_4'), 0.021545861296901725), (('q6_3', 'q7_3'), 0.010275914509853878), (('q7_3', 'q7_4'), 0.002495837959107544), (('q9_6', 'q9_7'), 0.01976451073111435), (('q6_4', 'q7_4'), 0.01485099501993356), (('q7_8', 'q8_8'), 0.03861976911570994), (('q6_4', 'q6_5'), 0.15603216386395918), (('q5_5', 'q6_5'), 0.008451331889624991), (('q10_5', 'q11_5'), 0.01485099501993356), (('q5_10', 'q6_10'), 0.00374064060548826), (('q5_4', 'q5_5'), 0.009842212156352281), (('q6_7', 'q6_8'), 0.00746262468812392), (('q5_3', 'q6_3'), 0.012089970375175424), (('q6_5', 'q6_6'), 0.025494691664157465), (('q6_9', 'q6_10'), 0.019511610138561897), (('q5_1', 'q6_1'), 0.029407920635757617), (('q8_4', 'q9_4'), 0.009633544983831788), (('q6_6', 'q6_7'), 0.017029854798593924), (('q6_1', 'q7_1'), 0.015066397402078241), (('q6_6', 'q7_6'), 0.017875287681803742), (('q8_3', 'q8_4'), 0.02746402234084852), (('q9_6', 'q10_6'), 0.013350952909174096), (('q5_9', 'q6_9'), 0.00746262468812392), (('q6_2', 'q6_3'), 0.006319502130792909), (('q6_8', 'q7_8'), 0.025835609708884016), (('q7_2', 'q7_3'), 0.02293907473901524), (('q8_2', 'q8_3'), 0.029407920635757617), (('q5_5', 'q5_6'), 0.013932076216955441), (('q7_8', 'q7_9'), 0.025953800645545005), (('q5_3', 'q5_4'), 0.005202679668463717), (('q5_7', 'q5_8'), 0.12655946965900675), (('q6_5', 'q7_5'), 0.008674097741890818), (('q6_7', 'q7_7'), 0.009822915236202157), (('q9_5', 'q10_5'), 0.010623872680949886), (('q8_6', 'q9_6'), 0.023275033652977173), (('q7_4', 'q7_5'), 0.06512081951236276), (('q7_1', 'q7_2'), 0.00746262468812392), (('q5_6', 'q6_6'), 0.016279622272428684), (('q5_8', 'q5_9'), 0.06589753695966988), (('q5_2', 'q5_3'), 0.010335782680090999), (('q7_4', 'q8_4'), 0.00374064060548826), (('q7_6', 'q8_6'), 0.007720656365702988), (('q7_7', 'q8_7'), 0.007218827594725058), (('q8_4', 'q8_5'), 0.011337820896090867), (('q6_1', 'q6_2'), 0.011187951617517983), (('q6_2', 'q7_2'), 0.00746262468812392), (('q7_2', 'q8_2'), 0.029407920635757617), (('q10_4', 'q10_5'), 0.006208722714163367), (('q5_9', 'q5_10'), 0.01485099501993356), (('q7_6', 'q7_7'), 0.009977116749535303), (('q7_5', 'q7_6'), 0.014955511827323159), (('q9_4', 'q10_4'), 0.025446010924219914), (('q7_7', 'q7_8'), 0.02971150964048974), (('q9_4', 'q9_5'), 0.01485099501993356), (('q5_4', 'q6_4'), 0.07671579962375444), (('q8_7', 'q8_8'), 0.007536496794595421), (('q5_7', 'q6_7'), 0.007848171154214406))","(('q5_1', 0.0007761580846890603), ('q5_2', 0.0007718350752811132), ('q5_3', 0.0005443833343674043), ('q5_4', 0.0012730382195064727), ('q5_5', 0.0011351826830609535), ('q5_6', 0.0008438222368196135), ('q5_7', 0.0006190183820937167), ('q5_8', 0.01636509446474943), ('q5_9', 1.1923664479052132e-05), ('q5_10', 0.004817746587141514), ('q6_1', 0.0013516773729077558), ('q6_2', 0.001553590044946429), ('q6_3', 0.0007402490945697116), ('q6_4', 0.0007489380562871739), ('q6_5', 0.0005562314105110877), ('q6_6', 0.0010536927881616975), ('q6_7', 0.0008066563574710139), ('q6_8', 0.014805010339360158), ('q6_9', 0.007166779891309871), ('q6_10', 0.001156888684809676), ('q7_1', 0.000971698579677549), ('q7_2', 0.004799412081778087), ('q7_3', 0.0007216997728899388), ('q7_4', 0.0018628414964032003), ('q7_5', 0.0006261757888111341), ('q7_6', 0.000842888323402291), ('q7_7', 0.0012628087740124139), ('q7_8', 0.010357614148811978), ('q7_9', 0.0008233741332597799), ('q8_2', 0.007191927550275756), ('q8_3', 0.004131208807901188), ('q8_4', 0.0009335497968135931), ('q8_5', 0.0005521137812498633), ('q8_6', 0.0007836527013018735), ('q8_7', 0.0004721950838854627), ('q8_8', 0.0006938122384723133), ('q9_4', 0.0026113370548625503), ('q9_5', 0.002070027858482537), ('q9_6', 0.000857070043292607), ('q9_7', 0.0004914531292211644), ('q10_4', 0.0006013922935593774), ('q10_5', 0.0015203266659949977), ('q10_6', 0.0005920732320287003), ('q11_5', 0.0012524396001993288))","(('q5_1', 5.819999999999579), ('q5_2', 5.889999999999572), ('q5_3', 5.81199999999958), ('q5_4', 6.139999999999544), ('q5_5', 5.871999999999574), ('q5_6', 5.797999999999582), ('q5_7', 6.019999999999557), ('q5_8', 5.807999999999581), ('q5_9', 6.005999999999559), ('q5_10', 5.951999999999565), ('q6_1', 5.759999999999586), ('q6_2', 5.81199999999958), ('q6_3', 5.7999999999995815), ('q6_4', 6.17399999999954), ('q6_5', 6.0899999999995496), ('q6_6', 6.183999999999539), ('q6_7', 5.767999999999585), ('q6_8', 5.715999999999591), ('q6_9', 5.951999999999565), ('q6_10', 6.2899999999995275), ('q7_1', 6.077999999999551), ('q7_2', 5.753999999999587), ('q7_3', 5.773999999999584), ('q7_4', 5.867999999999574), ('q7_5', 5.773999999999584), ('q7_6', 5.7359999999995885), ('q7_7', 5.913999999999569), ('q7_8', 5.989999999999561), ('q7_9', 5.755999999999586), ('q8_2', 6.009999999999558), ('q8_3', 5.743999999999588), ('q8_4', 5.951999999999565), ('q8_5', 6.093999999999549), ('q8_6', 6.197999999999538), ('q8_7', 5.8999999999995705), ('q8_8', 5.771999999999585), ('q9_4', 5.9999999999995595), ('q9_5', 5.729999999999589), ('q9_6', 6.229999999999534), ('q9_7', 5.99199999999956), ('q10_4', 5.933999999999567), ('q10_5', 5.81599999999958), ('q10_6', 5.775999999999584), ('q11_5', 5.829999999999578))","((('q9_5', 'q9_6'), 5.7819999999995835), (('q7_3', 'q8_3'), 5.941999999999566), (('q8_5', 'q9_5'), 5.9359999999995665), (('q5_8', 'q6_8'), 5.72399999999959), (('q7_5', 'q8_5'), 5.745999999999587), (('q5_6', 'q5_7'), 5.72399999999959), (('q6_9', 'q7_9'), 5.807999999999581), (('q8_6', 'q8_7'), 5.5819999999996055), (('q8_5', 'q8_6'), 5.937999999999566), (('q8_7', 'q9_7'), 5.833999999999578), (('q6_8', 'q6_9'), 5.9999999999995595), (('q10_5', 'q10_6'), 5.655999999999597), (('q5_2', 'q6_2'), 5.761999999999586), (('q5_1', 'q5_2'), 5.751999999999587), (('q6_3', 'q6_4'), 6.113999999999547), (('q6_3', 'q7_3'), 5.773999999999584), (('q7_3', 'q7_4'), 5.8359999999995775), (('q9_6', 'q9_7'), 5.7179999999995905), (('q6_4', 'q7_4'), 5.841999999999577), (('q7_8', 'q8_8'), 5.755999999999586), (('q6_4', 'q6_5'), 6.057999999999553), (('q5_5', 'q6_5'), 5.707999999999592), (('q10_5', 'q11_5'), 5.659999999999597), (('q5_10', 'q6_10'), 5.767999999999585), (('q5_4', 'q5_5'), 5.845999999999576), (('q6_7', 'q6_8'), 5.959999999999564), (('q5_3', 'q6_3'), 5.639999999999599), (('q6_5', 'q6_6'), 5.793999999999582), (('q6_9', 'q6_10'), 5.943999999999566), (('q5_1', 'q6_1'), 5.625999999999601), (('q8_4', 'q9_4'), 5.879999999999573), (('q6_6', 'q6_7'), 5.607999999999603), (('q6_1', 'q7_1'), 5.761999999999586), (('q6_6', 'q7_6'), 5.667999999999596), (('q8_3', 'q8_4'), 5.673999999999595), (('q9_6', 'q10_6'), 6.063999999999552), (('q5_9', 'q6_9'), 6.033999999999556), (('q6_2', 'q6_3'), 5.893999999999571), (('q6_8', 'q7_8'), 5.72399999999959), (('q7_2', 'q7_3'), 5.6999999999995925), (('q8_2', 'q8_3'), 5.671999999999596), (('q5_5', 'q5_6'), 5.829999999999578), (('q7_8', 'q7_9'), 5.655999999999597), (('q5_3', 'q5_4'), 5.947999999999565), (('q5_7', 'q5_8'), 5.687999999999594), (('q6_5', 'q7_5'), 6.045999999999554), (('q6_7', 'q7_7'), 5.689999999999594), (('q9_5', 'q10_5'), 5.711999999999591), (('q8_6', 'q9_6'), 5.945999999999565), (('q7_4', 'q7_5'), 5.579999999999606), (('q7_1', 'q7_2'), 5.705999999999592), (('q5_6', 'q6_6'), 5.99599999999956), (('q5_8', 'q5_9'), 5.737999999999588), (('q5_2', 'q5_3'), 5.6819999999995945), (('q7_4', 'q8_4'), 5.669999999999596), (('q7_6', 'q8_6'), 5.873999999999573), (('q7_7', 'q8_7'), 5.8819999999995725), (('q8_4', 'q8_5'), 5.667999999999596), (('q6_1', 'q6_2'), 5.897999999999571), (('q6_2', 'q7_2'), 5.8999999999995705), (('q7_2', 'q8_2'), 5.773999999999584), (('q10_4', 'q10_5'), 5.6999999999995925), (('q5_9', 'q5_10'), 6.023999999999557), (('q7_6', 'q7_7'), 5.755999999999586), (('q7_5', 'q7_6'), 5.871999999999574), (('q9_4', 'q10_4'), 5.687999999999594), (('q7_7', 'q7_8'), 6.0999999999995485), (('q9_4', 'q9_5'), 5.595999999999604), (('q5_4', 'q6_4'), 5.939999999999566), (('q8_7', 'q8_8'), 5.575999999999606), (('q5_7', 'q6_7'), 5.885999999999572))",0
Baseline,47,,"((('q9_5', 'q9_6'), 0.01903581379031044), (('q3_6', 'q4_6'), 0.010323592016680927), (('q3_7', 'q4_7'), 0.010106934819142571), (('q8_5', 'q9_5'), 0.004679422979083803), (('q5_8', 'q6_8'), 0.01364872752204932), (('q7_5', 'q8_5'), 0.01485099501993356), (('q5_6', 'q5_7'), 0.0082008428602168), (('q2_4', 'q2_5'), 0.012572214495308875), (('q2_5', 'q3_5'), 0.009756558897441425), (('q2_4', 'q3_4'), 0.008921034830659896), (('q6_9', 'q7_9'), 0.030677961292690598), (('q8_5', 'q8_6'), None), (('q8_6', 'q8_7'), None), (('q8_7', 'q9_7'), 0.00746262468812392), (('q4_6', 'q5_6'), 0.012044642235068292), (('q1_4', 'q2_4'), 0.006977020144806667), (('q6_8', 'q6_9'), 0.03812073074451125), (('q10_5', 'q10_6'), 0.029407920635757617), (('q7_7', 'q8_7'), 0.028260162901050184), (('q9_6', 'q9_7'), 0.029407920635757617), (('q6_4', 'q7_4'), 0.0077184341894786235), (('q7_8', 'q8_8'), 0.007392932854593387), (('q2_6', 'q2_7'), 0.023317012550170546), (('q5_5', 'q6_5'), 0.009478516757298161), (('q6_4', 'q6_5'), 0.0171249221503727), (('q5_10', 'q6_10'), 0.006461932913999463), (('q2_7', 'q3_7'), 0.04761164175095775), (('q5_4', 'q5_5'), 0.006318630074324705), (('q4_9', 'q5_9'), 0.02674446869691957), (('q6_5', 'q6_6'), 0.015786867339736166), (('q6_7', 'q6_8'), 0.015279874804667998), (('q6_9', 'q6_10'), 0.05762907493935601), (('q8_4', 'q9_4'), 0.009845017895163233), (('q6_6', 'q6_7'), 0.012024403727294047), (('q4_4', 'q5_4'), 0.026215612190774035), (('q6_6', 'q7_6'), 0.01485099501993356), (('q9_6', 'q10_6'), 0.2934544163331254), (('q5_9', 'q6_9'), 0.02904782329177588), (('q6_8', 'q7_8'), 0.00395867338658884), (('q5_5', 'q5_6'), 0.007477375568546468), (('q7_8', 'q7_9'), 0.016127230112751523), (('q5_7', 'q5_8'), 0.019753221397942555), (('q3_4', 'q3_5'), 0.019389973130821414), (('q6_5', 'q7_5'), 0.012326576887670165), (('q6_7', 'q7_7'), 0.009368254958632694), (('q9_5', 'q10_5'), 0.029407920635757617), (('q8_6', 'q9_6'), None), (('q7_4', 'q7_5'), 0.022653516950227298), (('q2_5', 'q2_6'), 0.03696024488569297), (('q3_6', 'q3_7'), 0.015060665482439145), (('q5_6', 'q6_6'), 0.009236273703601805), (('q5_8', 'q5_9'), 0.020046606259726818), (('q7_4', 'q8_4'), 0.0053180119005413196), (('q3_4', 'q4_4'), 0.005735131133355609), (('q1_4', 'q1_5'), 0.007511934850616048), (('q7_6', 'q8_6'), None), (('q2_6', 'q3_6'), 0.011794217190980227), (('q3_5', 'q3_6'), 0.029407920635757617), (('q8_4', 'q8_5'), 0.07558668893593068), (('q4_6', 'q4_7'), 0.019809578990483467), (('q1_5', 'q2_5'), 0.010011893485528334), (('q5_9', 'q5_10'), 0.057431065764592615), (('q10_4', 'q10_5'), 0.055241911628986784), (('q7_6', 'q7_7'), 0.01485099501993356), (('q3_7', 'q3_8'), 0.005999437217538872), (('q7_5', 'q7_6'), 0.01485099501993356), (('q9_4', 'q10_4'), 0.025487267505579225), (('q7_7', 'q7_8'), 0.01022099779627611), (('q9_4', 'q9_5'), 0.006673742245299291), (('q4_7', 'q5_7'), 0.04996740709953687), (('q5_4', 'q6_4'), 0.011467244962418965), (('q8_7', 'q8_8'), 0.11193404513585348), (('q5_7', 'q6_7'), 0.011065459083924672))","(('q1_4', 0.0006628991239844284), ('q1_5', 0.0009103070143866576), ('q2_4', 0.004344764250502231), ('q2_5', 0.004290765378508532), ('q2_6', 0.0035269940927881716), ('q2_7', 0.004082670516877385), ('q3_4', 0.000805864323534522), ('q3_5', 0.0021734924594182248), ('q3_6', 0.0034303716051032884), ('q3_7', 0.0007119545996183696), ('q3_8', 0.0010435560011649025), ('q4_4', 0.0008156391885665859), ('q4_6', 0.001984459545083417), ('q4_7', 0.0005214326880091935), ('q4_9', 0.0023097357822597364), ('q5_4', 0.0005006919299546664), ('q5_5', 0.0009041979750325502), ('q5_6', 0.0008576453862325084), ('q5_7', 0.0016260042919626905), ('q5_8', 0.0009080210782317355), ('q5_9', 0.0014901889423044046), ('q5_10', 0.0008415125165358583), ('q6_4', 0.0008430895784330428), ('q6_5', 0.0007939492816502192), ('q6_6', 0.0009668571783063018), ('q6_7', 0.0005649098416798393), ('q6_8', 0.00992016423977432), ('q6_9', 0.01889571899167125), ('q6_10', 0.0012965940351427063), ('q7_4', 0.0006116410776355607), ('q7_5', 0.0007623440281591121), ('q7_6', 0.0011609911478332458), ('q7_7', 0.0010992169657983997), ('q7_8', 0.001385348230709238), ('q7_9', 0.0010043773296676273), ('q8_4', 0.0007632596006525438), ('q8_5', 0.0033683160427463443), ('q8_6', 2.342559479728834e-11), ('q8_7', 0.01267538430699483), ('q8_8', 0.0005635475157529379), ('q9_4', 0.001315005676968073), ('q9_5', 0.0011252744985360552), ('q9_6', 0.002470362464622178), ('q9_7', 0.000618911370528441), ('q10_4', 0.013095630615591047), ('q10_5', 0.0019514459465846956), ('q10_6', 0.0011176801467707165))","(('q1_4', 5.921999999999568), ('q1_5', 5.773999999999584), ('q2_4', 5.805999999999581), ('q2_5', 6.063999999999552), ('q2_6', 6.105999999999548), ('q2_7', 6.155999999999542), ('q3_4', 6.033999999999556), ('q3_5', 5.81199999999958), ('q3_6', 5.8359999999995775), ('q3_7', 5.945999999999565), ('q3_8', 5.841999999999577), ('q4_4', 5.951999999999565), ('q4_6', 5.743999999999588), ('q4_7', 6.183999999999539), ('q4_9', 6.075999999999551), ('q5_4', 5.889999999999572), ('q5_5', 6.0899999999995496), ('q5_6', 5.819999999999579), ('q5_7', 5.737999999999588), ('q5_8', 5.837999999999577), ('q5_9', 5.837999999999577), ('q5_10', 5.859999999999575), ('q6_4', 6.227999999999534), ('q6_5', 5.743999999999588), ('q6_6', 5.7179999999995905), ('q6_7', 5.777999999999584), ('q6_8', 5.961999999999564), ('q6_9', 6.26599999999953), ('q6_10', 6.013999999999558), ('q7_4', 5.893999999999571), ('q7_5', 5.945999999999565), ('q7_6', 5.969999999999563), ('q7_7', 6.113999999999547), ('q7_8', 5.841999999999577), ('q7_9', 6.2539999999995315), ('q8_4', 5.743999999999588), ('q8_5', 5.837999999999577), ('q8_6', 5.7999999999995815), ('q8_7', 5.753999999999587), ('q8_8', 5.987999999999561), ('q9_4', 6.1179999999995465), ('q9_5', 5.865999999999574), ('q9_6', 5.805999999999581), ('q9_7', 5.8359999999995775), ('q10_4', 5.863999999999574), ('q10_5', 5.873999999999573), ('q10_6', 6.1179999999995465))","((('q9_5', 'q9_6'), 5.771999999999585), (('q3_6', 'q4_6'), 5.6999999999995925), (('q3_7', 'q4_7'), 5.775999999999584), (('q8_5', 'q9_5'), 5.727999999999589), (('q5_8', 'q6_8'), 5.637999999999599), (('q7_5', 'q8_5'), 5.787999999999583), (('q5_6', 'q5_7'), 5.927999999999567), (('q2_4', 'q2_5'), 5.895999999999571), (('q2_5', 'q3_5'), 5.931999999999567), (('q2_4', 'q3_4'), 5.889999999999572), (('q6_9', 'q7_9'), 6.0999999999995485), (('q8_5', 'q8_6'), 5.951999999999565), (('q8_6', 'q8_7'), 5.785999999999583), (('q8_7', 'q9_7'), 5.977999999999562), (('q4_6', 'q5_6'), 5.587999999999605), (('q1_4', 'q2_4'), 5.81599999999958), (('q6_8', 'q6_9'), 5.99799999999956), (('q10_5', 'q10_6'), 5.859999999999575), (('q7_7', 'q8_7'), 5.731999999999589), (('q9_6', 'q9_7'), 5.759999999999586), (('q6_4', 'q7_4'), 6.023999999999557), (('q7_8', 'q8_8'), 5.641999999999599), (('q2_6', 'q2_7'), 6.037999999999555), (('q5_5', 'q6_5'), 5.861999999999575), (('q6_4', 'q6_5'), 5.701999999999592), (('q5_10', 'q6_10'), 5.839999999999577), (('q2_7', 'q3_7'), 5.649999999999598), (('q5_4', 'q5_5'), 5.871999999999574), (('q4_9', 'q5_9'), 5.713999999999591), (('q6_5', 'q6_6'), 5.779999999999584), (('q6_7', 'q6_8'), 5.961999999999564), (('q6_9', 'q6_10'), 5.761999999999586), (('q8_4', 'q9_4'), 5.837999999999577), (('q6_6', 'q6_7'), 5.697999999999593), (('q4_4', 'q5_4'), 5.839999999999577), (('q6_6', 'q7_6'), 5.941999999999566), (('q9_6', 'q10_6'), 5.639999999999599), (('q5_9', 'q6_9'), 5.847999999999576), (('q6_8', 'q7_8'), 5.973999999999562), (('q5_5', 'q5_6'), 5.7639999999995855), (('q7_8', 'q7_9'), 6.007999999999559), (('q5_7', 'q5_8'), 5.883999999999572), (('q3_4', 'q3_5'), 5.701999999999592), (('q6_5', 'q7_5'), 5.747999999999587), (('q6_7', 'q7_7'), 5.825999999999579), (('q9_5', 'q10_5'), 5.675999999999595), (('q8_6', 'q9_6'), 6.055999999999553), (('q7_4', 'q7_5'), 5.769999999999585), (('q2_5', 'q2_6'), 5.675999999999595), (('q3_6', 'q3_7'), 5.641999999999599), (('q5_6', 'q6_6'), 5.659999999999597), (('q5_8', 'q5_9'), 5.841999999999577), (('q7_4', 'q8_4'), 5.865999999999574), (('q3_4', 'q4_4'), 5.943999999999566), (('q1_4', 'q1_5'), 5.793999999999582), (('q7_6', 'q8_6'), 5.801999999999581), (('q2_6', 'q3_6'), 5.975999999999562), (('q3_5', 'q3_6'), 6.069999999999552), (('q8_4', 'q8_5'), 5.775999999999584), (('q4_6', 'q4_7'), 5.6459999999995985), (('q1_5', 'q2_5'), 5.961999999999564), (('q5_9', 'q5_10'), 5.647999999999598), (('q10_4', 'q10_5'), 5.713999999999591), (('q7_6', 'q7_7'), 5.843999999999577), (('q3_7', 'q3_8'), 5.959999999999564), (('q7_5', 'q7_6'), 5.977999999999562), (('q9_4', 'q10_4'), 5.81599999999958), (('q7_7', 'q7_8'), 5.701999999999592), (('q9_4', 'q9_5'), 5.897999999999571), (('q4_7', 'q5_7'), 5.609999999999602), (('q5_4', 'q6_4'), 5.793999999999582), (('q8_7', 'q8_8'), 5.733999999999589), (('q5_7', 'q6_7'), 5.6459999999995985))",4
Baseline,54,,"((('q5_10', 'q6_10'), 0.007562734803518628), (('q6_8', 'q7_8'), 0.01485099501993356), (('q9_6', 'q9_7'), 0.01485099501993356), (('q5_1', 'q5_2'), 0.011728605738658526), (('q5_6', 'q6_6'), 0.00746262468812392), (('q4_1', 'q4_2'), 0.004725619847375823), (('q8_5', 'q8_6'), 0.008799711755561046), (('q6_4', 'q7_4'), 0.010972110257856382), (('q8_4', 'q8_5'), 0.00903234512870335), (('q7_6', 'q7_7'), 0.002495837959107544), (('q8_5', 'q9_5'), 0.011086056435575364), (('q5_7', 'q6_7'), 0.010572406269568235), (('q7_5', 'q7_6'), 0.01485099501993356), (('q5_8', 'q6_8'), 0.01485099501993356), (('q6_5', 'q7_5'), 0.2888688963931545), (('q4_6', 'q5_6'), 0.009402320571511996), (('q10_5', 'q10_6'), 0.0056384582513665515), (('q6_2', 'q6_3'), 0.020402091245616344), (('q4_6', 'q4_7'), 0.04018661071709917), (('q5_9', 'q6_9'), 0.029407920635757617), (('q5_3', 'q6_3'), 0.01404977941439517), (('q4_4', 'q5_4'), 0.006968712120134279), (('q6_9', 'q6_10'), 0.00746262468812392), (('q5_2', 'q5_3'), 0.020650549044112815), (('q7_2', 'q8_2'), 0.00746262468812392), (('q3_6', 'q3_7'), 0.008109879625502636), (('q6_7', 'q7_7'), 0.01485099501993356), (('q5_9', 'q5_10'), 0.055790894920338285), (('q3_2', 'q3_3'), 0.014535452979838187), (('q8_2', 'q8_3'), 0.00374064060548826), (('q7_7', 'q8_7'), 0.10243404268973455), (('q7_2', 'q7_3'), 0.013041727264383518), (('q5_5', 'q6_5'), 0.007733392889597374), (('q7_4', 'q7_5'), 0.08588896403554375), (('q7_5', 'q8_5'), 0.00374064060548826), (('q8_7', 'q8_8'), 0.005567279114297524), (('q8_3', 'q8_4'), 0.007746043806024061), (('q6_5', 'q6_6'), 0.01149678300660889), (('q3_3', 'q3_4'), 0.009746665486236733), (('q7_8', 'q7_9'), 0.02011331743463518), (('q8_4', 'q9_4'), 0.014641377335829375), (('q5_4', 'q5_5'), 0.01009209256788221), (('q9_4', 'q10_4'), 0.005100918879496763), (('q6_7', 'q6_8'), 0.00746262468812392), (('q6_3', 'q7_3'), 0.00374064060548826), (('q6_9', 'q7_9'), 0.014850976691017592), (('q6_8', 'q6_9'), 0.01485099501993356), (('q10_4', 'q10_5'), 0.008519140317983454), (('q5_3', 'q5_4'), 0.011752037045001384), (('q6_1', 'q7_1'), 0.006111315905074383), (('q9_6', 'q10_6'), 0.009620112256378682), (('q7_4', 'q8_4'), 0.010153535759806903), (('q8_7', 'q9_7'), 0.007368095242346717), (('q6_4', 'q6_5'), 0.009526141674774669), (('q5_2', 'q6_2'), 0.012820805605039898), (('q8_6', 'q8_7'), 0.012760840292055847), (('q7_6', 'q8_6'), 0.019868382789918093), (('q6_6', 'q7_6'), 0.0057450474561102916), (('q4_1', 'q5_1'), 0.007506114405652131), (('q7_3', 'q7_4'), 0.02328775778740977), (('q4_7', 'q5_7'), 0.009643631098550626), (('q5_8', 'q5_9'), 0.05959709185583428), (('q5_1', 'q6_1'), 0.10999661755028056), (('q6_1', 'q6_2'), 0.007387033195780407), (('q7_3', 'q8_3'), 0.11702667216868853), (('q5_5', 'q5_6'), 0.007817537533816143), (('q5_7', 'q5_8'), 0.01634408581273894), (('q3_6', 'q4_6'), 0.017003219787740137), (('q9_5', 'q10_5'), 0.011926077363575788), (('q4_3', 'q4_4'), 0.023297527304323634), (('q7_8', 'q8_8'), 0.01485099501993356), (('q3_3', 'q4_3'), 0.0052639259991385245), (('q9_4', 'q9_5'), 0.007546430961967804), (('q5_6', 'q5_7'), 0.013567556855807517), (('q8_6', 'q9_6'), 0.04887373058901562), (('q7_1', 'q7_2'), 0.008393009658036882), (('q3_7', 'q4_7'), 0.014560455761990776), (('q5_4', 'q6_4'), 0.00801483341129014), (('q3_4', 'q4_4'), 0.006197362317157257), (('q4_2', 'q4_3'), 0.007401506396645774), (('q4_2', 'q5_2'), 0.01170002330698397), (('q4_3', 'q5_3'), 0.014086756419005836), (('q3_2', 'q4_2'), 0.01323952460071287), (('q6_6', 'q6_7'), 0.048574374171393625), (('q6_2', 'q7_2'), 0.017987322249927024), (('q9_5', 'q9_6'), 0.01054065306000218), (('q6_3', 'q6_4'), 0.015993746735797953), (('q7_7', 'q7_8'), 0.029407920635757617))","(('q3_2', 0.0006373296135347428), ('q3_3', 0.001985382042907047), ('q3_4', 0.0005174842163653826), ('q3_6', 0.0012786609939338112), ('q3_7', 0.00176103027540786), ('q4_1', 0.0007297079412808549), ('q4_2', 0.0007523412020857823), ('q4_3', 0.0005238081245544368), ('q4_4', 0.0021161646105483656), ('q4_6', 0.0008440110459393413), ('q4_7', 0.0017409246628077857), ('q5_1', 0.000642760550065069), ('q5_2', 0.0007806801805310126), ('q5_3', 0.0017031353473820898), ('q5_4', 0.0007213115733849529), ('q5_5', 0.000503724371907821), ('q5_6', 0.0006556654609624624), ('q5_7', 0.0014143332619950821), ('q5_8', 0.0024015170467838742), ('q5_9', 0.0007780743015751712), ('q5_10', 0.000857457585732524), ('q6_1', 0.0010523026288647985), ('q6_2', 0.0020139225605892985), ('q6_3', 0.00161940443175701), ('q6_4', 0.0017641435132473848), ('q6_5', 0.0002951219344312639), ('q6_6', 0.0016640257076742104), ('q6_7', 0.0009465055607459361), ('q6_8', 0.025934763474944167), ('q6_9', 0.002565488174497421), ('q6_10', 0.0004940620320779687), ('q7_1', 0.0014040081707858976), ('q7_2', 0.0006327525789449617), ('q7_3', 0.0021734582183218776), ('q7_4', 0.0005881854479948823), ('q7_5', 0.003400564821411045), ('q7_6', 0.0017868688393536947), ('q7_7', 0.010161861228557834), ('q7_8', 0.0012915369569744817), ('q7_9', 0.001206158275343483), ('q8_2', 0.012043602966801847), ('q8_3', 0.0006050008022547293), ('q8_4', 0.0008053561941059328), ('q8_5', 0.0016376021693274567), ('q8_6', 0.0013004227506954735), ('q8_7', 0.0006741222133945235), ('q8_8', 0.000550767029004473), ('q9_4', 0.0013782532086823451), ('q9_5', 0.0014836186799608853), ('q9_6', 0.0021430961465757625), ('q9_7', 0.0009963092893211511), ('q10_4', 0.0016352927707050102), ('q10_5', 0.000858662825359402), ('q10_6', 0.0005277611378434188))","(('q3_2', 5.8359999999995775), ('q3_3', 5.647999999999598), ('q3_4', 6.065999999999552), ('q3_6', 5.795999999999582), ('q3_7', 6.137999999999544), ('q4_1', 5.793999999999582), ('q4_2', 6.057999999999553), ('q4_3', 6.021999999999557), ('q4_4', 5.909999999999569), ('q4_6', 5.679999999999595), ('q4_7', 5.857999999999575), ('q5_1', 5.807999999999581), ('q5_2', 5.713999999999591), ('q5_3', 5.613999999999602), ('q5_4', 5.957999999999564), ('q5_5', 5.805999999999581), ('q5_6', 5.783999999999583), ('q5_7', 5.6999999999995925), ('q5_8', 6.003999999999559), ('q5_9', 5.833999999999578), ('q5_10', 5.99799999999956), ('q6_1', 5.779999999999584), ('q6_2', 6.003999999999559), ('q6_3', 6.013999999999558), ('q6_4', 5.611999999999602), ('q6_5', 5.657999999999597), ('q6_6', 5.6359999999995996), ('q6_7', 5.625999999999601), ('q6_8', 5.751999999999587), ('q6_9', 6.049999999999554), ('q6_10', 5.959999999999564), ('q7_1', 6.049999999999554), ('q7_2', 5.715999999999591), ('q7_3', 5.737999999999588), ('q7_4', 6.039999999999555), ('q7_5', 5.71999999999959), ('q7_6', 6.1179999999995465), ('q7_7', 5.819999999999579), ('q7_8', 6.211999999999536), ('q7_9', 5.807999999999581), ('q8_2', 6.031999999999556), ('q8_3', 5.8179999999995795), ('q8_4', 5.6819999999995945), ('q8_5', 5.839999999999577), ('q8_6', 6.005999999999559), ('q8_7', 5.591999999999604), ('q8_8', 5.757999999999586), ('q9_4', 5.969999999999563), ('q9_5', 5.807999999999581), ('q9_6', 6.08599999999955), ('q9_7', 5.99399999999956), ('q10_4', 5.7819999999995835), ('q10_5', 5.679999999999595), ('q10_6', 5.711999999999591))","((('q5_10', 'q6_10'), 5.883999999999572), (('q6_8', 'q7_8'), 5.861999999999575), (('q9_6', 'q9_7'), 6.025999999999557), (('q5_1', 'q5_2'), 5.651999999999598), (('q5_6', 'q6_6'), 5.687999999999594), (('q4_1', 'q4_2'), 5.751999999999587), (('q8_5', 'q8_6'), 6.163999999999541), (('q6_4', 'q7_4'), 5.641999999999599), (('q8_4', 'q8_5'), 5.829999999999578), (('q7_6', 'q7_7'), 5.72399999999959), (('q8_5', 'q9_5'), 5.729999999999589), (('q5_7', 'q6_7'), 5.671999999999596), (('q7_5', 'q7_6'), 5.591999999999604), (('q5_8', 'q6_8'), 5.945999999999565), (('q6_5', 'q7_5'), 5.7639999999995855), (('q4_6', 'q5_6'), 5.80999999999958), (('q10_5', 'q10_6'), 5.677999999999595), (('q6_2', 'q6_3'), 5.659999999999597), (('q4_6', 'q4_7'), 5.90399999999957), (('q5_9', 'q6_9'), 6.103999999999548), (('q5_3', 'q6_3'), 5.737999999999588), (('q4_4', 'q5_4'), 5.977999999999562), (('q6_9', 'q6_10'), 5.989999999999561), (('q5_2', 'q5_3'), 5.6319999999996), (('q7_2', 'q8_2'), 5.703999999999592), (('q3_6', 'q3_7'), 5.625999999999601), (('q6_7', 'q7_7'), 5.825999999999579), (('q5_9', 'q5_10'), 5.7179999999995905), (('q3_2', 'q3_3'), 5.659999999999597), (('q8_2', 'q8_3'), 5.701999999999592), (('q7_7', 'q8_7'), 5.851999999999576), (('q7_2', 'q7_3'), 5.755999999999586), (('q5_5', 'q6_5'), 5.797999999999582), (('q7_4', 'q7_5'), 5.707999999999592), (('q7_5', 'q8_5'), 5.72599999999959), (('q8_7', 'q8_8'), 5.655999999999597), (('q8_3', 'q8_4'), 5.659999999999597), (('q6_5', 'q6_6'), 6.105999999999548), (('q3_3', 'q3_4'), 5.591999999999604), (('q7_8', 'q7_9'), 5.72199999999959), (('q8_4', 'q9_4'), 5.989999999999561), (('q5_4', 'q5_5'), 5.9359999999995665), (('q9_4', 'q10_4'), 5.937999999999566), (('q6_7', 'q6_8'), 5.807999999999581), (('q6_3', 'q7_3'), 5.837999999999577), (('q6_9', 'q7_9'), 5.99799999999956), (('q6_8', 'q6_9'), 5.959999999999564), (('q10_4', 'q10_5'), 5.825999999999579), (('q5_3', 'q5_4'), 5.911999999999569), (('q6_1', 'q7_1'), 5.855999999999575), (('q9_6', 'q10_6'), 5.8539999999995755), (('q7_4', 'q8_4'), 5.713999999999591), (('q8_7', 'q9_7'), 5.683999999999594), (('q6_4', 'q6_5'), 5.865999999999574), (('q5_2', 'q6_2'), 5.727999999999589), (('q8_6', 'q8_7'), 5.915999999999569), (('q7_6', 'q8_6'), 5.859999999999575), (('q6_6', 'q7_6'), 5.657999999999597), (('q4_1', 'q5_1'), 5.657999999999597), (('q7_3', 'q7_4'), 5.911999999999569), (('q4_7', 'q5_7'), 5.877999999999573), (('q5_8', 'q5_9'), 5.667999999999596), (('q5_1', 'q6_1'), 5.6319999999996), (('q6_1', 'q6_2'), 5.729999999999589), (('q7_3', 'q8_3'), 5.6639999999995965), (('q5_5', 'q5_6'), 5.695999999999593), (('q5_7', 'q5_8'), 5.651999999999598), (('q3_6', 'q4_6'), 5.967999999999563), (('q9_5', 'q10_5'), 5.7179999999995905), (('q4_3', 'q4_4'), 5.651999999999598), (('q7_8', 'q8_8'), 6.007999999999559), (('q3_3', 'q4_3'), 5.825999999999579), (('q9_4', 'q9_5'), 5.879999999999573), (('q5_6', 'q5_7'), 5.575999999999606), (('q8_6', 'q9_6'), 5.677999999999595), (('q7_1', 'q7_2'), 5.871999999999574), (('q3_7', 'q4_7'), 5.709999999999591), (('q5_4', 'q6_4'), 5.747999999999587), (('q3_4', 'q4_4'), 5.837999999999577), (('q4_2', 'q4_3'), 5.705999999999592), (('q4_2', 'q5_2'), 5.647999999999598), (('q4_3', 'q5_3'), 5.583999999999605), (('q3_2', 'q4_2'), 5.6279999999996), (('q6_6', 'q6_7'), 5.9819999999995614), (('q6_2', 'q7_2'), 5.6359999999995996), (('q9_5', 'q9_6'), 5.689999999999594), (('q6_3', 'q6_4'), 5.639999999999599), (('q7_7', 'q7_8'), 5.893999999999571))",0
Baseline,62,,"((('q6_8', 'q7_8'), 0.0479060682208268), (('q9_6', 'q9_7'), 0.029407920635757617), (('q5_1', 'q5_2'), 0.016141061335470747), (('q5_6', 'q6_6'), 0.03763785960179061), (('q4_1', 'q4_2'), 0.00746262468812392), (('q8_5', 'q8_6'), 0.00746262468812392), (('q5_0', 'q5_1'), 0.01485099501993356), (('q6_4', 'q7_4'), 0.00899609172429261), (('q8_4', 'q8_5'), 0.01485099501993356), (('q7_6', 'q7_7'), 0.025709412781023372), (('q1_5', 'q2_5'), 0.01851234037192262), (('q5_0', 'q6_0'), 0.01886458566135521), (('q8_5', 'q9_5'), 0.002495837959107544), (('q5_7', 'q6_7'), 0.010143821563719041), (('q7_5', 'q7_6'), None), (('q5_8', 'q6_8'), 0.013323220995120955), (('q2_3', 'q3_3'), 0.006722248981113815), (('q6_0', 'q6_1'), 0.016644021100661294), (('q4_6', 'q5_6'), 0.01485099501993356), (('q6_5', 'q7_5'), 0.05889941731333451), (('q10_5', 'q10_6'), 0.00711826164155116), (('q3_5', 'q3_6'), None), (('q2_3', 'q2_4'), 0.011624202901103498), (('q6_2', 'q6_3'), 0.012853095126311331), (('q4_6', 'q4_7'), 0.00374064060548826), (('q5_9', 'q6_9'), 0.010220930045789722), (('q2_6', 'q2_7'), 0.01848108532410858), (('q5_3', 'q6_3'), 0.01603386592431777), (('q4_4', 'q5_4'), 0.020835353343353097), (('q5_2', 'q5_3'), 0.028078169597855418), (('q7_2', 'q8_2'), 0.01485099501993356), (('q3_6', 'q3_7'), None), (('q2_6', 'q3_6'), None), (('q6_7', 'q7_7'), 0.014055865683390123), (('q3_2', 'q3_3'), 0.008348669732615582), (('q8_2', 'q8_3'), 0.00746262468812392), (('q1_4', 'q2_4'), 0.017865193405757873), (('q7_7', 'q8_7'), 0.01485099501993356), (('q7_2', 'q7_3'), 0.011205631509320135), (('q5_5', 'q6_5'), 0.017390967760198328), (('q7_4', 'q7_5'), 0.0546123049502224), (('q7_5', 'q8_5'), 0.03263874165000655), (('q2_4', 'q2_5'), 0.012154268977236204), (('q8_7', 'q8_8'), 0.08551255228070509), (('q8_3', 'q8_4'), 0.04492096567938572), (('q6_5', 'q6_6'), 0.27592802586399945), (('q3_3', 'q3_4'), 0.01869720109348788), (('q7_8', 'q7_9'), 0.018932378341960987), (('q8_4', 'q9_4'), 0.22141114271541878), (('q5_4', 'q5_5'), 0.01485099501993356), (('q9_4', 'q10_4'), 0.029407920635757617), (('q6_7', 'q6_8'), 0.017364275771738658), (('q6_3', 'q7_3'), 0.013027308899451362), (('q6_9', 'q7_9'), 0.04414058006428134), (('q2_4', 'q3_4'), 0.016861883252252435), (('q6_8', 'q6_9'), 0.01350392207583212), (('q10_4', 'q10_5'), 0.00746262468812392), (('q5_3', 'q5_4'), 0.029407920635757617), (('q6_1', 'q7_1'), 0.011484562386088443), (('q9_6', 'q10_6'), 0.11468795954292374), (('q7_4', 'q8_4'), 0.01485099501993356), (('q3_4', 'q3_5'), 0.06101153456092051), (('q8_7', 'q9_7'), 0.07522398257072987), (('q6_4', 'q6_5'), 0.012936537045822677), (('q5_2', 'q6_2'), 0.023188632359283368), (('q8_6', 'q8_7'), 0.01485099501993356), (('q7_6', 'q8_6'), None), (('q2_5', 'q3_5'), 0.029407920635757617), (('q6_6', 'q7_6'), 0.0031560033590282977), (('q4_1', 'q5_1'), 0.018827068835960636), (('q7_3', 'q7_4'), 0.012001337796824996), (('q4_7', 'q5_7'), 0.015834133651943527), (('q5_8', 'q5_9'), 0.013097678152683645), (('q5_1', 'q6_1'), 0.022504600244055706), (('q6_1', 'q6_2'), 0.05504424710149952), (('q7_3', 'q8_3'), 0.022412038261102912), (('q5_5', 'q5_6'), 0.01641862873635702), (('q5_7', 'q5_8'), 0.01610857128383908), (('q3_6', 'q4_6'), None), (('q9_5', 'q10_5'), 0.27639899120339706), (('q2_5', 'q2_6'), 0.01485099501993356), (('q4_3', 'q4_4'), 0.011460335556063739), (('q7_8', 'q8_8'), 0.017677394857946754), (('q3_3', 'q4_3'), 0.010701001318332987), (('q9_4', 'q9_5'), 0.00746262468812392), (('q5_6', 'q5_7'), 0.025918718800581553), (('q8_6', 'q9_6'), 0.2778278795741625), (('q7_1', 'q7_2'), 0.024610045696510263), (('q3_7', 'q4_7'), 0.029407920635757617), (('q2_7', 'q3_7'), 0.029407920635757617), (('q5_4', 'q6_4'), 0.013608203342600211), (('q3_4', 'q4_4'), 0.02947793242188157), (('q4_2', 'q4_3'), 0.028966817086968716), (('q4_2', 'q5_2'), 0.07317412633614642), (('q4_3', 'q5_3'), 0.031164443337110215), (('q1_4', 'q1_5'), 0.030169840746864962), (('q3_2', 'q4_2'), 0.013228742022853623), (('q6_6', 'q6_7'), 0.08104001919692139), (('q6_2', 'q7_2'), 0.009204119869404115), (('q9_5', 'q9_6'), 0.01485099501993356), (('q6_3', 'q6_4'), 0.01339035950141193), (('q7_7', 'q7_8'), 0.03587326316313047))","(('q1_4', 0.0013370446041032769), ('q1_5', 0.0016145303430312175), ('q2_3', 0.000630521991065891), ('q2_4', 0.0012143024957959048), ('q2_5', 0.0009265431808892499), ('q2_6', 0.07672099373718694), ('q2_7', 0.0011228448553199932), ('q3_2', 0.0008304336366745657), ('q3_3', 0.0009195173632199904), ('q3_4', 0.0008185333898551583), ('q3_5', 0.004752730691873819), ('q3_6', None), ('q3_7', 0.002835759823613171), ('q4_1', 0.001356032623090031), ('q4_2', 0.0016082637392044186), ('q4_3', 0.0018818456482805335), ('q4_4', 0.0011598787521060472), ('q4_6', 0.008219966087083641), ('q4_7', 0.000698245869625469), ('q5_0', 0.0009570151091227164), ('q5_1', 0.020106216661693654), ('q5_2', 0.0018377439357936676), ('q5_3', 0.0034565077935638233), ('q5_4', 0.003271984728788757), ('q5_5', 0.0007737924631923132), ('q5_6', 0.0018789989566717624), ('q5_7', 0.0015377064447801847), ('q5_8', 0.0007797824972944345), ('q5_9', 0.0005516222486044997), ('q6_0', 0.0016400081147940337), ('q6_1', 0.0008122770394268231), ('q6_2', 0.002183882318438468), ('q6_3', 0.0008290037607850409), ('q6_4', 0.0012892264677334397), ('q6_5', 0.00440230031607286), ('q6_6', 0.0046455563968876845), ('q6_7', 0.0010150247169246063), ('q6_8', 0.006926871014420799), ('q6_9', 0.0013193100412567382), ('q7_1', 0.002346488153151305), ('q7_2', 0.003985914981594008), ('q7_3', 0.001305724706917144), ('q7_4', 0.001135262713022056), ('q7_5', 0.01600369910784999), ('q7_6', 0.013832809489729425), ('q7_7', 0.011565972527909363), ('q7_8', 0.0014829403015421128), ('q7_9', 0.00048316273733778337), ('q8_2', 0.01066179708637588), ('q8_3', 0.0018801756565660077), ('q8_4', 0.024831825139693564), ('q8_5', 0.025498528463058723), ('q8_6', 0.01795384356735763), ('q8_7', 0.031922889500183904), ('q8_8', 0.0006098604241443484), ('q9_4', None), ('q9_5', 0.001673756553323913), ('q9_6', 0.00978195930072323), ('q9_7', None), ('q10_4', 0.0027171058464746656), ('q10_5', 0.0005340720272214994), ('q10_6', 0.0005295519299237661))","(('q1_4', 5.603999999999603), ('q1_5', 5.685999999999594), ('q2_3', 5.715999999999591), ('q2_4', 5.753999999999587), ('q2_5', 5.549999999999609), ('q2_6', 5.523999999999612), ('q2_7', 5.639999999999599), ('q3_2', 5.7639999999995855), ('q3_3', 5.739999999999588), ('q3_4', 5.885999999999572), ('q3_5', 5.571999999999607), ('q3_6', 5.613999999999602), ('q3_7', 6.165999999999541), ('q4_1', 5.919999999999568), ('q4_2', 5.861999999999575), ('q4_3', 5.81399999999958), ('q4_4', 5.659999999999597), ('q4_6', 5.891999999999571), ('q4_7', 5.81399999999958), ('q5_0', 6.063999999999552), ('q5_1', 5.80999999999958), ('q5_2', 5.861999999999575), ('q5_3', 5.827999999999578), ('q5_4', 5.567999999999607), ('q5_5', 5.779999999999584), ('q5_6', 5.939999999999566), ('q5_7', 5.9359999999995665), ('q5_8', 5.945999999999565), ('q5_9', 5.749999999999587), ('q6_0', 5.511999999999613), ('q6_1', 5.983999999999561), ('q6_2', 6.009999999999558), ('q6_3', 5.983999999999561), ('q6_4', 5.595999999999604), ('q6_5', 5.913999999999569), ('q6_6', 5.911999999999569), ('q6_7', 5.773999999999584), ('q6_8', 5.6179999999996015), ('q6_9', 5.6319999999996), ('q7_1', 5.713999999999591), ('q7_2', 5.703999999999592), ('q7_3', 5.741999999999588), ('q7_4', 5.751999999999587), ('q7_5', 5.90399999999957), ('q7_6', 5.7179999999995905), ('q7_7', 5.807999999999581), ('q7_8', 5.683999999999594), ('q7_9', 6.095999999999549), ('q8_2', 5.9719999999995625), ('q8_3', 5.659999999999597), ('q8_4', 5.963999999999563), ('q8_5', 5.641999999999599), ('q8_6', 5.975999999999562), ('q8_7', 5.80999999999958), ('q8_8', 5.745999999999587), ('q9_4', 5.679999999999595), ('q9_5', 5.691999999999593), ('q9_6', 5.81599999999958), ('q9_7', 5.53999999999961), ('q10_4', 5.701999999999592), ('q10_5', 6.0179999999995575), ('q10_6', 6.17399999999954))","((('q6_8', 'q7_8'), 6.055999999999553), (('q9_6', 'q9_7'), 6.067999999999552), (('q5_1', 'q5_2'), 5.625999999999601), (('q5_6', 'q6_6'), 5.919999999999568), (('q4_1', 'q4_2'), 5.619999999999601), (('q8_5', 'q8_6'), 5.579999999999606), (('q5_0', 'q5_1'), 5.7999999999995815), (('q6_4', 'q7_4'), 5.6299999999996), (('q8_4', 'q8_5'), 5.843999999999577), (('q7_6', 'q7_7'), 5.801999999999581), (('q1_5', 'q2_5'), 5.947999999999565), (('q5_0', 'q6_0'), 5.963999999999563), (('q8_5', 'q9_5'), 5.791999999999582), (('q5_7', 'q6_7'), 5.683999999999594), (('q7_5', 'q7_6'), 5.80999999999958), (('q5_8', 'q6_8'), 5.621999999999601), (('q2_3', 'q3_3'), 5.761999999999586), (('q6_0', 'q6_1'), 5.825999999999579), (('q4_6', 'q5_6'), 5.775999999999584), (('q6_5', 'q7_5'), 6.115999999999547), (('q10_5', 'q10_6'), 5.753999999999587), (('q3_5', 'q3_6'), 6.021999999999557), (('q2_3', 'q2_4'), 5.587999999999605), (('q6_2', 'q6_3'), 5.771999999999585), (('q4_6', 'q4_7'), 5.621999999999601), (('q5_9', 'q6_9'), 5.677999999999595), (('q2_6', 'q2_7'), 5.885999999999572), (('q5_3', 'q6_3'), 5.743999999999588), (('q4_4', 'q5_4'), 5.731999999999589), (('q5_2', 'q5_3'), 5.595999999999604), (('q7_2', 'q8_2'), 5.777999999999584), (('q3_6', 'q3_7'), 5.787999999999583), (('q2_6', 'q3_6'), 5.695999999999593), (('q6_7', 'q7_7'), 5.931999999999567), (('q3_2', 'q3_3'), 5.793999999999582), (('q8_2', 'q8_3'), 5.879999999999573), (('q1_4', 'q2_4'), 5.741999999999588), (('q7_7', 'q8_7'), 5.843999999999577), (('q7_2', 'q7_3'), 6.013999999999558), (('q5_5', 'q6_5'), 5.565999999999607), (('q7_4', 'q7_5'), 5.671999999999596), (('q7_5', 'q8_5'), 5.677999999999595), (('q2_4', 'q2_5'), 5.787999999999583), (('q8_7', 'q8_8'), 5.841999999999577), (('q8_3', 'q8_4'), 5.821999999999579), (('q6_5', 'q6_6'), 5.589999999999605), (('q3_3', 'q3_4'), 5.685999999999594), (('q7_8', 'q7_9'), 6.0719999999995515), (('q8_4', 'q9_4'), 5.683999999999594), (('q5_4', 'q5_5'), 5.873999999999573), (('q9_4', 'q10_4'), 5.787999999999583), (('q6_7', 'q6_8'), 5.597999999999604), (('q6_3', 'q7_3'), 5.957999999999564), (('q6_9', 'q7_9'), 5.6819999999995945), (('q2_4', 'q3_4'), 5.679999999999595), (('q6_8', 'q6_9'), 5.673999999999595), (('q10_4', 'q10_5'), 5.665999999999596), (('q5_3', 'q5_4'), 5.695999999999593), (('q6_1', 'q7_1'), 5.8819999999995725), (('q9_6', 'q10_6'), 5.841999999999577), (('q7_4', 'q8_4'), 5.647999999999598), (('q3_4', 'q3_5'), 5.81399999999958), (('q8_7', 'q9_7'), 5.739999999999588), (('q6_4', 'q6_5'), 5.801999999999581), (('q5_2', 'q6_2'), 5.657999999999597), (('q8_6', 'q8_7'), 5.893999999999571), (('q7_6', 'q8_6'), 5.785999999999583), (('q2_5', 'q3_5'), 5.767999999999585), (('q6_6', 'q7_6'), 5.753999999999587), (('q4_1', 'q5_1'), 5.611999999999602), (('q7_3', 'q7_4'), 5.6339999999996), (('q4_7', 'q5_7'), 5.689999999999594), (('q5_8', 'q5_9'), 5.837999999999577), (('q5_1', 'q6_1'), 5.743999999999588), (('q6_1', 'q6_2'), 5.6319999999996), (('q7_3', 'q8_3'), 6.021999999999557), (('q5_5', 'q5_6'), 5.591999999999604), (('q5_7', 'q5_8'), 5.673999999999595), (('q3_6', 'q4_6'), 5.855999999999575), (('q9_5', 'q10_5'), 5.697999999999593), (('q2_5', 'q2_6'), 5.871999999999574), (('q4_3', 'q4_4'), 5.767999999999585), (('q7_8', 'q8_8'), 6.021999999999557), (('q3_3', 'q4_3'), 5.81599999999958), (('q9_4', 'q9_5'), 5.841999999999577), (('q5_6', 'q5_7'), 5.833999999999578), (('q8_6', 'q9_6'), 5.8999999999995705), (('q7_1', 'q7_2'), 5.911999999999569), (('q3_7', 'q4_7'), 5.793999999999582), (('q2_7', 'q3_7'), 6.019999999999557), (('q5_4', 'q6_4'), 5.795999999999582), (('q3_4', 'q4_4'), 5.861999999999575), (('q4_2', 'q4_3'), 5.6359999999995996), (('q4_2', 'q5_2'), 5.683999999999594), (('q4_3', 'q5_3'), 5.883999999999572), (('q1_4', 'q1_5'), 5.939999999999566), (('q3_2', 'q4_2'), 5.915999999999569), (('q6_6', 'q6_7'), 5.643999999999599), (('q6_2', 'q7_2'), 5.607999999999603), (('q9_5', 'q9_6'), 5.921999999999568), (('q6_3', 'q6_4'), 5.677999999999595), (('q7_7', 'q7_8'), 5.665999999999596))",9
Baseline,68,,"((('q3_6', 'q4_6'), 0.011156762501104034), (('q7_5', 'q8_5'), 0.01485099501993356), (('q2_4', 'q2_5'), 0.029397258963731798), (('q4_2', 'q5_2'), 0.06824834531017182), (('q1_4', 'q2_4'), 0.007448903936911472), (('q10_5', 'q10_6'), 0.00746262468812392), (('q5_2', 'q6_2'), 0.03196175288510619), (('q3_2', 'q3_3'), 0.008872676611423491), (('q7_3', 'q7_4'), 0.011017669094276816), (('q6_4', 'q7_4'), 0.020451629455020826), (('q7_8', 'q8_8'), 0.01485099501993356), (('q10_5', 'q11_5'), 0.022343804645226506), (('q5_10', 'q6_10'), 0.030705681649864536), (('q5_4', 'q5_5'), 0.2999524980741459), (('q3_2', 'q4_2'), 0.007141445931594853), (('q8_4', 'q9_4'), 0.01762291692856363), (('q6_9', 'q6_10'), 0.026179419936394666), (('q2_3', 'q2_4'), 0.017536279585114667), (('q6_0', 'q6_1'), 0.01485099501993356), (('q6_6', 'q7_6'), 0.00746262468812392), (('q9_6', 'q10_6'), 0.00374064060548826), (('q7_2', 'q7_3'), 0.01485099501993356), (('q6_2', 'q6_3'), None), (('q8_2', 'q8_3'), 0.01669989125130844), (('q8_6', 'q9_6'), 0.036625515000696385), (('q5_6', 'q6_6'), 0.029407920635757617), (('q7_4', 'q8_4'), 0.009599177070012288), (('q7_7', 'q8_7'), 0.00783335760067766), (('q3_4', 'q4_4'), 0.008869761610185434), (('q4_6', 'q4_7'), 0.02004859814254742), (('q5_9', 'q5_10'), 0.011653267489152297), (('q7_5', 'q7_6'), 0.029407920635757617), (('q7_7', 'q7_8'), 0.006085444142282431), (('q9_4', 'q9_5'), 0.020754430343758734), (('q5_4', 'q6_4'), 0.011261528872781285), (('q8_7', 'q8_8'), 0.02780533851213879), (('q5_7', 'q6_7'), 0.00972933717902777), (('q3_7', 'q4_7'), 0.006501563499943963), (('q8_5', 'q9_5'), 0.011567937341712853), (('q8_7', 'q9_7'), 0.2988048926178315), (('q4_6', 'q5_6'), 0.014891392594826997), (('q4_3', 'q5_3'), 0.012475919841322985), (('q6_3', 'q6_4'), 0.14000396293437614), (('q5_0', 'q5_1'), 0.008337561671984434), (('q5_5', 'q6_5'), 0.1315600643726985), (('q4_9', 'q5_9'), 0.10639242855878728), (('q6_5', 'q6_6'), 0.01485099501993356), (('q4_4', 'q5_4'), 0.00898101582896782), (('q9_5', 'q10_5'), 0.07189192149606119), (('q5_0', 'q6_0'), 0.013970272755860574), (('q5_8', 'q5_9'), 0.02127599967593069), (('q7_6', 'q8_6'), 0.04331119418081311), (('q1_4', 'q1_5'), 0.01075391884189339), (('q2_6', 'q3_6'), 0.014867717451732182), (('q3_5', 'q3_6'), 0.00746262468812392), (('q6_1', 'q6_2'), 0.28376325417450016), (('q6_2', 'q7_2'), 0.029407920635757617), (('q10_4', 'q10_5'), 0.29032159067345426), (('q3_3', 'q3_4'), 0.017296168513327326), (('q9_5', 'q9_6'), 0.1308031319107554), (('q2_5', 'q3_5'), 0.016710425803945578), (('q6_9', 'q7_9'), 0.03052920778466167), (('q8_6', 'q8_7'), 0.20531176723049221), (('q6_8', 'q6_9'), 0.01002463208809179), (('q5_1', 'q5_2'), 0.1259666778827503), (('q6_3', 'q7_3'), 0.029407920635757617), (('q9_6', 'q9_7'), 0.00746262468812392), (('q3_3', 'q4_3'), 0.018818670946807475), (('q2_6', 'q2_7'), 0.022400597884334822), (('q4_3', 'q4_4'), 0.009689521653750588), (('q5_3', 'q6_3'), 0.00844274175019713), (('q8_3', 'q8_4'), 0.0515324239210842), (('q5_5', 'q5_6'), 0.01485099501993356), (('q5_7', 'q5_8'), 0.02180098528010227), (('q3_4', 'q3_5'), 0.06993714004811266), (('q6_7', 'q7_7'), 0.01164133154928948), (('q7_4', 'q7_5'), 0.08213167839807359), (('q5_2', 'q5_3'), 0.046303062916622145), (('q8_4', 'q8_5'), 0.019568023764773262), (('q7_2', 'q8_2'), 0.01485099501993356), (('q1_5', 'q2_5'), 0.25323322161584755), (('q7_6', 'q7_7'), 0.022016280016596806), (('q3_7', 'q3_8'), 0.016519887539517553), (('q9_4', 'q10_4'), 0.029407920635757617), (('q4_7', 'q5_7'), 0.009142821254859657), (('q7_3', 'q8_3'), 0.012088998334005785), (('q4_1', 'q5_1'), 0.007112395269958327), (('q5_8', 'q6_8'), 0.014346129334180308), (('q5_6', 'q5_7'), 0.010081654282123376), (('q2_4', 'q3_4'), 0.007907148280034942), (('q8_5', 'q8_6'), 0.05616048074415528), (('q2_3', 'q3_3'), 0.004803123093876732), (('q6_4', 'q6_5'), 0.029407920635757617), (('q2_7', 'q3_7'), 0.01244509557964471), (('q6_7', 'q6_8'), 0.011129865267194061), (('q6_6', 'q6_7'), 0.023984577782184213), (('q6_1', 'q7_1'), 0.00746262468812392), (('q5_9', 'q6_9'), 0.013264001834551509), (('q6_8', 'q7_8'), 0.029407920635757617), (('q7_8', 'q7_9'), 0.11274856411318446), (('q5_3', 'q5_4'), 0.02320894843235613), (('q6_5', 'q7_5'), 0.029407920635757617), (('q0_5', 'q1_5'), 0.011465187483576833), (('q7_1', 'q7_2'), 0.032026247204580915), (('q2_5', 'q2_6'), 0.27277437823199746), (('q3_6', 'q3_7'), 0.01978340671727022), (('q4_2', 'q4_3'), 0.005718886031595982), (('q4_1', 'q4_2'), 0.007363349068578218), (('q5_1', 'q6_1'), 0.01412375012574793))","(('q0_5', 0.000941515431095663), ('q1_4', 0.000507271162799916), ('q1_5', 0.0019202332022396629), ('q2_3', 0.0005298695673199294), ('q2_4', 0.0015737977725119867), ('q2_5', 0.009994087355057135), ('q2_6', 0.000838964243059348), ('q2_7', 0.0023950333152932823), ('q3_2', 0.0006229767937938058), ('q3_3', 0.0006472657514197122), ('q3_4', 0.0007143527591944587), ('q3_5', 0.053192153929158825), ('q3_6', 0.0011482908656446078), ('q3_7', 0.00082569606591687), ('q3_8', 0.0017146818835950817), ('q4_1', 0.000662100894888773), ('q4_2', 0.0007644592164738895), ('q4_3', 0.0006817525134048541), ('q4_4', 0.0014542860227564902), ('q4_6', 0.0012057970244416238), ('q4_7', 0.0014426067754595429), ('q4_9', 0.0022554467379050647), ('q5_0', 0.0009338586310758679), ('q5_1', 0.0005760141233274729), ('q5_2', 0.0018905823731590332), ('q5_3', 0.0018297284332947639), ('q5_4', 0.0030668437233646317), ('q5_5', 0.001828903933368542), ('q5_6', 0.001905871958882921), ('q5_7', 0.001019685969762485), ('q5_8', 0.0033062964537019512), ('q5_9', 0.0008215826104442381), ('q5_10', 0.0008760460147344551), ('q6_0', 0.0015999771494705772), ('q6_1', 0.005105694849681652), ('q6_2', 0.045729307941443476), ('q6_3', 0.036044415687198406), ('q6_4', 0.030636483785407065), ('q6_5', 0.00623510830596169), ('q6_6', 0.003674547487905966), ('q6_7', 0.002362743407456791), ('q6_8', 0.0009522875574906609), ('q6_9', 0.0009770396224750844), ('q6_10', 0.0005969698098709508), ('q7_1', 0.0009132868420073104), ('q7_2', 0.023908906443161182), ('q7_3', 0.0006409361010240033), ('q7_4', 0.0007211093126034407), ('q7_5', 0.042017219573625586), ('q7_6', 0.002015627655564567), ('q7_7', 0.0017857419731469593), ('q7_8', 0.002842152992825253), ('q7_9', 0.0009454420784721362), ('q8_2', 0.0007012573899416452), ('q8_3', 0.0010643695132954711), ('q8_4', 0.0008691055191348274), ('q8_5', 0.0009284364203451245), ('q8_6', 0.031970065515817714), ('q8_7', 0.0008103800057909782), ('q8_8', 0.00042853003360832087), ('q9_4', 0.0012376618599143074), ('q9_5', 0.0017171491318140886), ('q9_6', 0.02395032906288097), ('q9_7', 0.006625733591764604), ('q10_4', 0.035173953041404915), ('q10_5', 0.028980426773284163), ('q10_6', 0.02409393538492649), ('q11_5', 0.0006541003212959806))","(('q0_5', 5.7999999999995815), ('q1_4', 5.855999999999575), ('q1_5', 5.90799999999957), ('q2_3', 5.709999999999591), ('q2_4', 5.913999999999569), ('q2_5', 5.985999999999561), ('q2_6', 5.867999999999574), ('q2_7', 6.105999999999548), ('q3_2', 5.727999999999589), ('q3_3', 5.797999999999582), ('q3_4', 5.887999999999572), ('q3_5', 5.909999999999569), ('q3_6', 6.0719999999995515), ('q3_7', 5.961999999999564), ('q3_8', 6.08399999999955), ('q4_1', 5.919999999999568), ('q4_2', 6.095999999999549), ('q4_3', 5.9539999999995645), ('q4_4', 5.733999999999589), ('q4_6', 5.833999999999578), ('q4_7', 6.013999999999558), ('q4_9', 5.897999999999571), ('q5_0', 5.749999999999587), ('q5_1', 5.797999999999582), ('q5_2', 5.753999999999587), ('q5_3', 5.711999999999591), ('q5_4', 5.969999999999563), ('q5_5', 5.851999999999576), ('q5_6', 6.113999999999547), ('q5_7', 5.7999999999995815), ('q5_8', 6.005999999999559), ('q5_9', 6.233999999999534), ('q5_10', 5.9999999999995595), ('q6_0', 5.757999999999586), ('q6_1', 5.8819999999995725), ('q6_2', 5.989999999999561), ('q6_3', 5.985999999999561), ('q6_4', 5.81199999999958), ('q6_5', 6.019999999999557), ('q6_6', 5.947999999999565), ('q6_7', 5.845999999999576), ('q6_8', 5.727999999999589), ('q6_9', 6.163999999999541), ('q6_10', 6.123999999999546), ('q7_1', 5.749999999999587), ('q7_2', 5.9819999999995614), ('q7_3', 6.103999999999548), ('q7_4', 5.827999999999578), ('q7_5', 5.765999999999585), ('q7_6', 5.747999999999587), ('q7_7', 6.123999999999546), ('q7_8', 5.857999999999575), ('q7_9', 6.187999999999539), ('q8_2', 5.795999999999582), ('q8_3', 5.707999999999592), ('q8_4', 5.71999999999959), ('q8_5', 5.879999999999573), ('q8_6', 5.847999999999576), ('q8_7', 5.7179999999995905), ('q8_8', 6.0179999999995575), ('q9_4', 6.193999999999538), ('q9_5', 5.80999999999958), ('q9_6', 6.125999999999546), ('q9_7', 6.169999999999541), ('q10_4', 6.0179999999995575), ('q10_5', 6.0179999999995575), ('q10_6', 6.119999999999546), ('q11_5', 6.17999999999954))","((('q3_6', 'q4_6'), 6.041999999999555), (('q7_5', 'q8_5'), 5.795999999999582), (('q2_4', 'q2_5'), 5.975999999999562), (('q4_2', 'q5_2'), 5.643999999999599), (('q1_4', 'q2_4'), 5.773999999999584), (('q10_5', 'q10_6'), 5.857999999999575), (('q5_2', 'q6_2'), 5.767999999999585), (('q3_2', 'q3_3'), 5.655999999999597), (('q7_3', 'q7_4'), 5.949999999999565), (('q6_4', 'q7_4'), 5.649999999999598), (('q7_8', 'q8_8'), 5.855999999999575), (('q10_5', 'q11_5'), 5.943999999999566), (('q5_10', 'q6_10'), 5.72399999999959), (('q5_4', 'q5_5'), 5.839999999999577), (('q3_2', 'q4_2'), 5.5999999999996035), (('q8_4', 'q9_4'), 5.979999999999562), (('q6_9', 'q6_10'), 5.769999999999585), (('q2_3', 'q2_4'), 5.639999999999599), (('q6_0', 'q6_1'), 5.737999999999588), (('q6_6', 'q7_6'), 5.613999999999602), (('q9_6', 'q10_6'), 5.737999999999588), (('q7_2', 'q7_3'), 5.703999999999592), (('q6_2', 'q6_3'), 5.8179999999995795), (('q8_2', 'q8_3'), 5.873999999999573), (('q8_6', 'q9_6'), 5.8179999999995795), (('q5_6', 'q6_6'), 5.769999999999585), (('q7_4', 'q8_4'), 5.795999999999582), (('q7_7', 'q8_7'), 5.757999999999586), (('q3_4', 'q4_4'), 5.859999999999575), (('q4_6', 'q4_7'), 5.81399999999958), (('q5_9', 'q5_10'), 6.043999999999555), (('q7_5', 'q7_6'), 5.727999999999589), (('q7_7', 'q7_8'), 5.657999999999597), (('q9_4', 'q9_5'), 5.6299999999996), (('q5_4', 'q6_4'), 5.609999999999602), (('q8_7', 'q8_8'), 5.825999999999579), (('q5_7', 'q6_7'), 6.0359999999995555), (('q3_7', 'q4_7'), 5.99199999999956), (('q8_5', 'q9_5'), 5.90599999999957), (('q8_7', 'q9_7'), 5.673999999999595), (('q4_6', 'q5_6'), 5.803999999999581), (('q4_3', 'q5_3'), 5.779999999999584), (('q6_3', 'q6_4'), 5.615999999999602), (('q5_0', 'q5_1'), 5.615999999999602), (('q5_5', 'q6_5'), 5.729999999999589), (('q4_9', 'q5_9'), 5.747999999999587), (('q6_5', 'q6_6'), 6.079999999999551), (('q4_4', 'q5_4'), 5.7999999999995815), (('q9_5', 'q10_5'), 5.689999999999594), (('q5_0', 'q6_0'), 5.737999999999588), (('q5_8', 'q5_9'), 6.123999999999546), (('q7_6', 'q8_6'), 6.021999999999557), (('q1_4', 'q1_5'), 5.897999999999571), (('q2_6', 'q3_6'), 5.659999999999597), (('q3_5', 'q3_6'), 5.6179999999996015), (('q6_1', 'q6_2'), 5.739999999999588), (('q6_2', 'q7_2'), 5.7179999999995905), (('q10_4', 'q10_5'), 5.751999999999587), (('q3_3', 'q3_4'), 5.665999999999596), (('q9_5', 'q9_6'), 6.037999999999555), (('q2_5', 'q3_5'), 5.81399999999958), (('q6_9', 'q7_9'), 5.745999999999587), (('q8_6', 'q8_7'), 5.777999999999584), (('q6_8', 'q6_9'), 6.051999999999554), (('q5_1', 'q5_2'), 5.6339999999996), (('q6_3', 'q7_3'), 5.751999999999587), (('q9_6', 'q9_7'), 5.823999999999579), (('q3_3', 'q4_3'), 5.625999999999601), (('q2_6', 'q2_7'), 5.967999999999563), (('q4_3', 'q4_4'), 5.783999999999583), (('q5_3', 'q6_3'), 5.945999999999565), (('q8_3', 'q8_4'), 5.727999999999589), (('q5_5', 'q5_6'), 5.673999999999595), (('q5_7', 'q5_8'), 5.751999999999587), (('q3_4', 'q3_5'), 5.611999999999602), (('q6_7', 'q7_7'), 5.807999999999581), (('q7_4', 'q7_5'), 5.867999999999574), (('q5_2', 'q5_3'), 5.5999999999996035), (('q8_4', 'q8_5'), 5.771999999999585), (('q7_2', 'q8_2'), 5.831999999999578), (('q1_5', 'q2_5'), 5.841999999999577), (('q7_6', 'q7_7'), 5.579999999999606), (('q3_7', 'q3_8'), 5.665999999999596), (('q9_4', 'q10_4'), 5.659999999999597), (('q4_7', 'q5_7'), 6.033999999999556), (('q7_3', 'q8_3'), 5.843999999999577), (('q4_1', 'q5_1'), 5.651999999999598), (('q5_8', 'q6_8'), 5.659999999999597), (('q5_6', 'q5_7'), 5.81199999999958), (('q2_4', 'q3_4'), 5.81599999999958), (('q8_5', 'q8_6'), 5.613999999999602), (('q2_3', 'q3_3'), 5.72399999999959), (('q6_4', 'q6_5'), 5.6819999999995945), (('q2_7', 'q3_7'), 5.807999999999581), (('q6_7', 'q6_8'), 5.979999999999562), (('q6_6', 'q6_7'), 6.011999999999558), (('q6_1', 'q7_1'), 5.733999999999589), (('q5_9', 'q6_9'), 5.9819999999995614), (('q6_8', 'q7_8'), 5.941999999999566), (('q7_8', 'q7_9'), 6.105999999999548), (('q5_3', 'q5_4'), 5.897999999999571), (('q6_5', 'q7_5'), 6.103999999999548), (('q0_5', 'q1_5'), 5.845999999999576), (('q7_1', 'q7_2'), 5.887999999999572), (('q2_5', 'q2_6'), 5.805999999999581), (('q3_6', 'q3_7'), 5.653999999999598), (('q4_2', 'q4_3'), 5.987999999999561), (('q4_1', 'q4_2'), 5.753999999999587), (('q5_1', 'q6_1'), 5.793999999999582))",1
Optimized,2,2,"((('q6_5', 'q6_6'), 0.003936944008293725), (('q4_3', 'q4_4'), 0.0034669687719216247), (('q6_9', 'q6_10'), 0.00958500908039328), (('q2_5', 'q2_6'), 0.00371130879894338), (('q10_5', 'q10_6'), 0.002716340029229547), (('q8_3', 'q8_4'), 0.004914015229981444), (('q8_7', 'q8_8'), 0.006887997177038113), (('q6_1', 'q6_2'), 0.00484624248144408))","(('q2_5', 0.0006578025443085833), ('q2_6', 0.0005149344888535357), ('q4_3', 0.00040609179358958025), ('q4_4', 0.0006635268784475068), ('q6_1', 0.0008584889773325388), ('q6_2', 0.0007003034317532575), ('q6_5', 0.0011298615823476243), ('q6_6', 0.0015575383407792076), ('q6_9', 0.0005707861978935247), ('q6_10', 0.005396944771627221), ('q8_3', 0.0009636288660931913), ('q8_4', 0.0006706903270534692), ('q8_7', 0.00046160412683071694), ('q8_8', 0.0017763762775246938), ('q10_5', 0.0004774345933387658), ('q10_6', 0.00036798339001897773))","(('q2_5', 6.027999999999556), ('q2_6', 6.26599999999953), ('q4_3', 5.857999999999575), ('q4_4', 6.0899999999995496), ('q6_1', 6.0719999999995515), ('q6_2', 5.90199999999957), ('q6_5', 6.277999999999529), ('q6_6', 6.019999999999557), ('q6_9', 6.029999999999556), ('q6_10', 6.35599999999952), ('q8_3', 5.789999999999583), ('q8_4', 6.019999999999557), ('q8_7', 6.061999999999553), ('q8_8', 6.383999999999517), ('q10_5', 5.861999999999575), ('q10_6', 6.187999999999539))","((('q6_5', 'q6_6'), 6.137999999999544), (('q4_3', 'q4_4'), 5.955999999999564), (('q6_9', 'q6_10'), 6.1719999999995405), (('q2_5', 'q2_6'), 6.101999999999548), (('q10_5', 'q10_6'), 6.0179999999995575), (('q8_3', 'q8_4'), 5.8819999999995725), (('q8_7', 'q8_8'), 6.2079999999995366), (('q6_1', 'q6_2'), 5.975999999999562))",0
Optimized,2,2,"((('q4_6', 'q4_7'), 0.005397725834730888), (('q8_2', 'q8_3'), 0.004350917593042902), (('q6_0', 'q6_1'), 0.004991084669355633), (('q8_6', 'q8_7'), 0.004154756066599596), (('q6_8', 'q6_9'), 0.005196476822354468), (('q10_4', 'q10_5'), 0.008736141542722786), (('q6_4', 'q6_5'), 0.006420861880574252), (('q4_2', 'q4_3'), 0.00350550033652286), (('q2_4', 'q2_5'), 0.004758435520387433))","(('q2_4', 0.0007229800022611754), ('q2_5', 0.0006153946739632099), ('q4_2', 0.0006069052611928916), ('q4_3', 0.0005948434649880596), ('q4_6', 0.0011561025703363814), ('q4_7', 0.0005351148723150012), ('q6_0', 0.0006568397004914628), ('q6_1', 0.000691450695272211), ('q6_4', 0.00046912069316973337), ('q6_5', 0.000540930095067671), ('q6_8', 0.0007050579157876213), ('q6_9', 0.0005254729680582715), ('q8_2', 0.0005604879748959402), ('q8_3', 0.0004759682732057846), ('q8_6', 0.000619614256733847), ('q8_7', 0.00029217199615738654), ('q10_4', 0.0004911722349140724), ('q10_5', 0.0020951148757397675))","(('q2_4', 5.855999999999575), ('q2_5', 6.169999999999541), ('q4_2', 6.187999999999539), ('q4_3', 6.047999999999554), ('q4_6', 6.043999999999555), ('q4_7', 6.231999999999534), ('q6_0', 5.951999999999565), ('q6_1', 6.0719999999995515), ('q6_4', 6.047999999999554), ('q6_5', 6.277999999999529), ('q6_8', 5.929999999999567), ('q6_9', 6.26599999999953), ('q8_2', 5.687999999999594), ('q8_3', 5.99399999999956), ('q8_6', 6.313999999999525), ('q8_7', 6.073999999999551), ('q10_4', 5.705999999999592), ('q10_5', 6.031999999999556))","((('q4_6', 'q4_7'), 6.08599999999955), (('q8_2', 'q8_3'), 5.831999999999578), (('q6_0', 'q6_1'), 5.941999999999566), (('q8_6', 'q8_7'), 6.1899999999995385), (('q6_8', 'q6_9'), 6.059999999999553), (('q10_4', 'q10_5'), 5.8539999999995755), (('q6_4', 'q6_5'), 6.1359999999995445), (('q4_2', 'q4_3'), 6.057999999999553), (('q2_4', 'q2_5'), 5.987999999999561))",0
Optimized,2,2,"((('q3_6', 'q3_7'), 0.005567633038212366), (('q7_6', 'q7_7'), 0.007161372457528237), (('q3_2', 'q3_3'), 0.0030779204551164008), (('q5_0', 'q5_1'), 0.003333147453650459), (('q9_4', 'q9_5'), 0.004300445695089777), (('q7_2', 'q7_3'), 0.004037511871639643), (('q5_8', 'q5_9'), 0.007928097021259572), (('q5_4', 'q5_5'), 0.003257552815382758), (('q1_4', 'q1_5'), 0.023627736400146787))","(('q1_4', 0.0009646397824719655), ('q1_5', 0.001254977015240577), ('q3_2', 0.00038095005993110664), ('q3_3', 0.0003917826724068041), ('q3_6', 0.0007335950306215366), ('q3_7', 0.0006559024584874562), ('q5_0', 0.0005226474227623124), ('q5_1', 0.0003457266324623509), ('q5_4', 0.0005484915128793899), ('q5_5', 0.0006357398701178907), ('q5_8', 0.0007173414891158414), ('q5_9', 0.0008427905936263524), ('q7_2', 0.0004560163970465103), ('q7_3', 0.0006459259150934371), ('q7_6', 0.0008593689728270681), ('q7_7', 0.0008208907390253595), ('q9_4', 0.0006419948705434497), ('q9_5', 0.00103094958397143))","(('q1_4', 5.9719999999995625), ('q1_5', 6.145999999999543), ('q3_2', 5.731999999999589), ('q3_3', 5.965999999999563), ('q3_6', 6.005999999999559), ('q3_7', 6.2539999999995315), ('q5_0', 6.097999999999549), ('q5_1', 5.779999999999584), ('q5_4', 5.8539999999995755), ('q5_5', 6.107999999999548), ('q5_8', 6.303999999999526), ('q5_9', 5.925999999999568), ('q7_2', 6.025999999999557), ('q7_3', 6.211999999999536), ('q7_6', 5.865999999999574), ('q7_7', 6.169999999999541), ('q9_4', 6.187999999999539), ('q9_5', 5.965999999999563))","((('q3_6', 'q3_7'), 6.105999999999548), (('q7_6', 'q7_7'), 5.99399999999956), (('q3_2', 'q3_3'), 5.807999999999581), (('q5_0', 'q5_1'), 5.8999999999995705), (('q9_4', 'q9_5'), 6.051999999999554), (('q7_2', 'q7_3'), 6.047999999999554), (('q5_8', 'q5_9'), 6.077999999999551), (('q5_4', 'q5_5'), 5.943999999999566), (('q1_4', 'q1_5'), 5.983999999999561))",0
Optimized,2,2,"((('q3_5', 'q3_6'), 0.004697600207581282), (('q7_5', 'q7_6'), 0.003494641860986636), (('q5_3', 'q5_4'), 0.003401271591529198), (('q7_1', 'q7_2'), 0.003502653286002688), (('q5_7', 'q5_8'), 0.00616691818298945))","(('q3_5', 0.0006876366262604794), ('q3_6', 0.0008360518163489372), ('q5_3', 0.0005885335108202772), ('q5_4', 0.00035094547690989186), ('q5_7', 0.0006743930328193537), ('q5_8', 0.0006023758361962672), ('q7_1', 0.0005563193484491302), ('q7_2', 0.0003766200208285553), ('q7_5', 0.0006961205597913467), ('q7_6', 0.0006921380165444968))","(('q3_5', 6.131999999999545), ('q3_6', 5.895999999999571), ('q5_3', 5.979999999999562), ('q5_4', 6.147999999999543), ('q5_7', 6.069999999999552), ('q5_8', 6.26999999999953), ('q7_1', 5.769999999999585), ('q7_2', 6.0719999999995515), ('q7_5', 6.159999999999542), ('q7_6', 5.865999999999574))","((('q3_5', 'q3_6'), 5.957999999999564), (('q7_5', 'q7_6'), 5.99199999999956), (('q5_3', 'q5_4'), 5.9999999999995595), (('q7_1', 'q7_2'), 5.931999999999567), (('q5_7', 'q5_8'), 6.097999999999549))",0
Optimized,2,2,"((('q7_7', 'q7_8'), 0.0041977917267350395), (('q5_5', 'q5_6'), 0.004440302367036353), (('q5_1', 'q5_2'), 0.005458572013609497), (('q3_3', 'q3_4'), 0.0038602842040377783), (('q5_9', 'q5_10'), 0.006907312913226132), (('q7_3', 'q7_4'), 0.004367104505093894), (('q9_5', 'q9_6'), 0.004903114988867641), (('q3_7', 'q3_8'), 0.0033334689124566996))","(('q3_3', 0.0005170615543582113), ('q3_4', 0.0005455917425915002), ('q3_7', 0.0005566394970238919), ('q3_8', 0.0007097549639599743), ('q5_1', 0.0005795905087980224), ('q5_2', 0.0006807443753973352), ('q5_5', 0.00045078038684998045), ('q5_6', 0.0005310521639804722), ('q5_9', 0.0008323201968649663), ('q5_10', 0.0006172266706895857), ('q7_3', 0.0006945797786345742), ('q7_4', 0.0006922710611569349), ('q7_7', 0.00042494734800863077), ('q7_8', 0.0007547207485864016), ('q9_5', 0.0006631222041587614), ('q9_6', 0.000632845780903224))","(('q3_3', 5.965999999999563), ('q3_4', 6.133999999999545), ('q3_7', 6.2719999999995295), ('q3_8', 6.145999999999543), ('q5_1', 5.8179999999995795), ('q5_2', 5.99199999999956), ('q5_5', 6.107999999999548), ('q5_6', 5.729999999999589), ('q5_9', 6.363999999999519), ('q5_10', 6.159999999999542), ('q7_3', 6.223999999999535), ('q7_4', 5.9179999999995685), ('q7_7', 6.105999999999548), ('q7_8', 6.295999999999527), ('q9_5', 5.947999999999565), ('q9_6', 6.26399999999953))","((('q7_7', 'q7_8'), 6.159999999999542), (('q5_5', 'q5_6'), 5.857999999999575), (('q5_1', 'q5_2'), 5.841999999999577), (('q3_3', 'q3_4'), 5.9719999999995625), (('q5_9', 'q5_10'), 6.2179999999995355), (('q7_3', 'q7_4'), 6.059999999999553), (('q9_5', 'q9_6'), 6.08599999999955), (('q3_7', 'q3_8'), 6.109999999999547))",0
Optimized,2,2,"((('q6_8', 'q7_8'), 0.004244701596508416), (('q4_6', 'q5_6'), 0.004327030566169315), (('q2_4', 'q3_4'), 0.004359784705219083), (('q8_6', 'q9_6'), 0.005676354960073016), (('q6_4', 'q7_4'), 0.004225789655635748), (('q4_2', 'q5_2'), 0.0033400371975371157))","(('q2_4', 0.0006155608033390214), ('q3_4', 0.00047459026989277175), ('q4_2', 0.0006354418405251083), ('q4_6', 0.0008516561199821693), ('q5_2', 0.0005338701075210395), ('q5_6', 0.0005231709246041327), ('q6_4', 0.0005241676017335717), ('q6_8', 0.0004891958393108964), ('q7_4', 0.0006784095894747377), ('q7_8', 0.0008853556861215806), ('q8_6', 0.0006062701585772268), ('q9_6', 0.0007307718963697751))","(('q2_4', 6.157999999999542), ('q3_4', 5.949999999999565), ('q4_2', 6.187999999999539), ('q4_6', 5.733999999999589), ('q5_2', 5.8539999999995755), ('q5_6', 6.141999999999544), ('q6_4', 6.205999999999537), ('q6_8', 6.133999999999545), ('q7_4', 5.987999999999561), ('q7_8', 6.283999999999528), ('q8_6', 6.313999999999525), ('q9_6', 5.989999999999561))","((('q6_8', 'q7_8'), 6.143999999999544), (('q4_6', 'q5_6'), 5.831999999999578), (('q2_4', 'q3_4'), 5.989999999999561), (('q8_6', 'q9_6'), 6.17799999999954), (('q6_4', 'q7_4'), 6.107999999999548), (('q4_2', 'q5_2'), 6.0539999999995535))",0
Optimized,2,2,"((('q9_5', 'q10_5'), 0.0041126187266923575), (('q5_5', 'q6_5'), 0.003254001045896654), (('q7_3', 'q8_3'), 0.006067783115676101), (('q3_3', 'q4_3'), 0.0030107045649510333), (('q3_7', 'q4_7'), 0.004201266732778958), (('q7_7', 'q8_7'), 0.003426986483821226), (('q5_1', 'q6_1'), 0.003979895313654919), (('q5_9', 'q6_9'), 0.010183768384658565), (('q1_5', 'q2_5'), 0.0034809316081321207))","(('q1_5', 0.0005260078056507078), ('q2_5', 0.0003947580570409226), ('q3_3', 0.0004988892279026991), ('q3_7', 0.0004808623810151347), ('q4_3', 0.0005185697731774908), ('q4_7', 0.0008498232064521605), ('q5_1', 0.0006854969358578988), ('q5_5', 0.0004944638510314681), ('q5_9', 0.0005389095558653301), ('q6_1', 0.000653773307479899), ('q6_5', 0.00037228232330049904), ('q6_9', 0.0005354983633347743), ('q7_3', 0.0005950008752809155), ('q7_7', 0.00038881982958166583), ('q8_3', 0.0005928815404111498), ('q8_7', 0.0004439442844993424), ('q9_5', 0.0011346919932612165), ('q10_5', 0.00047234284992014874))","(('q1_5', 5.841999999999577), ('q2_5', 6.169999999999541), ('q3_3', 5.827999999999578), ('q3_7', 6.2719999999995295), ('q4_3', 6.0179999999995575), ('q4_7', 5.967999999999563), ('q5_1', 5.8179999999995795), ('q5_5', 6.107999999999548), ('q5_9', 6.363999999999519), ('q6_1', 6.057999999999553), ('q6_5', 6.277999999999529), ('q6_9', 6.26599999999953), ('q7_3', 6.223999999999535), ('q7_7', 6.1539999999995425), ('q8_3', 5.99399999999956), ('q8_7', 5.913999999999569), ('q9_5', 5.891999999999571), ('q10_5', 6.029999999999556))","((('q9_5', 'q10_5'), 5.869999999999574), (('q5_5', 'q6_5'), 6.139999999999544), (('q7_3', 'q8_3'), 6.059999999999553), (('q3_3', 'q4_3'), 5.8819999999995725), (('q3_7', 'q4_7'), 6.1179999999995465), (('q7_7', 'q8_7'), 5.99599999999956), (('q5_1', 'q6_1'), 5.929999999999567), (('q5_9', 'q6_9'), 6.219999999999535), (('q1_5', 'q2_5'), 6.005999999999559))",0
Optimized,2,2,"((('q6_7', 'q6_8'), 0.00474237931602195), (('q2_3', 'q2_4'), 0.0031571015251441736), (('q6_3', 'q6_4'), 0.004316374364866621), (('q4_1', 'q4_2'), 0.006612529084730312), (('q8_5', 'q8_6'), 0.003809713080536209))","(('q2_3', 0.0004704173904533926), ('q2_4', 0.000574505016781135), ('q4_1', 0.0005070369303615818), ('q4_2', 0.0007786912529543222), ('q6_3', 0.000590715887981319), ('q6_4', 0.0006696020743700015), ('q6_7', 0.00048322353538771123), ('q6_8', 0.0006337390121338715), ('q8_5', 0.0006008164959731555), ('q8_6', 0.0007764488800918734))","(('q2_3', 5.923999999999568), ('q2_4', 6.157999999999542), ('q4_1', 5.937999999999566), ('q4_2', 6.187999999999539), ('q6_3', 5.99199999999956), ('q6_4', 6.205999999999537), ('q6_7', 6.2359999999995335), ('q6_8', 6.007999999999559), ('q8_5', 6.097999999999549), ('q8_6', 6.313999999999525))","((('q6_7', 'q6_8'), 6.0719999999995515), (('q2_3', 'q2_4'), 5.987999999999561), (('q6_3', 'q6_4'), 6.107999999999548), (('q4_1', 'q4_2'), 6.047999999999554), (('q8_5', 'q8_6'), 6.1899999999995385))",0
Optimized,2,2,"((('q2_7', 'q3_7'), 0.0033745823580342005), (('q8_5', 'q9_5'), 0.007170304663579791), (('q4_1', 'q5_1'), 0.0029936107865164707), (('q4_9', 'q5_9'), 0.010629189827099927), (('q0_5', 'q1_5'), 0.0070519426910066185), (('q6_7', 'q7_7'), 0.003380001016716122), (('q2_3', 'q3_3'), 0.0029135146839234793), (('q6_3', 'q7_3'), 0.003484605100258109))","(('q0_5', 0.0006084523372384409), ('q1_5', 0.0006184825340557198), ('q2_3', 0.0007080538247994927), ('q2_7', 0.0005506842277309132), ('q3_3', 0.0005410967982925063), ('q3_7', 0.0005762859476491355), ('q4_1', 0.00048030815120203574), ('q4_9', 0.0007053166293294333), ('q5_1', 0.0007315970773408842), ('q5_9', 0.0007706944529939364), ('q6_3', 0.0005999059179009336), ('q6_7', 0.0005667053082871742), ('q7_3', 0.0005932307460922992), ('q7_7', 0.0003386684650802385), ('q8_5', 0.0007475789063369764), ('q9_5', 0.0013665052519821197))","(('q0_5', 5.923999999999568), ('q1_5', 6.159999999999542), ('q2_3', 6.1179999999995465), ('q2_7', 6.299999999999526), ('q3_3', 5.965999999999563), ('q3_7', 6.08799999999955), ('q4_1', 5.937999999999566), ('q4_9', 6.123999999999546), ('q5_1', 5.729999999999589), ('q5_9', 6.363999999999519), ('q6_3', 5.911999999999569), ('q6_7', 6.2359999999995335), ('q7_3', 6.223999999999535), ('q7_7', 5.897999999999571), ('q8_5', 6.097999999999549), ('q9_5', 5.965999999999563))","((('q2_7', 'q3_7'), 6.1359999999995445), (('q8_5', 'q9_5'), 5.969999999999563), (('q4_1', 'q5_1'), 5.773999999999584), (('q4_9', 'q5_9'), 6.2179999999995355), (('q0_5', 'q1_5'), 5.99599999999956), (('q6_7', 'q7_7'), 6.0719999999995515), (('q2_3', 'q3_3'), 5.957999999999564), (('q6_3', 'q7_3'), 6.059999999999553))",0
Optimized,2,2,"((('q6_6', 'q6_7'), 0.003657454471944821), (('q6_2', 'q6_3'), 0.004190768242484266), (('q2_6', 'q2_7'), 0.0064363527250903), (('q8_4', 'q8_5'), 0.004250161448403761))","(('q2_6', 0.000508057852660948), ('q2_7', 0.0030562288249137426), ('q6_2', 0.0010305070157956009), ('q6_3', 0.0005820001963926513), ('q6_6', 0.0004789829439794113), ('q6_7', 0.000505379077973156), ('q8_4', 0.0006600497371525016), ('q8_5', 0.0005785363006275412))","(('q2_6', 6.08399999999955), ('q2_7', 6.299999999999526), ('q6_2', 5.949999999999565), ('q6_3', 6.191999999999538), ('q6_6', 6.215999999999536), ('q6_7', 5.99799999999956), ('q8_4', 6.019999999999557), ('q8_5', 6.1359999999995445))","((('q6_6', 'q6_7'), 6.063999999999552), (('q6_2', 'q6_3'), 6.027999999999556), (('q2_6', 'q2_7'), 6.1359999999995445), (('q8_4', 'q8_5'), 5.9819999999995614))",0
Optimized,2,2,"((('q5_2', 'q5_3'), 0.004655282418410678), (('q5_6', 'q5_7'), 0.0037511447847941304), (('q7_8', 'q7_9'), 0.009613520749796545), (('q3_4', 'q3_5'), 0.010477453939708198), (('q9_6', 'q9_7'), 0.005131808681522354), (('q7_4', 'q7_5'), 0.0033036023751996935))","(('q3_4', 0.0004912387096414617), ('q3_5', 0.0006018446744712747), ('q5_2', 0.0007215260269525237), ('q5_3', 0.0005457444784724985), ('q5_6', 0.0006803058768324322), ('q5_7', 0.0004659228758424616), ('q7_4', 0.0004283174842901194), ('q7_5', 0.0005178336040898568), ('q7_8', 0.0004450834288468042), ('q7_9', 0.00642556353385576), ('q9_6', 0.0009542766442676154), ('q9_7', 0.0003683146205465948))","(('q3_4', 6.133999999999545), ('q3_5', 5.81599999999958), ('q5_2', 5.8539999999995755), ('q5_3', 6.065999999999552), ('q5_6', 5.729999999999589), ('q5_7', 6.069999999999552), ('q7_4', 5.9179999999995685), ('q7_5', 6.159999999999542), ('q7_8', 6.079999999999551), ('q7_9', 6.313999999999525), ('q9_6', 6.259999999999531), ('q9_7', 6.061999999999553))","((('q5_2', 'q5_3'), 5.90599999999957), (('q5_6', 'q5_7'), 5.849999999999576), (('q7_8', 'q7_9'), 6.1719999999995405), (('q3_4', 'q3_5'), 5.9719999999995625), (('q9_6', 'q9_7'), 6.0999999999995485), (('q7_4', 'q7_5'), 5.99399999999956))",0
Optimized,2,2,"((('q5_3', 'q6_3'), 0.0039837495718865745), (('q7_5', 'q8_5'), 0.00467444789515481), (('q5_7', 'q6_7'), 0.0047007480662482615))","(('q5_3', 0.0005820269919272758), ('q5_7', 0.0003719902787874263), ('q6_3', 0.0005549091758010882), ('q6_7', 0.0014582610769579007), ('q7_5', 0.000509114317594872), ('q8_5', 0.0005450507501719715))","(('q5_3', 5.849999999999576), ('q5_7', 6.069999999999552), ('q6_3', 6.1899999999995385), ('q6_7', 6.2359999999995335), ('q7_5', 6.157999999999542), ('q8_5', 5.8359999999995775))","((('q5_3', 'q6_3'), 6.0179999999995575), (('q7_5', 'q8_5'), 5.99399999999956), (('q5_7', 'q6_7'), 6.0719999999995515))",0
Optimized,2,2,"((('q4_4', 'q5_4'), 0.004072369466268128), (('q8_4', 'q9_4'), 0.0037354697612361487), (('q6_6', 'q7_6'), 0.004587131770300179), (('q2_6', 'q3_6'), 0.003715286884285518), (('q6_2', 'q7_2'), 0.005000715785764109))","(('q2_6', 0.0008684408985726866), ('q3_6', 0.0006261459620446885), ('q4_4', 0.0007665815842668455), ('q5_4', 0.00043652473565147787), ('q6_2', 0.0005004350754357345), ('q6_6', 0.000617686861168365), ('q7_2', 0.0005472685924551857), ('q7_6', 0.0007104005649621326), ('q8_4', 0.0004762498134194826), ('q9_4', 0.0005671972019205551))","(('q2_6', 6.013999999999558), ('q3_6', 6.2539999999995315), ('q4_4', 5.919999999999568), ('q5_4', 6.147999999999543), ('q6_2', 5.693999999999593), ('q6_6', 6.223999999999535), ('q7_2', 6.0719999999995515), ('q7_6', 5.865999999999574), ('q8_4', 6.037999999999555), ('q9_4', 6.225999999999535))","((('q4_4', 'q5_4'), 5.9999999999995595), (('q8_4', 'q9_4'), 6.049999999999554), (('q6_6', 'q7_6'), 6.029999999999556), (('q2_6', 'q3_6'), 6.093999999999549), (('q6_2', 'q7_2'), 5.839999999999577))",0
Optimized,2,2,"((('q5_4', 'q6_4'), 0.0054957976535773), (('q9_4', 'q10_4'), 0.003801103086126606), (('q7_6', 'q8_6'), 0.005686618640930813), (('q7_2', 'q8_2'), 0.004421283333732595), (('q3_2', 'q4_2'), 0.0035692671721375135), (('q5_0', 'q6_0'), 0.002899035147857165), (('q1_4', 'q2_4'), 0.004709472290760075), (('q5_8', 'q6_8'), 0.006126586847338522), (('q3_6', 'q4_6'), 0.003912916149645562))","(('q1_4', 0.00046487740207268313), ('q2_4', 0.0007265990036776637), ('q3_2', 0.0005436576813209748), ('q3_6', 0.0007109538585836628), ('q4_2', 0.000444101195270441), ('q4_6', 0.0006423404091773777), ('q5_0', 0.0006113152931017662), ('q5_4', 0.000758649894565977), ('q5_8', 0.0017163457220341072), ('q6_0', 0.0009293201695990128), ('q6_4', 0.0007447459199085293), ('q6_8', 0.0005371316108025992), ('q7_2', 0.0005910779818052991), ('q7_6', 0.0004681128525615419), ('q8_2', 0.00073574492326417), ('q8_6', 0.00105181454038894), ('q9_4', 0.000536298645714528), ('q10_4', 0.0004935974450451797))","(('q1_4', 5.983999999999561), ('q2_4', 6.157999999999542), ('q3_2', 5.9819999999995614), ('q3_6', 6.2539999999995315), ('q4_2', 6.187999999999539), ('q4_6', 6.077999999999551), ('q5_0', 6.107999999999548), ('q5_4', 6.065999999999552), ('q5_8', 5.913999999999569), ('q6_0', 5.7999999999995815), ('q6_4', 6.301999999999526), ('q6_8', 6.133999999999545), ('q7_2', 6.0719999999995515), ('q7_6', 6.157999999999542), ('q8_2', 5.769999999999585), ('q8_6', 6.309999999999525), ('q9_4', 6.225999999999535), ('q10_4', 6.007999999999559))","((('q5_4', 'q6_4'), 6.133999999999545), (('q9_4', 'q10_4'), 6.065999999999552), (('q7_6', 'q8_6'), 6.1719999999995405), (('q7_2', 'q8_2'), 5.931999999999567), (('q3_2', 'q4_2'), 6.057999999999553), (('q5_0', 'q6_0'), 5.937999999999566), (('q1_4', 'q2_4'), 5.987999999999561), (('q5_8', 'q6_8'), 5.99399999999956), (('q3_6', 'q4_6'), 6.093999999999549))",0
Optimized,4,2,"((('q6_6', 'q6_7'), 0.003417253436449913), (('q5_6', 'q5_7'), 0.0065236096538573984), (('q5_6', 'q6_6'), 0.005716672523223387), (('q5_7', 'q6_7'), 0.006268465911956511))","(('q5_6', 0.0004024948821300667), ('q5_7', 0.000562105533296664), ('q6_6', 0.0006339889560152967), ('q6_7', 0.0004179380741373695))","(('q5_6', 6.143999999999544), ('q5_7', 5.805999999999581), ('q6_6', 6.213999999999536), ('q6_7', 6.010547660990631))","((('q6_6', 'q6_7'), 6.057912825038216), (('q5_6', 'q5_7'), 5.897999999999571), (('q5_6', 'q6_6'), 6.055999999999553), (('q5_7', 'q6_7'), 5.943165209605919))",0
Optimized,4,2,"((('q6_7', 'q6_8'), 0.005085614955221085), (('q5_7', 'q5_8'), 0.0035696460344633585), (('q5_8', 'q6_8'), 0.006552860843005104), (('q5_7', 'q6_7'), 0.003079495811520727))","(('q5_7', 0.0006253468722562383), ('q5_8', 0.0007617326504381627), ('q6_7', 0.000468416674726968), ('q6_8', 0.0004593375861159932))","(('q5_7', 5.943999999999566), ('q5_8', 6.287999999999528), ('q6_7', 6.2334898284821305), ('q6_8', 6.039999999999555))","((('q6_7', 'q6_8'), 6.065779440008969), (('q5_7', 'q5_8'), 6.075999999999551), (('q5_8', 'q6_8'), 6.101999999999548), (('q5_7', 'q6_7'), 6.065842854555465))",0
Optimized,4,2,"((('q6_4', 'q6_5'), 0.0031729000967592735), (('q6_5', 'q7_5'), 0.0035276398583188873), (('q6_4', 'q7_4'), 0.004254851397214404), (('q7_4', 'q7_5'), 0.0032256022046754373))","(('q6_4', 0.0006320442830249906), ('q6_5', 0.0004622890079084563), ('q7_4', 0.0005995515581878608), ('q7_5', 0.0008361311610931565))","(('q6_4', 6.064147892336649), ('q6_5', 6.279999999999529), ('q7_4', 5.915999999999569), ('q7_5', 6.159999999999542))","((('q6_4', 'q6_5'), 6.131771298405767), (('q6_5', 'q7_5'), 6.133999999999545), (('q6_4', 'q7_4'), 5.969420021045236), (('q7_4', 'q7_5'), 5.99399999999956))",0
Optimized,4,2,"((('q3_5', 'q3_6'), 0.0065287229779448785), (('q2_5', 'q2_6'), 0.0044690673098536915), (('q2_6', 'q3_6'), 0.003690505745138961), (('q2_5', 'q3_5'), 0.008949146580555734))","(('q2_5', 0.0005570128939481611), ('q2_6', 0.0005298724873690208), ('q3_5', 0.0005940612381142296), ('q3_6', 0.0005583660215688901))","(('q2_5', 6.155999999999542), ('q2_6', 6.245999999999532), ('q3_5', 5.825999999999579), ('q3_6', 6.0240690557840555))","((('q3_5', 'q3_6'), 5.965225074297413), (('q2_5', 'q2_6'), 6.0999999999995485), (('q2_6', 'q3_6'), 6.098025165804405), (('q2_5', 'q3_5'), 5.983999999999561))",0
Optimized,4,2,"((('q6_1', 'q7_1'), 0.004972897568323531), (('q6_1', 'q6_2'), 0.0031322119854260977), (('q6_2', 'q7_2'), 0.005251192375496927), (('q7_1', 'q7_2'), 0.004750200690707862))","(('q6_1', 0.0006485178084186805), ('q6_2', 0.0006769301041275044), ('q7_1', 0.0006921003533234549), ('q7_2', 0.0005898221465363007))","(('q6_1', 6.131999999999545), ('q6_2', 5.837999999999577), ('q7_1', 5.759999999999586), ('q7_2', 6.048134228670059))","((('q6_1', 'q7_1'), 5.921999999999568), (('q6_1', 'q6_2'), 5.9719999999995625), (('q6_2', 'q7_2'), 5.922670541339426), (('q7_1', 'q7_2'), 5.922734520777694))",0
Optimized,4,2,"((('q7_8', 'q7_9'), 0.011521423933169739), (('q6_9', 'q7_9'), 0.005028379525090304), (('q6_8', 'q6_9'), 0.004852389303493604), (('q6_8', 'q7_8'), 0.008997232038867209))","(('q6_8', 0.0006101170796543043), ('q6_9', 0.000599601327446242), ('q7_8', 0.0015128991735682273), ('q7_9', 0.0006520181139698655))","(('q6_8', 5.9819999999995614), ('q6_9', 6.149056445805558), ('q7_8', 6.201999999999537), ('q7_9', 6.047999999999554))","((('q7_8', 'q7_9'), 6.08599999999955), (('q6_9', 'q7_9'), 6.049524027567482), (('q6_8', 'q6_9'), 6.054054490302534), (('q6_8', 'q7_8'), 6.08599999999955))",0
Optimized,4,2,"((('q6_9', 'q6_10'), 0.010788166324206455), (('q5_9', 'q6_9'), 0.006187797595274741), (('q5_10', 'q6_10'), 0.00834813246734406), (('q5_9', 'q5_10'), 0.006311746283455627))","(('q5_9', 0.000747930545117681), ('q5_10', 0.0005772226114656998), ('q6_9', 0.0005482978142576367), ('q6_10', 0.0007738240278713504))","(('q5_9', 5.891999999999571), ('q5_10', 6.225999999999535), ('q6_9', 6.109014748285163), ('q6_10', 6.333999999999523))","((('q6_9', 'q6_10'), 6.168073490291659), (('q5_9', 'q6_9'), 6.027030261710719), (('q5_10', 'q6_10'), 6.161999999999542), (('q5_9', 'q5_10'), 6.045999999999554))",0
Optimized,4,2,"((('q5_1', 'q5_2'), 0.006702515432133183), (('q4_1', 'q4_2'), 0.007516721165628626), (('q4_2', 'q5_2'), 0.006148877034604483), (('q4_1', 'q5_1'), 0.014611048585552677))","(('q4_1', 0.00041703496298645115), ('q4_2', 0.000535776736438176), ('q5_1', 0.0006360519413032284), ('q5_2', 0.0006236462304761159))","(('q4_1', 5.858583412189708), ('q4_2', 6.195999999999538), ('q5_1', 5.783999999999583), ('q5_2', 5.99199999999956))","((('q5_1', 'q5_2'), 5.801999999999581), (('q4_1', 'q4_2'), 6.025206274496021), (('q4_2', 'q5_2'), 6.073999999999551), (('q4_1', 'q5_1'), 5.747047680702043))",0
Optimized,4,2,"((('q3_4', 'q4_4'), 0.003482545832559747), (('q3_3', 'q3_4'), 0.003465657174548664), (('q3_3', 'q4_3'), 0.0030580029974192624), (('q4_3', 'q4_4'), 0.004382915261915421))","(('q3_3', 0.0007027544972983968), ('q3_4', 0.0004276202775504445), ('q4_3', 0.0004400030023028467), ('q4_4', 0.00046410062326773804))","(('q3_3', 5.765999999999585), ('q3_4', 5.965661887640923), ('q4_3', 5.895999999999571), ('q4_4', 6.107999999999548))","((('q3_4', 'q4_4'), 5.950343175488083), (('q3_3', 'q3_4'), 5.895688413463544), (('q3_3', 'q4_3'), 5.873999999999573), (('q4_3', 'q4_4'), 5.949999999999565))",0
Optimized,4,2,"((('q1_4', 'q2_4'), 0.0029168841556532765), (('q2_4', 'q2_5'), 0.003928026320765138), (('q1_5', 'q2_5'), 0.0065551406139684465), (('q1_4', 'q1_5'), 0.01772506710996971))","(('q1_4', 0.0005249103713960701), ('q1_5', 0.0009557307118174263), ('q2_4', 0.00048022814563969396), ('q2_5', 0.0005863270803204146))","(('q1_4', 5.913999999999569), ('q1_5', 6.151999999999543), ('q2_4', 6.092927707366956), ('q2_5', 5.779999999999584))","((('q1_4', 'q2_4'), 6.000938939066179), (('q2_4', 'q2_5'), 5.913861350261798), (('q1_5', 'q2_5'), 5.913999999999569), (('q1_4', 'q1_5'), 5.989999999999561))",0
Optimized,4,2,"((('q7_6', 'q8_6'), 0.0034942765222185646), (('q7_5', 'q7_6'), 0.003297537150713792), (('q7_5', 'q8_5'), 0.004111253903436446), (('q8_5', 'q8_6'), 0.004481825358685659))","(('q7_5', 0.0007346821463154463), ('q7_6', 0.0004437060322031172), ('q8_5', 0.0005246229459425766), ('q8_6', 0.0004724551623974116))","(('q7_5', 5.821999999999579), ('q7_6', 6.1285198952242865), ('q8_5', 6.065999999999552), ('q8_6', 6.311999999999525))","((('q7_6', 'q8_6'), 6.181257065387059), (('q7_5', 'q7_6'), 5.94516736795716), (('q7_5', 'q8_5'), 5.943999999999566), (('q8_5', 'q8_6'), 6.17799999999954))",0
Optimized,4,2,"((('q7_6', 'q8_6'), 0.004652666150256141), (('q7_7', 'q8_7'), 0.0037211599959771635), (('q7_6', 'q7_7'), 0.00547598872043209), (('q8_6', 'q8_7'), 0.004449140384258671))","(('q7_6', 0.000620369238146512), ('q7_7', 0.0006275075341698466), ('q8_6', 0.0004927687145980242), ('q8_7', 0.0006007645749340207))","(('q7_6', 5.793999999999582), ('q7_7', 6.137999999999544), ('q8_6', 6.164735092993749), ('q8_7', 5.9179999999995685))","((('q7_6', 'q8_6'), 6.015263058985917), (('q7_7', 'q8_7'), 5.975999999999562), (('q7_6', 'q7_7'), 5.975999999999562), (('q8_6', 'q8_7'), 6.04360910730787))",0
Optimized,4,2,"((('q7_8', 'q8_8'), 0.003784429858786159), (('q7_7', 'q8_7'), 0.0029401426174687773), (('q8_7', 'q8_8'), 0.003746802328340959), (('q7_7', 'q7_8'), 0.004655654630491335))","(('q7_7', 0.00054291934620887), ('q7_8', 0.0005959114255898457), ('q8_7', 0.0005179554408757392), ('q8_8', 0.0005348781915428535))","(('q7_7', 6.121999999999546), ('q7_8', 6.285999999999528), ('q8_7', 5.807999999999581), ('q8_8', 6.030496873717813))","((('q7_8', 'q8_8'), 6.142310799443929), (('q7_7', 'q8_7'), 5.975999999999562), (('q8_7', 'q8_8'), 6.030511827878606), (('q7_7', 'q7_8'), 6.1539999999995425))",0
Optimized,4,2,"((('q8_4', 'q8_5'), 0.00366553613494372), (('q7_5', 'q8_5'), 0.004025797745711629), (('q7_4', 'q8_4'), 0.005067138273599059), (('q7_4', 'q7_5'), 0.004587562790416944))","(('q7_4', 0.0008071913520818486), ('q7_5', 0.0006145928781851051), ('q8_4', 0.0006649821470722239), ('q8_5', 0.0006072595227060162))","(('q7_4', 6.079999999999551), ('q7_5', 5.783999999999583), ('q8_4', 5.889999999999572), ('q8_5', 6.136315423531429))","((('q8_4', 'q8_5'), 5.976903693554902), (('q7_5', 'q8_5'), 5.927247511667271), (('q7_4', 'q8_4'), 5.927999999999567), (('q7_4', 'q7_5'), 5.927999999999567))",0
Optimized,4,2,"((('q9_5', 'q10_5'), 0.004405865681217508), (('q9_6', 'q10_6'), 0.0041692583001228245), (('q10_5', 'q10_6'), 0.0028176760959497116), (('q9_5', 'q9_6'), 0.004632595714546411))","(('q9_5', 0.0008399076115487847), ('q9_6', 0.0006910850933140589), ('q10_5', 0.00047852082725458045), ('q10_6', 0.00043407150935442784))","(('q9_5', 5.961133853975533), ('q9_6', 6.257999999999531), ('q10_5', 5.861999999999575), ('q10_6', 6.103999999999548))","((('q9_5', 'q10_5'), 5.829976515954666), (('q9_6', 'q10_6'), 6.091999999999549), (('q10_5', 'q10_6'), 5.977999999999562), (('q9_5', 'q9_6'), 6.087830511281996))",0
Optimized,4,2,"((('q3_2', 'q4_2'), 0.003868235278475296), (('q3_2', 'q3_3'), 0.005113559098840897), (('q3_3', 'q4_3'), 0.004052435022545153), (('q4_2', 'q4_3'), 0.0032685054908728195))","(('q3_2', 0.00040621986429489887), ('q3_3', 0.0005585282168243944), ('q4_2', 0.0006533115005273316), ('q4_3', 0.0008360550029722358))","(('q3_2', 6.003999999999559), ('q3_3', 5.78049824229148), ('q4_2', 6.195999999999538), ('q4_3', 5.895999999999571))","((('q3_2', 'q4_2'), 6.065999999999552), (('q3_2', 'q3_3'), 5.873934108491018), (('q3_3', 'q4_3'), 5.874152466603705), (('q4_2', 'q4_3'), 6.057999999999553))",0
Optimized,4,2,"((('q3_6', 'q3_7'), 0.005026582851805739), (('q2_6', 'q2_7'), 0.005167861524613709), (('q2_6', 'q3_6'), 0.004806829407029117), (('q2_7', 'q3_7'), 0.005097823261330792))","(('q2_6', 0.0004722618799983813), ('q2_7', 0.0007516111590017971), ('q3_6', 0.0009340593253474583), ('q3_7', 0.0005619225765816083))","(('q2_6', 6.156514276748932), ('q2_7', 6.021999999999557), ('q3_6', 5.923999999999568), ('q3_7', 6.26399999999953))","((('q3_6', 'q3_7'), 6.111999999999547), (('q2_6', 'q2_7'), 6.080200424799753), (('q2_6', 'q3_6'), 6.080029509302015), (('q2_7', 'q3_7'), 6.111999999999547))",0
Optimized,4,2,"((('q9_5', 'q9_6'), 0.003942669926598141), (('q8_5', 'q9_5'), 0.004441969176587485), (('q8_6', 'q9_6'), 0.00785633210328368), (('q8_5', 'q8_6'), 0.004195148589012765))","(('q8_5', 0.0006162204403145632), ('q8_6', 0.0010294225228164589), ('q9_5', 0.0004666387293458252), ('q9_6', 0.0005776398159549334))","(('q8_5', 6.095999999999549), ('q8_6', 6.325999999999524), ('q9_5', 5.7780410322017985), ('q9_6', 5.9719999999995625))","((('q9_5', 'q9_6'), 5.8684674291082315), (('q8_5', 'q9_5'), 5.974375441740833), (('q8_6', 'q9_6'), 6.17399999999954), (('q8_5', 'q8_6'), 6.187999999999539))",0
Optimized,4,2,"((('q6_0', 'q6_1'), 0.006090821786782719), (('q5_0', 'q6_0'), 0.004414532669415883), (('q5_0', 'q5_1'), 0.004292970441022365), (('q5_1', 'q6_1'), 0.004916443029631845))","(('q5_0', 0.0008942086878304112), ('q5_1', 0.0007245888016385038), ('q6_0', 0.0009878925586805365), ('q6_1', 0.0004495297026593237))","(('q5_0', 6.022255036797922), ('q5_1', 5.821999999999579), ('q6_0', 5.787999999999583), ('q6_1', 6.131999999999545))","((('q6_0', 'q6_1'), 5.913999999999569), (('q5_0', 'q6_0'), 5.916618908966966), (('q5_0', 'q5_1'), 5.9113090341508086), (('q5_1', 'q6_1'), 5.927999999999567))",0
Optimized,4,2,"((('q3_3', 'q3_4'), 0.0049791943703819674), (('q2_3', 'q2_4'), 0.004643559236169714), (('q2_3', 'q3_3'), 0.0028530917784908294), (('q2_4', 'q3_4'), 0.004297871579041046))","(('q2_3', 0.0005424713926175384), ('q2_4', 0.0006813668031377396), ('q3_3', 0.000609920771895256), ('q3_4', 0.00035235065894156925))","(('q2_3', 6.045999999999554), ('q2_4', 6.139999999999544), ('q3_3', 5.807999999999581), ('q3_4', 5.973677177603146))","((('q3_3', 'q3_4'), 5.9587901935185235), (('q2_3', 'q2_4'), 5.99599999999956), (('q2_3', 'q3_3'), 5.927999999999567), (('q2_4', 'q3_4'), 5.995511456134243))",0
Optimized,4,2,"((('q7_5', 'q7_6'), 0.003727761275200081), (('q6_5', 'q6_6'), 0.0038564788061283273), (('q6_5', 'q7_5'), 0.003281253044975202), (('q6_6', 'q7_6'), 0.004099535590614434))","(('q6_5', 0.00035356197902058906), ('q6_6', 0.0005301071330574558), ('q7_5', 0.0004962088911830698), ('q7_6', 0.0006071164145661778))","(('q6_5', 6.26799999999953), ('q6_6', 6.125177958635907), ('q7_5', 6.075999999999551), ('q7_6', 5.875999999999573))","((('q7_5', 'q7_6'), 5.99399999999956), (('q6_5', 'q6_6'), 6.125067100627414), (('q6_5', 'q7_5'), 6.129999999999545), (('q6_6', 'q7_6'), 6.024263273561527))",0
Optimized,4,2,"((('q5_5', 'q6_5'), 0.0029373897236389668), (('q6_5', 'q6_6'), 0.0042581713389439335), (('q5_6', 'q6_6'), 0.004972399249070336), (('q5_5', 'q5_6'), 0.006169649043133302))","(('q5_5', 0.00040928873846374225), ('q5_6', 0.0005427600557230683), ('q6_5', 0.0003858684708333837), ('q6_6', 0.0007488323793727325))","(('q5_5', 6.093999999999549), ('q5_6', 5.707999999999592), ('q6_5', 6.279999999999529), ('q6_6', 5.939326532272819))","((('q5_5', 'q6_5'), 6.133999999999545), (('q6_5', 'q6_6'), 6.1349174552125945), (('q5_6', 'q6_6'), 5.807855297580689), (('q5_5', 'q5_6'), 5.90799999999957))",0
Optimized,4,2,"((('q7_3', 'q8_3'), 0.004686556247642554), (('q7_3', 'q7_4'), 0.007207847839177883), (('q7_4', 'q8_4'), 0.0047040870262058665), (('q8_3', 'q8_4'), 0.004081220326671214))","(('q7_3', 0.0007962284192516433), ('q7_4', 0.000767682180168483), ('q8_3', 0.0009141844347617667), ('q8_4', 0.0005984723520119362))","(('q7_3', 6.193999999999538), ('q7_4', 5.856757722137067), ('q8_3', 5.943999999999566), ('q8_4', 6.039999999999555))","((('q7_3', 'q8_3'), 6.0539999999995535), (('q7_3', 'q7_4'), 6.044082654462293), (('q7_4', 'q8_4'), 5.85824925865178), (('q8_3', 'q8_4'), 5.877999999999573))",0
Optimized,4,2,"((('q8_4', 'q9_4'), 0.0033849213167607695), (('q9_4', 'q9_5'), 0.0053895012712629475), (('q8_4', 'q8_5'), 0.004311476577312512), (('q8_5', 'q9_5'), 0.00593170929313816))","(('q8_4', 0.0008171262120164058), ('q8_5', 0.0006824304830585493), ('q9_4', 0.0006728196976127365), ('q9_5', 0.0006591154844181601))","(('q8_4', 5.973999999999562), ('q8_5', 6.096315423906585), ('q9_4', 6.197999999999538), ('q9_5', 5.873999999999573))","((('q8_4', 'q9_4'), 6.059999999999553), (('q9_4', 'q9_5'), 6.059999999999553), (('q8_4', 'q8_5'), 5.969188190860932), (('q8_5', 'q9_5'), 5.974393517019656))",0
Optimized,4,2,"((('q3_6', 'q3_7'), 0.004395638473055408), (('q4_6', 'q4_7'), 0.00711142656699798), (('q3_7', 'q4_7'), 0.0036108022426304953), (('q3_6', 'q4_6'), 0.006944269903834593))","(('q3_6', 0.0006074758153224447), ('q3_7', 0.00046322214011940144), ('q4_6', 0.0010591509376844943), ('q4_7', 0.0005317657801490183))","(('q3_6', 6.239999999999533), ('q3_7', 5.869627709068655), ('q4_6', 6.043999999999555), ('q4_7', 6.17599999999954))","((('q3_6', 'q3_7'), 6.0287104770616455), (('q4_6', 'q4_7'), 6.0539999999995535), (('q3_7', 'q4_7'), 6.042404816161748), (('q3_6', 'q4_6'), 6.063999999999552))",0
Optimized,4,2,"((('q5_1', 'q5_2'), 0.004449883869963256), (('q6_1', 'q6_2'), 0.003807906313696152), (('q5_1', 'q6_1'), 0.004057560512942343), (('q5_2', 'q6_2'), 0.0036190655282764828))","(('q5_1', 0.0007253918019954342), ('q5_2', 0.0007805269873809584), ('q6_1', 0.0005096686244136506), ('q6_2', 0.0005225712889542766))","(('q5_1', 5.759999999999586), ('q5_2', 5.567999999999607), ('q6_1', 6.097999999999549), ('q6_2', 5.883475949177539))","((('q5_1', 'q5_2'), 5.651999999999598), (('q6_1', 'q6_2'), 5.954379057899392), (('q5_1', 'q6_1'), 5.921999999999568), (('q5_2', 'q6_2'), 5.72815357010983))",0
Optimized,4,2,"((('q4_4', 'q5_4'), 0.005079182485235173), (('q4_3', 'q4_4'), 0.004829308291758733), (('q5_3', 'q5_4'), 0.004419041689121411), (('q4_3', 'q5_3'), 0.0037933596017428184))","(('q4_3', 0.0006376750302022893), ('q4_4', 0.0006467023671314909), ('q5_3', 0.0007375723111655574), ('q5_4', 0.0006143644954597072))","(('q4_3', 5.931999999999567), ('q4_4', 6.075999999999551), ('q5_3', 5.757999999999586), ('q5_4', 6.127297910358091))","((('q4_4', 'q5_4'), 5.988812739071496), (('q4_3', 'q4_4'), 5.945999999999565), (('q5_3', 'q5_4'), 5.994782708794467), (('q4_3', 'q5_3'), 5.873999999999573))",0
Optimized,4,2,"((('q5_2', 'q5_3'), 0.004564555684618943), (('q4_2', 'q5_2'), 0.006576696867966664), (('q4_2', 'q4_3'), 0.0036477871105666526), (('q4_3', 'q5_3'), 0.0032402625380437144))","(('q4_2', 0.0007289517461744888), ('q4_3', 0.0006928374772373069), ('q5_2', 0.0005065855909540673), ('q5_3', 0.0006394449139810465))","(('q4_2', 6.195999999999538), ('q4_3', 6.043248572799154), ('q5_2', 5.99199999999956), ('q5_3', 5.757999999999586))","((('q5_2', 'q5_3'), 5.837999999999577), (('q4_2', 'q5_2'), 6.073999999999551), (('q4_2', 'q4_3'), 6.074602564755837), (('q4_3', 'q5_3'), 5.872973071854874))",0
Optimized,4,2,"((('q5_3', 'q6_3'), 0.0037336259668305782), (('q5_4', 'q6_4'), 0.005555188593587002), (('q5_3', 'q5_4'), 0.004073485632221957), (('q6_3', 'q6_4'), 0.005171267206248414))","(('q5_3', 0.0005090155586608969), ('q5_4', 0.00044699869957731675), ('q6_3', 0.0007327792997494642), ('q6_4', 0.0006296372629149283))","(('q5_3', 5.929999999999567), ('q5_4', 6.071750824248716), ('q6_3', 6.167999999999541), ('q6_4', 6.279999999999529))","((('q5_3', 'q6_3'), 6.013999999999558), (('q5_4', 'q6_4'), 6.13475697373888), (('q5_3', 'q5_4'), 5.98501022223147), (('q6_3', 'q6_4'), 6.133999999999545))",0
Optimized,4,2,"((('q6_4', 'q6_5'), 0.0038293488715248902), (('q5_5', 'q6_5'), 0.003114400462074951), (('q5_4', 'q5_5'), 0.002952706872884514), (('q5_4', 'q6_4'), 0.0040758874300027))","(('q5_4', 0.0004760135161793744), ('q5_5', 0.0004772703268358658), ('q6_4', 0.0005809511032426884), ('q6_5', 0.00048667431516052906))","(('q5_4', 5.759999999999586), ('q5_5', 6.093999999999549), ('q6_4', 6.130147915892365), ('q6_5', 6.279999999999529))","((('q6_4', 'q6_5'), 6.131636178969763), (('q5_5', 'q6_5'), 6.133999999999545), (('q5_4', 'q5_5'), 5.90199999999957), (('q5_4', 'q6_4'), 5.9969533687309395))",0
Optimized,4,2,"((('q9_5', 'q10_5'), 0.003707067334494718), (('q9_4', 'q9_5'), 0.005152290518242841), (('q9_4', 'q10_4'), 0.0034891135136906892), (('q10_4', 'q10_5'), 0.0036645151352412697))","(('q9_4', 0.0006690503604110387), ('q9_5', 0.0010599486041683592), ('q10_4', 0.0005966355817131341), ('q10_5', 0.0005063632827548847))","(('q9_4', 6.197999999999538), ('q9_5', 5.8808817472882735), ('q10_4', 6.005999999999559), ('q10_5', 5.695999999999593))","((('q9_5', 'q10_5'), 5.828908976989497), (('q9_4', 'q9_5'), 6.004847457244313), (('q9_4', 'q10_4'), 6.059999999999553), (('q10_4', 'q10_5'), 5.827999999999578))",0
Optimized,4,2,"((('q7_2', 'q8_2'), 0.0059501125005975986), (('q7_3', 'q8_3'), 0.004470190477583014), (('q8_2', 'q8_3'), 0.0037324567370630723), (('q7_2', 'q7_3'), 0.004847621639879118))","(('q7_2', 0.0007686992020807248), ('q7_3', 0.0008978504541083399), ('q8_2', 0.0005938780313472503), ('q8_3', 0.0006702577432899925))","(('q7_2', 6.070715791404151), ('q7_3', 6.17399999999954), ('q8_2', 5.669999999999596), ('q8_3', 5.99199999999956))","((('q7_2', 'q8_2'), 5.926018928178633), (('q7_3', 'q8_3'), 6.0539999999995535), (('q8_2', 'q8_3'), 5.827999999999578), (('q7_2', 'q7_3'), 6.054091436896953))",0
Optimized,4,2,"((('q5_8', 'q5_9'), 0.005887303309489056), (('q5_9', 'q6_9'), 0.006973390499949911), (('q5_8', 'q6_8'), 0.004806594203336262), (('q6_8', 'q6_9'), 0.004574981033371478))","(('q5_8', 0.0006365209215611345), ('q5_9', 0.0010222231848663332), ('q6_8', 0.0008010788211044173), ('q6_9', 0.0006189635430606244))","(('q5_8', 6.287999999999528), ('q5_9', 5.955999999999564), ('q6_8', 5.8999999999995705), ('q6_9', 6.211056449807754))","((('q5_8', 'q5_9'), 6.069999999999552), (('q5_9', 'q6_9'), 6.0709349320680985), (('q5_8', 'q6_8'), 6.075999999999551), (('q6_8', 'q6_9'), 6.0590802653761076))",0
Optimized,4,2,"((('q5_3', 'q6_3'), 0.0038115884057760563), (('q5_2', 'q5_3'), 0.0045740563249692945), (('q6_2', 'q6_3'), 0.0040908732192875275), (('q5_2', 'q6_2'), 0.005471453418209149))","(('q5_2', 0.0005973481987575635), ('q5_3', 0.0006503928689934324), ('q6_2', 0.0006556828795013514), ('q6_3', 0.0005471502280344764))","(('q5_2', 5.567977907990173), ('q5_3', 5.873999999999573), ('q6_2', 5.9539999999995645), ('q6_3', 6.1719999999995405))","((('q5_3', 'q6_3'), 6.021999999999557), (('q5_2', 'q5_3'), 5.701594161308479), (('q6_2', 'q6_3'), 6.021999999999557), (('q5_2', 'q6_2'), 5.694935979564587))",0
Optimized,4,2,"((('q2_5', 'q3_5'), 0.0048666412150141225), (('q3_4', 'q3_5'), 0.0076330549292971395), (('q2_4', 'q2_5'), 0.0058546460630173325), (('q2_4', 'q3_4'), 0.005279762463814397))","(('q2_4', 0.0030670806752280955), ('q2_5', 0.0005937367878174338), ('q3_4', 0.0005209757831274864), ('q3_5', 0.0007338903491770354))","(('q2_4', 6.167999999999541), ('q2_5', 5.97162343719012), ('q3_4', 6.025999999999557), ('q3_5', 5.797999999999582))","((('q2_5', 'q3_5'), 5.932491194529822), (('q3_4', 'q3_5'), 5.959999999999564), (('q2_4', 'q2_5'), 5.995839758048825), (('q2_4', 'q3_4'), 5.9999999999995595))",0
Optimized,4,2,"((('q4_6', 'q4_7'), 0.007451164507477209), (('q5_6', 'q5_7'), 0.003982012502201815), (('q4_6', 'q5_6'), 0.00445769755020925), (('q4_7', 'q5_7'), 0.005488869614395708))","(('q4_6', 0.000539200840806553), ('q4_7', 0.0006654253799600607), ('q5_6', 0.0007871523319067375), ('q5_7', 0.0007218707552461567))","(('q4_6', 6.077999999999551), ('q4_7', 6.159999999999542), ('q5_6', 5.727999999999589), ('q5_7', 5.945665804029714))","((('q4_6', 'q4_7'), 6.031999999999556), (('q5_6', 'q5_7'), 5.855783022177175), (('q4_6', 'q5_6'), 5.8539999999995755), (('q4_7', 'q5_7'), 6.031960350968975))",0
Optimized,4,2,"((('q7_3', 'q7_4'), 0.003435575884626174), (('q6_4', 'q7_4'), 0.003941700579626534), (('q6_3', 'q7_3'), 0.0035777854439786594), (('q6_3', 'q6_4'), 0.004009288367986974))","(('q6_3', 0.0006326343199195006), ('q6_4', 0.00068424880913176), ('q7_3', 0.0006555700330307945), ('q7_4', 0.0005144823792407882))","(('q6_3', 6.167999999999541), ('q6_4', 6.279999999999529), ('q7_3', 5.841999999999577), ('q7_4', 6.076839651212206))","((('q7_3', 'q7_4'), 5.928970691820983), (('q6_4', 'q7_4'), 6.119571921675516), (('q6_3', 'q7_3'), 6.021999999999557), (('q6_3', 'q6_4'), 6.129999999999545))",0
Optimized,4,2,"((('q6_2', 'q6_3'), 0.004561967242925957), (('q6_2', 'q7_2'), 0.0032700569975870064), (('q7_2', 'q7_3'), 0.004924979778986177), (('q6_3', 'q7_3'), 0.0033682024506297426))","(('q6_2', 0.0008144299000488742), ('q6_3', 0.0006818053213372699), ('q7_2', 0.0007691010973259194), ('q7_3', 0.0007557944067742572))","(('q6_2', 5.847999999999576), ('q6_3', 6.015315347434184), ('q7_2', 6.069999999999552), ('q7_3', 6.203999999999537))","((('q6_2', 'q6_3'), 5.983796596003223), (('q6_2', 'q7_2'), 5.923999999999568), (('q7_2', 'q7_3'), 6.0539999999995535), (('q6_3', 'q7_3'), 6.054454028970342))",0
Optimized,4,2,"((('q9_6', 'q9_7'), 0.006199027902756449), (('q8_6', 'q8_7'), 0.0052837408385898454), (('q8_6', 'q9_6'), 0.005445677421789696), (('q8_7', 'q9_7'), 0.0038666565943953346))","(('q8_6', 0.000740734013967792), ('q8_7', 0.000556312048014096), ('q9_6', 0.0006475116322280927), ('q9_7', 0.0004907317479916906))","(('q8_6', 6.311999999999525), ('q8_7', 5.9999999999995595), ('q9_6', 5.951999999999565), ('q9_7', 6.18101881186692))","((('q9_6', 'q9_7'), 6.040689387900454), (('q8_6', 'q8_7'), 6.17999999999954), (('q8_6', 'q9_6'), 6.17799999999954), (('q8_7', 'q9_7'), 6.039478141128331))",0
Optimized,9,2,"((('q5_2', 'q5_3'), 0.0048752587186559615), (('q4_3', 'q5_3'), 0.0037330104739706493), (('q4_1', 'q5_1'), 0.003672513510479647), (('q5_1', 'q5_2'), 0.004994818926736616), (('q4_1', 'q4_2'), 0.010218273480125772), (('q5_3', 'q6_3'), 0.00488632405845249), (('q6_2', 'q6_3'), 0.0050659848315055545), (('q4_2', 'q5_2'), 0.004147010605593776), (('q4_2', 'q4_3'), 0.004557340542180516), (('q5_2', 'q6_2'), 0.0037683476025172913), (('q6_1', 'q6_2'), 0.0042995567253823475), (('q5_1', 'q6_1'), 0.005416278362000343))","(('q4_1', 0.0006425086617581344), ('q4_2', 0.0007924235188923046), ('q4_3', 0.000461213481351197), ('q5_1', 0.0006385587924656044), ('q5_2', 0.000470895874875199), ('q5_3', 0.000709398822620555), ('q6_1', 0.0006101909794827276), ('q6_2', 0.0006289238861679758), ('q6_3', 0.0006221763177357564))","(('q4_1', 5.867999999999574), ('q4_2', 6.201999999999537), ('q4_3', 6.041999999999555), ('q5_1', 5.643426684509443), ('q5_2', 5.969887514784386), ('q5_3', 5.7999999999995815), ('q6_1', 6.131895333270549), ('q6_2', 5.728904069609487), ('q6_3', 6.147999999999543))","((('q5_2', 'q5_3'), 5.824975435432984), (('q4_3', 'q5_3'), 5.875999999999573), (('q4_1', 'q5_1'), 5.746916344584184), (('q5_1', 'q5_2'), 5.825038663708447), (('q4_1', 'q4_2'), 6.023999999999557), (('q5_3', 'q6_3'), 5.987999999999561), (('q6_2', 'q6_3'), 5.984437671361997), (('q4_2', 'q5_2'), 6.067759500392947), (('q4_2', 'q4_3'), 6.065999999999552), (('q5_2', 'q6_2'), 5.80452219722684), (('q6_1', 'q6_2'), 5.972215909961954), (('q5_1', 'q6_1'), 5.927122554123165))",0
Optimized,9,2,"((('q8_4', 'q9_4'), 0.0041448736577476), (('q9_5', 'q10_5'), 0.00411818574196704), (('q9_6', 'q10_6'), 0.0042008767336084996), (('q9_4', 'q10_4'), 0.00378672376813205), (('q8_5', 'q9_5'), 0.003926304422583515), (('q8_4', 'q8_5'), 0.0041148986875057525), (('q10_5', 'q10_6'), 0.006364436257672079), (('q10_4', 'q10_5'), 0.0046977772924104155), (('q8_6', 'q9_6'), 0.005350139483798422), (('q9_4', 'q9_5'), 0.004998416131892031), (('q9_5', 'q9_6'), 0.005382213141575942), (('q8_5', 'q8_6'), 0.004482382854920086))","(('q8_4', 0.0006256561702503438), ('q8_5', 0.0007157788199976256), ('q8_6', 0.0005409264258341429), ('q9_4', 0.0007196259269889871), ('q9_5', 0.0006095699866059401), ('q9_6', 0.0008536075289696243), ('q10_4', 0.0004267113105182463), ('q10_5', 0.0005094721112370859), ('q10_6', 0.0005858731053253186))","(('q8_4', 5.891999999999571), ('q8_5', 6.086315343688657), ('q8_6', 6.3267270504254105), ('q9_4', 6.205999999999537), ('q9_5', 5.786044753866636), ('q9_6', 5.938442184679441), ('q10_4', 5.887999999999572), ('q10_5', 5.99799999999956), ('q10_6', 6.17599999999954))","((('q8_4', 'q9_4'), 6.037999999999555), (('q9_5', 'q10_5'), 5.854442918068672), (('q9_6', 'q10_6'), 6.011523630997179), (('q9_4', 'q10_4'), 6.047999999999554), (('q8_5', 'q9_5'), 5.922350291530083), (('q8_4', 'q8_5'), 5.954427713964522), (('q10_5', 'q10_6'), 6.013999999999558), (('q10_4', 'q10_5'), 5.829999999999578), (('q8_6', 'q9_6'), 6.186828563321022), (('q9_4', 'q9_5'), 5.933319376549843), (('q9_5', 'q9_6'), 5.923474218029185), (('q8_5', 'q8_6'), 6.173735915751586))",0
Optimized,9,2,"((('q4_4', 'q5_4'), 0.0038682281088424086), (('q5_2', 'q5_3'), 0.0053793144468931575), (('q4_3', 'q4_4'), 0.0038343362757823074), (('q5_4', 'q6_4'), 0.008323113610738536), (('q6_3', 'q6_4'), 0.003894315705826712), (('q4_3', 'q5_3'), 0.003565196309769314), (('q5_3', 'q6_3'), 0.005518102574895739), (('q6_2', 'q6_3'), 0.004440294903674757), (('q5_3', 'q5_4'), 0.005493343784977234), (('q4_2', 'q5_2'), 0.00668597197386106), (('q4_2', 'q4_3'), 0.004860966322629862), (('q5_2', 'q6_2'), 0.0040819712167251))","(('q4_2', 0.0007587496941071636), ('q4_3', 0.000622872887176551), ('q4_4', 0.0005193669641646581), ('q5_2', 0.00086032841590028), ('q5_3', 0.0006381176648520559), ('q5_4', 0.0005930469666096672), ('q6_2', 0.0006499919130217857), ('q6_3', 0.000794511607059678), ('q6_4', 0.000741555569693797))","(('q4_2', 6.1899999999995385), ('q4_3', 5.99799999999956), ('q4_4', 6.101999999999548), ('q5_2', 5.952241488238788), ('q5_3', 5.765999999999585), ('q5_4', 5.921250280662496), ('q6_2', 5.723314541164053), ('q6_3', 6.147999999999543), ('q6_4', 6.2801958664202555))","((('q4_4', 'q5_4'), 5.951234509202809), (('q5_2', 'q5_3'), 5.805794203228388), (('q4_3', 'q4_4'), 5.949999999999565), (('q5_4', 'q6_4'), 6.127945927463101), (('q6_3', 'q6_4'), 6.13376565720548), (('q4_3', 'q5_3'), 5.869999999999574), (('q5_3', 'q6_3'), 6.011999999999558), (('q6_2', 'q6_3'), 6.00741654100682), (('q5_3', 'q5_4'), 5.904965082930244), (('q4_2', 'q5_2'), 6.074517882503729), (('q4_2', 'q4_3'), 6.073999999999551), (('q5_2', 'q6_2'), 5.786951108735626))",0
Optimized,9,2,"((('q3_4', 'q4_4'), 0.004732809833057405), (('q4_4', 'q5_4'), 0.005522992748252908), (('q5_2', 'q5_3'), 0.0035424525217847835), (('q3_2', 'q3_3'), 0.0040760887510616906), (('q4_3', 'q4_4'), 0.01158702877781162), (('q4_3', 'q5_3'), 0.004152111367039996), (('q3_2', 'q4_2'), 0.003879960507699176), (('q3_3', 'q3_4'), 0.0031111510999022873), (('q3_3', 'q4_3'), 0.00558694132564852), (('q5_3', 'q5_4'), 0.0030533985316072987), (('q4_2', 'q5_2'), 0.0038816948202304302), (('q4_2', 'q4_3'), 0.0033500689620412083))","(('q3_2', 0.0005867602620358014), ('q3_3', 0.0005693641582297793), ('q3_4', 0.0005344978448993398), ('q4_2', 0.0007996071866245846), ('q4_3', 0.0004231426856388665), ('q4_4', 0.0007705946710488965), ('q5_2', 0.0006267928326406103), ('q5_3', 0.0005617363393354835), ('q5_4', 0.0003083590296988348))","(('q3_2', 6.033999999999556), ('q3_3', 5.732502000333398), ('q3_4', 6.091677946706112), ('q4_2', 6.201999999999537), ('q4_3', 5.883303965975037), ('q4_4', 5.922375203703681), ('q5_2', 5.969999999999563), ('q5_3', 5.739999999999588), ('q5_4', 6.08199999999955))","((('q3_4', 'q4_4'), 5.965965382546144), (('q4_4', 'q5_4'), 5.993043399174743), (('q5_2', 'q5_3'), 5.833999999999578), (('q3_2', 'q3_3'), 5.871857553735043), (('q4_3', 'q4_4'), 5.934584083116003), (('q4_3', 'q5_3'), 5.84848613670498), (('q3_2', 'q4_2'), 6.065999999999552), (('q3_3', 'q3_4'), 5.954580959905708), (('q3_3', 'q4_3'), 5.847425112717182), (('q5_3', 'q5_4'), 5.957999999999564), (('q4_2', 'q5_2'), 6.065999999999552), (('q4_2', 'q4_3'), 6.066566043204898))",0
Optimized,9,2,"((('q5_2', 'q5_3'), 0.004659585837264946), (('q5_4', 'q6_4'), 0.005176502963598423), (('q6_3', 'q6_4'), 0.0040831943967639395), (('q7_3', 'q7_4'), 0.0037250689946390914), (('q5_3', 'q6_3'), 0.004000783832643268), (('q6_2', 'q6_3'), 0.005226238753598206), (('q5_3', 'q5_4'), 0.0036773564680239734), (('q6_4', 'q7_4'), 0.004176534514523489), (('q6_3', 'q7_3'), 0.004108867498370888), (('q5_2', 'q6_2'), 0.003909061667607849), (('q7_2', 'q7_3'), 0.004781039978049517), (('q6_2', 'q7_2'), 0.004316536398656257))","(('q5_2', 0.0005081960970220178), ('q5_3', 0.0007022739827409197), ('q5_4', 0.0005477189428613194), ('q6_2', 0.0006981246957238896), ('q6_3', 0.0008010376751416137), ('q6_4', 0.0005968722678859617), ('q7_2', 0.0006886247295763148), ('q7_3', 0.0007742496257163722), ('q7_4', 0.00052552361692354))","(('q5_2', 5.952186898303006), ('q5_3', 5.847187891392113), ('q5_4', 6.049999999999554), ('q6_2', 5.722839731846372), ('q6_3', 6.1551527698520525), ('q6_4', 6.279999999999529), ('q7_2', 6.069999999999552), ('q7_3', 5.841999999999577), ('q7_4', 6.079999999999551))","((('q5_2', 'q5_3'), 5.805345547607001), (('q5_4', 'q6_4'), 6.125999999999546), (('q6_3', 'q6_4'), 6.125636185738719), (('q7_3', 'q7_4'), 5.927999999999567), (('q5_3', 'q6_3'), 6.010608290901125), (('q6_2', 'q6_3'), 5.8461038372921355), (('q5_3', 'q5_4'), 5.989086137880875), (('q6_4', 'q7_4'), 6.119999999999546), (('q6_3', 'q7_3'), 6.010732135963871), (('q5_2', 'q6_2'), 5.805796547805914), (('q7_2', 'q7_3'), 5.923999999999568), (('q6_2', 'q7_2'), 5.923548396801375))",0
Optimized,9,2,"((('q6_7', 'q6_8'), 0.00972464407288065), (('q7_7', 'q7_8'), 0.005533027245881561), (('q5_7', 'q6_7'), 0.0061191907795230815), (('q6_8', 'q7_8'), 0.005982285868075199), (('q7_8', 'q7_9'), 0.004527858258261658), (('q6_9', 'q7_9'), 0.007761165797534386), (('q6_8', 'q6_9'), 0.005462785223046496), (('q5_8', 'q6_8'), 0.006324614927022049), (('q6_7', 'q7_7'), 0.005187734504866037), (('q5_8', 'q5_9'), 0.010417858040657008), (('q5_7', 'q5_8'), 0.005558517975855465), (('q5_9', 'q6_9'), 0.008531953948851728))","(('q5_7', 0.0008176982435575963), ('q5_8', 0.00045644245492221236), ('q5_9', 0.0005870683592507087), ('q6_7', 0.0007352229004919941), ('q6_8', 0.0006772273166111287), ('q6_9', 0.0006175080891445694), ('q7_7', 0.0007426916293825081), ('q7_8', 0.0008544024950375984), ('q7_9', 0.0007390570902236493))","(('q5_7', 5.8937107124761985), ('q5_8', 5.81399999999958), ('q5_9', 6.2561614176008025), ('q6_7', 5.911999999999569), ('q6_8', 6.137999999999544), ('q6_9', 5.921999999999568), ('q7_7', 6.0735727653162375), ('q7_8', 6.297999999999527), ('q7_9', 6.065447489312028))","((('q6_7', 'q6_8'), 5.973999999999562), (('q7_7', 'q7_8'), 6.143021013752164), (('q5_7', 'q6_7'), 6.003916783631736), (('q6_8', 'q7_8'), 6.143999999999544), (('q7_8', 'q7_9'), 6.142963690610838), (('q6_9', 'q7_9'), 6.08238895106492), (('q6_8', 'q6_9'), 5.969999999999563), (('q5_8', 'q6_8'), 5.969999999999563), (('q6_7', 'q7_7'), 5.891072552512553), (('q5_8', 'q5_9'), 6.081083224511669), (('q5_7', 'q5_8'), 5.857611381512076), (('q5_9', 'q6_9'), 6.058457960973734))",0
Optimized,9,2,"((('q8_2', 'q8_3'), 0.006431006156492697), (('q6_3', 'q6_4'), 0.007759611958933016), (('q7_2', 'q8_2'), 0.006516810761425684), (('q7_3', 'q8_3'), 0.007084876207405277), (('q7_3', 'q7_4'), 0.007984726374820839), (('q7_4', 'q8_4'), 0.005819299367424369), (('q8_3', 'q8_4'), 0.00351157544295011), (('q6_2', 'q6_3'), 0.0039929005395213935), (('q6_4', 'q7_4'), 0.0037436097935222012), (('q6_3', 'q7_3'), 0.004796373758991751), (('q7_2', 'q7_3'), 0.0041453762900281466), (('q6_2', 'q7_2'), 0.0034178720115528027))","(('q6_2', 0.0005854629695323799), ('q6_3', 0.0007245515771747146), ('q6_4', 0.00033623618268663336), ('q7_2', 0.0007369804400161328), ('q7_3', 0.0006984734232387546), ('q7_4', 0.0005291283520754697), ('q8_2', 0.0010348480711511177), ('q8_3', 0.0006598808343610818), ('q8_4', 0.0006400869683128585))","(('q6_2', 6.0179999999995575), ('q6_3', 5.864934679876958), ('q6_4', 6.280156973482029), ('q7_2', 5.803999999999581), ('q7_3', 6.173881149795313), ('q7_4', 6.077187584858194), ('q8_2', 6.0179999999995575), ('q8_3', 5.693999999999593), ('q8_4', 6.019999999999557))","((('q8_2', 'q8_3'), 5.8819999999995725), (('q6_3', 'q6_4'), 6.133733707574396), (('q7_2', 'q8_2'), 5.8819999999995725), (('q7_3', 'q8_3'), 6.040665470972862), (('q7_3', 'q7_4'), 6.040640011899651), (('q7_4', 'q8_4'), 5.922190313858588), (('q8_3', 'q8_4'), 5.873999999999573), (('q6_2', 'q6_3'), 5.90032818737466), (('q6_4', 'q7_4'), 6.124474280088631), (('q6_3', 'q7_3'), 6.040671440490453), (('q7_2', 'q7_3'), 6.040650927479373), (('q6_2', 'q7_2'), 5.919999999999568))",0
Optimized,9,2,"((('q6_1', 'q7_1'), 0.0038478910250120957), (('q5_2', 'q5_3'), 0.0038901341400853773), (('q5_1', 'q5_2'), 0.004654524719920894), (('q5_3', 'q6_3'), 0.003828341385403944), (('q6_2', 'q6_3'), 0.0046368346850785835), (('q7_2', 'q7_3'), 0.003498352975456198), (('q6_3', 'q7_3'), 0.00341788426057435), (('q5_2', 'q6_2'), 0.005618022783482168), (('q7_1', 'q7_2'), 0.003873049127437911), (('q6_1', 'q6_2'), 0.00603954081763855), (('q5_1', 'q6_1'), 0.00430257778969248), (('q6_2', 'q7_2'), 0.0042204730659383405))","(('q5_1', 0.0005633369377335828), ('q5_2', 0.00043637304259369625), ('q5_3', 0.0005150938380504289), ('q6_1', 0.0007759190436921748), ('q6_2', 0.0007240855872899243), ('q6_3', 0.0007075140455217177), ('q7_1', 0.0005788682963646097), ('q7_2', 0.0006172036383762514), ('q7_3', 0.0005472175905535948))","(('q5_1', 5.752879847575861), ('q5_2', 5.8259729662714275), ('q5_3', 6.059999999999553), ('q6_1', 6.1315997469436105), ('q6_2', 5.675314730775709), ('q6_3', 5.895999999999571), ('q7_1', 5.789999999999583), ('q7_2', 6.025999999999557), ('q7_3', 6.213999999999536))","((('q6_1', 'q7_1'), 5.9386954557396905), (('q5_2', 'q5_3'), 5.900843601904591), (('q5_1', 'q5_2'), 5.705716537822663), (('q5_3', 'q6_3'), 5.8999999999995705), (('q6_2', 'q6_3'), 5.791268015587375), (('q7_2', 'q7_3'), 6.0539999999995535), (('q6_3', 'q7_3'), 6.055999999999553), (('q5_2', 'q6_2'), 5.708728343223061), (('q7_1', 'q7_2'), 5.9179999999995685), (('q6_1', 'q6_2'), 5.965423579208129), (('q5_1', 'q6_1'), 5.915834514467091), (('q6_2', 'q7_2'), 5.7952808381750724))",0
Optimized,9,2,"((('q6_6', 'q6_7'), 0.005366006021643666), (('q7_6', 'q7_7'), 0.004087116765098736), (('q6_7', 'q6_8'), 0.004242774615378336), (('q7_7', 'q7_8'), 0.004153169148052027), (('q6_8', 'q7_8'), 0.0038976464326996862), (('q7_6', 'q8_6'), 0.005692397297168167), (('q8_6', 'q8_7'), 0.005736991641351108), (('q8_7', 'q8_8'), 0.004506855563617795), (('q6_6', 'q7_6'), 0.007035323460329979), (('q6_7', 'q7_7'), 0.004901016774218447), (('q7_8', 'q8_8'), 0.0046917328510215905), (('q7_7', 'q8_7'), 0.0037421444802911152))","(('q6_6', 0.0005265587730867716), ('q6_7', 0.001738864120395034), ('q6_8', 0.00043030330602389366), ('q7_6', 0.0008085569845788232), ('q7_7', 0.0005320694662962477), ('q7_8', 0.0004937201294386018), ('q8_6', 0.0007125175040941789), ('q8_7', 0.000856778778810019), ('q8_8', 0.0004846459279531645))","(('q6_6', 6.209999999999536), ('q6_7', 6.131999999999545), ('q6_8', 5.925999999999568), ('q7_6', 5.816519675122131), ('q7_7', 6.029999999999556), ('q7_8', 6.272629665882466), ('q8_6', 6.150145674563729), ('q8_7', 5.927999999999567), ('q8_8', 6.146440784627901))","((('q6_6', 'q6_7'), 6.057999999999553), (('q7_6', 'q7_7'), 5.93006369817428), (('q6_7', 'q6_8'), 6.029999999999556), (('q7_7', 'q7_8'), 6.144421666540788), (('q6_8', 'q7_8'), 6.13494242861594), (('q7_6', 'q8_6'), 5.937997173412483), (('q8_6', 'q8_7'), 6.064790385304938), (('q8_7', 'q8_8'), 6.069069808551852), (('q6_6', 'q7_6'), 6.005918933151334), (('q6_7', 'q7_7'), 6.0179999999995575), (('q7_8', 'q8_8'), 6.141802672387665), (('q7_7', 'q8_7'), 5.931999999999567))",0
Optimized,9,2,"((('q6_6', 'q6_7'), 0.004072372775808603), (('q6_5', 'q6_6'), 0.004771777458229709), (('q7_6', 'q7_7'), 0.004027837735518458), (('q7_6', 'q8_6'), 0.008066305280897246), (('q8_6', 'q8_7'), 0.011011888967420669), (('q6_5', 'q7_5'), 0.006425456343877811), (('q7_5', 'q7_6'), 0.003730106533326949), (('q6_6', 'q7_6'), 0.004728557729527377), (('q6_7', 'q7_7'), 0.004474625846709074), (('q7_7', 'q8_7'), 0.0035490734140736224), (('q7_5', 'q8_5'), 0.003130877205772542), (('q8_5', 'q8_6'), 0.008496521474530394))","(('q6_5', 0.0006975845372129141), ('q6_6', 0.0004951844072241252), ('q6_7', 0.0005277291367391523), ('q7_5', 0.0005472042814284039), ('q7_6', 0.0005309114379346003), ('q7_7', 0.0006839390763229702), ('q8_5', 0.0005912095610233759), ('q8_6', 0.0011203995071268347), ('q8_7', 0.00038853842245095693))","(('q6_5', 5.959999999999564), ('q6_6', 6.17599999999954), ('q6_7', 5.933999999999567), ('q7_5', 6.077082338737586), ('q7_6', 5.847999999999576), ('q7_7', 6.073559314455736), ('q8_5', 5.8923154213802444), ('q8_6', 6.275999999999529), ('q8_7', 5.9528706974540215))","((('q6_6', 'q6_7'), 6.051999999999554), (('q6_5', 'q6_6'), 6.051999999999554), (('q7_6', 'q7_7'), 5.9289714106833555), (('q7_6', 'q8_6'), 6.181999999999539), (('q8_6', 'q8_7'), 6.131609098694015), (('q6_5', 'q7_5'), 5.981926126888089), (('q7_5', 'q7_6'), 5.953483879398806), (('q6_6', 'q7_6'), 5.987999999999561), (('q6_7', 'q7_7'), 5.986756460991651), (('q7_7', 'q8_7'), 5.914587958825895), (('q7_5', 'q8_5'), 5.9059435310133805), (('q8_5', 'q8_6'), 6.122291739203741))",0
Optimized,9,2,"((('q8_4', 'q9_4'), 0.006079335489456605), (('q8_5', 'q9_5'), 0.008493154853623175), (('q7_6', 'q8_6'), 0.00428900018375683), (('q8_4', 'q8_5'), 0.00663944095342725), (('q7_4', 'q8_4'), 0.004767309851890583), (('q8_6', 'q9_6'), 0.0055296876275351126), (('q7_5', 'q7_6'), 0.004183874988444775), (('q9_4', 'q9_5'), 0.004082798688955586), (('q9_5', 'q9_6'), 0.006136697014732545), (('q7_5', 'q8_5'), 0.006238157361639102), (('q8_5', 'q8_6'), 0.006796210103725359), (('q7_4', 'q7_5'), 0.004731199748217202))","(('q7_4', 0.0005581046985689841), ('q7_5', 0.0004284499562852706), ('q7_6', 0.0005528750808990734), ('q8_4', 0.0006039685720971577), ('q8_5', 0.0018957458579307307), ('q8_6', 0.0003760608938461196), ('q9_4', 0.0004606726290380392), ('q9_5', 0.0006478798322175905), ('q9_6', 0.0005978390723715421))","(('q7_4', 5.980619870964241), ('q7_5', 5.807082545083755), ('q7_6', 6.107999999999548), ('q8_4', 5.675999999999595), ('q8_5', 6.031999999999556), ('q8_6', 6.325999999999524), ('q9_4', 6.204307402691092), ('q9_5', 5.808041000534187), ('q9_6', 5.9719999999995625))","((('q8_4', 'q9_4'), 6.059780159667369), (('q8_5', 'q9_5'), 5.960696431325082), (('q7_6', 'q8_6'), 6.17999999999954), (('q8_4', 'q8_5'), 5.791999999999582), (('q7_4', 'q8_4'), 5.826202826274355), (('q8_6', 'q9_6'), 6.17399999999954), (('q7_5', 'q7_6'), 5.9596790624661145), (('q9_4', 'q9_5'), 6.03030734167736), (('q9_5', 'q9_6'), 5.904720769839529), (('q7_5', 'q8_5'), 5.959084699531103), (('q8_5', 'q8_6'), 6.17799999999954), (('q7_4', 'q7_5'), 5.9283817778262655))",0
Optimized,9,2,"((('q6_5', 'q6_6'), 0.00746262468812392), (('q5_4', 'q6_4'), 0.008402339565114963), (('q5_5', 'q5_6'), 0.004974467421941131), (('q5_5', 'q6_5'), 0.004816152162575582), (('q6_5', 'q7_5'), 0.007162853755921017), (('q6_4', 'q6_5'), 0.004528400584890513), (('q7_5', 'q7_6'), 0.002495837959107544), (('q5_6', 'q6_6'), 0.00746262468812392), (('q6_4', 'q7_4'), 0.005481930976638266), (('q6_6', 'q7_6'), 0.004394349540246589), (('q5_4', 'q5_5'), 0.0030510298236602618), (('q7_4', 'q7_5'), 0.0036965502905006997))","(('q5_4', 0.0006201158605193546), ('q5_5', 0.000518654264050511), ('q5_6', 0.000993736698846115), ('q6_4', 0.0019054089839823374), ('q6_5', 0.0017187148673800667), ('q6_6', 0.0024815604069068353), ('q7_4', 0.0004594712078767049), ('q7_5', 0.0006326256056220503), ('q7_6', 0.0007475596416842145))","(('q5_4', 6.137250271068948), ('q5_5', 5.8161870632975115), ('q5_6', 5.931999999999567), ('q6_4', 6.26999999999953), ('q6_5', 6.015999999999558), ('q6_6', 6.17599999999954), ('q7_4', 5.888837052494392), ('q7_5', 6.105081496712091), ('q7_6', 5.869999999999574))","((('q6_5', 'q6_6'), 6.051999999999554), (('q5_4', 'q6_4'), 6.130090743224418), (('q5_5', 'q5_6'), 5.981136829330118), (('q5_5', 'q6_5'), 5.90200455304371), (('q6_5', 'q7_5'), 5.936149755396756), (('q6_4', 'q6_5'), 6.129999999999545), (('q7_5', 'q7_6'), 5.981856060531374), (('q5_6', 'q6_6'), 6.051999999999554), (('q6_4', 'q7_4'), 6.116653962209977), (('q6_6', 'q7_6'), 5.987999999999561), (('q5_4', 'q5_5'), 5.951000257861652), (('q7_4', 'q7_5'), 5.952852493577687))",0
Optimized,9,2,"((('q6_5', 'q6_6'), 0.007374494676307131), (('q7_6', 'q8_6'), 0.003680297517943243), (('q6_5', 'q7_5'), 0.005804431913603886), (('q8_4', 'q8_5'), 0.005045215239178141), (('q7_4', 'q8_4'), 0.004946035376190622), (('q6_4', 'q6_5'), 0.005034800783460663), (('q7_5', 'q7_6'), 0.004034423754528449), (('q6_6', 'q7_6'), 0.006742223019803595), (('q6_4', 'q7_4'), 0.0043349022480707045), (('q7_5', 'q8_5'), 0.0052891118724541775), (('q8_5', 'q8_6'), 0.005198792616591008), (('q7_4', 'q7_5'), 0.006362492762837096))","(('q6_4', 0.0005756624057869919), ('q6_5', 0.0012131736471579502), ('q6_6', 0.0012210602830322603), ('q7_4', 0.0005219464874336999), ('q7_5', 0.000515683618997842), ('q7_6', 0.0005734258569267681), ('q8_4', 0.0006492037375807613), ('q8_5', 0.0014845474214478238), ('q8_6', 0.0005986314751760258))","(('q6_4', 6.1654347253563015), ('q6_5', 6.2798828911591045), ('q6_6', 5.867999999999574), ('q7_4', 6.079999999999551), ('q7_5', 5.783999999999583), ('q7_6', 6.105999999999548), ('q8_4', 5.706720666436286), ('q8_5', 6.011934396346828), ('q8_6', 6.311999999999525))","((('q6_5', 'q6_6'), 6.128915042955646), (('q7_6', 'q8_6'), 6.17999999999954), (('q6_5', 'q7_5'), 6.078294505093794), (('q8_4', 'q8_5'), 5.807506127963978), (('q7_4', 'q8_4'), 5.921719529255488), (('q6_4', 'q6_5'), 6.128963057643159), (('q7_5', 'q7_6'), 5.945999999999565), (('q6_6', 'q7_6'), 5.985999999999561), (('q6_4', 'q7_4'), 6.1008661154597625), (('q7_5', 'q8_5'), 5.917650662021518), (('q8_5', 'q8_6'), 6.178784292157001), (('q7_4', 'q7_5'), 5.919999999999568))",0
Optimized,9,2,"((('q7_6', 'q7_7'), 0.004476730777740218), (('q8_5', 'q9_5'), 0.0058335008249205955), (('q8_7', 'q9_7'), 0.0038170213925273755), (('q7_6', 'q8_6'), 0.0036636087489488323), (('q8_6', 'q8_7'), 0.004167565310014304), (('q8_6', 'q9_6'), 0.0054655291939636474), (('q7_5', 'q7_6'), 0.003711260692176893), (('q9_5', 'q9_6'), 0.007989978914401452), (('q9_6', 'q9_7'), 0.0037454961412161647), (('q7_7', 'q8_7'), 0.0043233296026448376), (('q7_5', 'q8_5'), 0.004484211150325407), (('q8_5', 'q8_6'), 0.003707810046685134))","(('q7_5', 0.000576555598878481), ('q7_6', 0.0006312563129146631), ('q7_7', 0.0004890321827130117), ('q8_5', 0.0007393492834165127), ('q8_6', 0.0006598535947071049), ('q8_7', 0.0006855822500761999), ('q9_5', 0.0006023724135447717), ('q9_6', 0.0008275864199781546), ('q9_7', 0.0005863124088860694))","(('q7_5', 5.821999999999579), ('q7_6', 6.129304183814586), ('q7_7', 6.163596145236144), ('q8_5', 6.065999999999552), ('q8_6', 6.311999999999525), ('q8_7', 5.9999999999995595), ('q9_5', 5.891999999999571), ('q9_6', 5.962442190866008), ('q9_7', 6.1810194009269805))","((('q7_6', 'q7_7'), 5.9988920074479815), (('q8_5', 'q9_5'), 5.969999999999563), (('q8_7', 'q9_7'), 6.039395420237993), (('q7_6', 'q8_6'), 6.175211516852877), (('q8_6', 'q8_7'), 6.133999999999545), (('q8_6', 'q9_6'), 6.132977214840134), (('q7_5', 'q7_6'), 5.944266477638928), (('q9_5', 'q9_6'), 5.91734786398635), (('q9_6', 'q9_7'), 6.049217020093393), (('q7_7', 'q8_7'), 6.001233740099006), (('q7_5', 'q8_5'), 5.943999999999566), (('q8_5', 'q8_6'), 6.17399999999954))",0
Optimized,9,2,"((('q5_4', 'q6_4'), 0.006000604781830704), (('q6_3', 'q6_4'), 0.003985323806766278), (('q5_5', 'q6_5'), 0.004529077706713042), (('q6_5', 'q7_5'), 0.004021246115428034), (('q7_3', 'q7_4'), 0.0043129404968502705), (('q6_4', 'q6_5'), 0.004793579045373808), (('q5_3', 'q6_3'), 0.003692287663905336), (('q5_3', 'q5_4'), 0.0036187645780834665), (('q6_4', 'q7_4'), 0.0035469613292513358), (('q6_3', 'q7_3'), 0.003831816182474773), (('q5_4', 'q5_5'), 0.004056480833433546), (('q7_4', 'q7_5'), 0.0038507394970342668))","(('q5_3', 0.0006453294890560457), ('q5_4', 0.0005255487984047735), ('q5_5', 0.0005435342683003386), ('q6_3', 0.0004818110788357699), ('q6_4', 0.0006576528860736675), ('q6_5', 0.0008633198440260448), ('q7_3', 0.0005633312460834317), ('q7_4', 0.0005999748348044509), ('q7_5', 0.0005432540689396248))","(('q5_3', 5.929999999999567), ('q5_4', 6.055210661954198), ('q5_5', 5.921751047539629), ('q6_3', 6.167999999999541), ('q6_4', 6.279999999999529), ('q6_5', 5.947999999999565), ('q7_3', 5.841999999999577), ('q7_4', 6.0766728265691015), ('q7_5', 5.783980055271184))","((('q5_4', 'q6_4'), 6.123474356964148), (('q6_3', 'q6_4'), 6.119999999999546), (('q5_5', 'q6_5'), 5.96702202215997), (('q6_5', 'q7_5'), 5.946716644977669), (('q7_3', 'q7_4'), 5.92424043252056), (('q6_4', 'q6_5'), 6.1179999999995465), (('q5_3', 'q6_3'), 6.013999999999558), (('q5_3', 'q5_4'), 5.9853733393207795), (('q6_4', 'q7_4'), 6.119516149591058), (('q6_3', 'q7_3'), 6.011999999999558), (('q5_4', 'q5_5'), 5.9884204833459265), (('q7_4', 'q7_5'), 5.924387564517048))",0
Optimized,16,2,"((('q5_6', 'q5_7'), 0.0068657998136662235), (('q7_5', 'q7_6'), 0.00977702665469607), (('q7_8', 'q8_8'), 0.005002749109340288), (('q5_7', 'q5_8'), 0.004817669169112138), (('q8_5', 'q8_6'), 0.00631381085463939), (('q6_6', 'q6_7'), 0.00894173004767923), (('q6_7', 'q6_8'), 0.005193878566239457), (('q7_6', 'q8_6'), 0.011466694982926767), (('q5_5', 'q6_5'), 0.003664867752389417), (('q8_6', 'q8_7'), 0.004796851357525972), (('q6_5', 'q7_5'), 0.0039315182868130405), (('q8_7', 'q8_8'), 0.00388302643329258), (('q6_6', 'q7_6'), 0.006947005728423383), (('q7_5', 'q8_5'), 0.003564313466035196), (('q6_5', 'q6_6'), 0.00817957989709367), (('q7_6', 'q7_7'), 0.008160367122919815), (('q5_5', 'q5_6'), 0.00574073642419376), (('q6_8', 'q7_8'), 0.005086583793390442), (('q5_6', 'q6_6'), 0.015548161131771598), (('q5_8', 'q6_8'), 0.004989694663493388), (('q6_7', 'q7_7'), 0.004445997020161824), (('q7_7', 'q8_7'), 0.003243083731960278), (('q7_7', 'q7_8'), 0.005418593876527794), (('q5_7', 'q6_7'), 0.004626403361852882))","(('q5_5', 0.0004843989122689796), ('q5_6', 0.0016889198989327725), ('q5_7', 0.0005159696159606209), ('q5_8', 0.0006454553813853292), ('q6_5', 0.0003550681079271256), ('q6_6', 0.0020209842399595557), ('q6_7', 0.0009372814290474762), ('q6_8', 0.00065244084077698), ('q7_5', 0.0005189391157980339), ('q7_6', 0.0007364174255747313), ('q7_7', 0.0006475506232074824), ('q7_8', 0.0013112249046145497), ('q8_5', 0.0005951426943046623), ('q8_6', 0.0007425555906880321), ('q8_7', 0.0006141333418690498), ('q8_8', 0.0004848827089555252))","(('q5_5', 6.0999999999995485), ('q5_6', 6.130714134213508), ('q5_7', 5.9617489808139075), ('q5_8', 5.824561210372132), ('q6_5', 6.223999999999535), ('q6_6', 5.89681350933316), ('q6_7', 5.79352654271973), ('q6_8', 6.137525725700113), ('q7_5', 5.837999999999577), ('q7_6', 5.748139937270431), ('q7_7', 6.090338570060601), ('q7_8', 5.904629662646071), ('q8_5', 6.079999999999551), ('q8_6', 6.275999999999529), ('q8_7', 5.965999999999563), ('q8_8', 6.295999999999527))","((('q5_6', 'q5_7'), 5.97464260047573), (('q7_5', 'q7_6'), 5.929404204577321), (('q7_8', 'q8_8'), 6.0618043340190155), (('q5_7', 'q5_8'), 5.88352956443752), (('q8_5', 'q8_6'), 6.167999999999541), (('q6_6', 'q6_7'), 5.799909262462298), (('q6_7', 'q6_8'), 5.891017506427025), (('q7_6', 'q8_6'), 6.0100004196246335), (('q5_5', 'q6_5'), 6.125999999999546), (('q8_6', 'q8_7'), 6.169999999999541), (('q6_5', 'q7_5'), 6.091999999999549), (('q8_7', 'q8_8'), 6.139999999999544), (('q6_6', 'q7_6'), 5.766502587973866), (('q7_5', 'q8_5'), 5.9539999999995645), (('q6_5', 'q6_6'), 6.085849036212891), (('q7_6', 'q7_7'), 5.957303449438545), (('q5_5', 'q5_6'), 5.974449726619753), (('q6_8', 'q7_8'), 5.981672883154345), (('q5_6', 'q6_6'), 5.9758895909869025), (('q5_8', 'q6_8'), 5.981046808481981), (('q6_7', 'q7_7'), 5.892678760115763), (('q7_7', 'q8_7'), 5.93935541159384), (('q7_7', 'q7_8'), 5.982791354968754), (('q5_7', 'q6_7'), 5.858739852343187))",0
Optimized,16,2,"((('q5_6', 'q5_7'), 0.005115736092661777), (('q5_4', 'q6_4'), 0.005061287193838859), (('q8_4', 'q8_5'), 0.0051003162072817965), (('q7_5', 'q7_6'), 0.004884305112623888), (('q8_5', 'q8_6'), 0.00438675657813653), (('q6_6', 'q6_7'), 0.004959734151720047), (('q7_6', 'q8_6'), 0.0080829650426065), (('q5_5', 'q6_5'), 0.0050669085199394615), (('q8_6', 'q8_7'), 0.00539802778056131), (('q6_5', 'q7_5'), 0.005872327229681118), (('q7_4', 'q8_4'), 0.004794568144919409), (('q6_6', 'q7_6'), 0.008805234499797226), (('q7_5', 'q8_5'), 0.0047572888506907385), (('q7_4', 'q7_5'), 0.004016869496020564), (('q6_5', 'q6_6'), 0.01025090409884441), (('q7_6', 'q7_7'), 0.0036436243481822728), (('q5_5', 'q5_6'), 0.00876219117619001), (('q5_6', 'q6_6'), 0.007506952735389344), (('q6_4', 'q7_4'), 0.004166054889212123), (('q6_7', 'q7_7'), 0.005018195029611261), (('q7_7', 'q8_7'), 0.0035288676985651968), (('q5_7', 'q6_7'), 0.004843354616865525), (('q6_4', 'q6_5'), 0.008159887009360989), (('q5_4', 'q5_5'), 0.003604216967599383))","(('q5_4', 0.0004790826868561471), ('q5_5', 0.0006368591294994008), ('q5_6', 0.000895717761889625), ('q5_7', 0.0006107457731036048), ('q6_4', 0.0007536573021656445), ('q6_5', 0.0009411604485504155), ('q6_6', 0.001379381838320315), ('q6_7', 0.0007686597705739429), ('q7_4', 0.0008509714506393928), ('q7_5', 0.0005509692810861666), ('q7_6', 0.0007996371249343603), ('q7_7', 0.000537544122521938), ('q8_4', 0.0006632456225341143), ('q8_5', 0.0005758159348568936), ('q8_6', 0.0006265144395385391), ('q8_7', 0.0005553183890906199))","(('q5_4', 5.81701768944462), ('q5_5', 6.077646915871005), ('q5_6', 5.722516016946869), ('q5_7', 6.057999999999553), ('q6_4', 6.243065744967101), ('q6_5', 5.9110644976458415), ('q6_6', 6.209178556900292), ('q6_7', 5.909999999999569), ('q7_4', 5.876839317569529), ('q7_5', 6.120935002821174), ('q7_6', 5.820519888141001), ('q7_7', 6.149588857122932), ('q8_4', 5.679999999999595), ('q8_5', 5.99399999999956), ('q8_6', 6.325999999999524), ('q8_7', 5.973999999999562))","((('q5_6', 'q5_7'), 5.843372780960315), (('q5_4', 'q6_4'), 6.081953463992957), (('q8_4', 'q8_5'), 5.851999999999576), (('q7_5', 'q7_6'), 5.9576811176514894), (('q8_5', 'q8_6'), 6.1719999999995405), (('q6_6', 'q6_7'), 6.026385312736978), (('q7_6', 'q8_6'), 6.174962739744888), (('q5_5', 'q6_5'), 5.917986391343786), (('q8_6', 'q8_7'), 6.17599999999954), (('q6_5', 'q7_5'), 5.983131495872489), (('q7_4', 'q8_4'), 5.847264501271215), (('q6_6', 'q7_6'), 6.025961900342794), (('q7_5', 'q8_5'), 5.957507073327755), (('q7_4', 'q7_5'), 5.970065910712445), (('q6_5', 'q6_6'), 6.045303285706368), (('q7_6', 'q7_7'), 5.988627013671216), (('q5_5', 'q5_6'), 5.8482704440261095), (('q5_6', 'q6_6'), 5.842551955758971), (('q6_4', 'q7_4'), 6.07679460574025), (('q6_7', 'q7_7'), 5.992744872391419), (('q7_7', 'q8_7'), 5.9929078864822225), (('q5_7', 'q6_7'), 5.897999999999571), (('q6_4', 'q6_5'), 6.09881177030333), (('q5_4', 'q5_5'), 5.930881198041954))",0
Optimized,16,2,"((('q5_4', 'q6_4'), 0.007397855081894056), (('q7_3', 'q7_4'), 0.005559427167577541), (('q8_4', 'q8_5'), 0.010673533366589438), (('q6_2', 'q6_3'), 0.004383696795423997), (('q5_2', 'q6_2'), 0.00558950685207632), (('q5_2', 'q5_3'), 0.0047237132890887434), (('q8_2', 'q8_3'), 0.00692949664501083), (('q5_5', 'q6_5'), 0.00377757003813764), (('q7_2', 'q8_2'), 0.009623321204297902), (('q7_3', 'q8_3'), 0.006806262161787535), (('q6_5', 'q7_5'), 0.0042176896983328604), (('q7_4', 'q8_4'), 0.009573059862778982), (('q5_3', 'q6_3'), 0.006403569217465127), (('q5_3', 'q5_4'), 0.00349387076472088), (('q7_2', 'q7_3'), 0.007657983567516069), (('q7_5', 'q8_5'), 0.0041183948699518025), (('q7_4', 'q7_5'), 0.00554166871061984), (('q6_3', 'q6_4'), 0.0063490213236692405), (('q6_4', 'q7_4'), 0.006426325814523459), (('q6_3', 'q7_3'), 0.008046614968150456), (('q8_3', 'q8_4'), 0.009851922499309163), (('q6_4', 'q6_5'), 0.006038133750886188), (('q5_4', 'q5_5'), 0.0036249253478403964), (('q6_2', 'q7_2'), 0.004740429611695879))","(('q5_2', 0.0009776037019140205), ('q5_3', 0.00044327791202297684), ('q5_4', 0.0005123648086692856), ('q5_5', 0.0004971898202599245), ('q6_2', 0.0006151512977568552), ('q6_3', 0.001329513888518874), ('q6_4', 0.0009853801683200603), ('q6_5', 0.0012246106698179937), ('q7_2', 0.0007832108790689629), ('q7_3', 0.0007635485293808197), ('q7_4', 0.000529835849381155), ('q7_5', 0.00044418897908227173), ('q8_2', 0.0012289430241255728), ('q8_3', 0.0006557435864316119), ('q8_4', 0.0005269932561380308), ('q8_5', 0.001784780472019798))","(('q5_2', 5.6290000000000004), ('q5_3', 5.757000000000001), ('q5_4', 6.077), ('q5_5', 5.886), ('q6_2', 5.6930000000000005), ('q6_3', 6.135), ('q6_4', 5.67), ('q6_5', 6.2250000000000005), ('q7_2', 5.796), ('q7_3', 6.107), ('q7_4', 5.746), ('q7_5', 6.099), ('q8_2', 6.017), ('q8_3', 5.925), ('q8_4', 5.993), ('q8_5', 5.625))","((('q5_4', 'q6_4'), 5.883), (('q7_3', 'q7_4'), 5.962), (('q8_4', 'q8_5'), 5.791), (('q6_2', 'q6_3'), 5.809), (('q5_2', 'q6_2'), 5.782), (('q5_2', 'q5_3'), 5.702), (('q8_2', 'q8_3'), 5.881), (('q5_5', 'q6_5'), 6.086), (('q7_2', 'q8_2'), 5.882000000000001), (('q7_3', 'q8_3'), 5.9590000000000005), (('q6_5', 'q7_5'), 6.0120000000000005), (('q7_4', 'q8_4'), 5.807), (('q5_3', 'q6_3'), 5.913), (('q5_3', 'q5_4'), 5.945), (('q7_2', 'q7_3'), 5.96), (('q7_5', 'q8_5'), 5.945), (('q7_4', 'q7_5'), 5.938), (('q6_3', 'q6_4'), 5.805), (('q6_4', 'q7_4'), 5.773), (('q6_3', 'q7_3'), 5.969), (('q8_3', 'q8_4'), 5.809), (('q6_4', 'q6_5'), 5.852), (('q5_4', 'q5_5'), 5.945), (('q6_2', 'q7_2'), 5.816))",0
Optimized,16,2,"((('q5_4', 'q6_4'), 0.005819782246576449), (('q7_3', 'q7_4'), 0.010018093561584562), (('q8_4', 'q8_5'), 0.005015187267484483), (('q7_5', 'q7_6'), 0.004800611373585395), (('q8_5', 'q8_6'), 0.004377978200303889), (('q7_6', 'q8_6'), 0.006220502854844628), (('q5_5', 'q6_5'), 0.007025235596880897), (('q7_3', 'q8_3'), 0.004937720111783006), (('q6_5', 'q7_5'), 0.006544115555903451), (('q7_4', 'q8_4'), 0.004997284649584183), (('q5_3', 'q6_3'), 0.005233263054276571), (('q5_3', 'q5_4'), 0.0032278757702789707), (('q6_6', 'q7_6'), 0.005592621843778234), (('q7_5', 'q8_5'), 0.006275081507719132), (('q7_4', 'q7_5'), 0.007149387970228682), (('q6_5', 'q6_6'), 0.006967163142766242), (('q5_5', 'q5_6'), 0.0035405939485819438), (('q6_3', 'q6_4'), 0.006386394472349455), (('q5_6', 'q6_6'), 0.00547820830230572), (('q6_3', 'q7_3'), 0.003964393277772205), (('q6_4', 'q7_4'), 0.006216322737628843), (('q8_3', 'q8_4'), 0.004007499898990574), (('q6_4', 'q6_5'), 0.0050577749648086645), (('q5_4', 'q5_5'), 0.0037102731306868086))","(('q5_3', 0.0005637844425416816), ('q5_4', 0.0004711932945002939), ('q5_5', 0.0005830456854247767), ('q5_6', 0.0004789205903693583), ('q6_3', 0.0006888414421695743), ('q6_4', 0.0005905742984589901), ('q6_5', 0.0007257107331034018), ('q6_6', 0.0006815264181870839), ('q7_3', 0.0009195037802340322), ('q7_4', 0.0011664966178743796), ('q7_5', 0.0007448714425872804), ('q7_6', 0.0007323145636420336), ('q8_3', 0.0008776889831968449), ('q8_4', 0.0008550786115922859), ('q8_5', 0.0005286380347484521), ('q8_6', 0.0006031394916899968))","(('q5_3', 5.801999999999581), ('q5_4', 6.110894922510856), ('q5_5', 5.8964173124024315), ('q5_6', 6.050470068891711), ('q6_3', 5.965999999999563), ('q6_4', 6.27048089065055), ('q6_5', 5.94960224651005), ('q6_6', 6.107207509914321), ('q7_3', 6.193999999999538), ('q7_4', 6.045999999999554), ('q7_5', 6.139999999999544), ('q7_6', 5.81599999999958), ('q8_3', 5.9539999999995645), ('q8_4', 5.7295949328886975), ('q8_5', 5.928768730654519), ('q8_6', 6.326747585961377))","((('q5_4', 'q6_4'), 6.123334722607905), (('q7_3', 'q7_4'), 6.047999999999554), (('q8_4', 'q8_5'), 5.899702078467254), (('q7_5', 'q7_6'), 5.973999999999562), (('q8_5', 'q8_6'), 6.176638115674567), (('q7_6', 'q8_6'), 6.175787606086076), (('q5_5', 'q6_5'), 6.030137429332877), (('q7_3', 'q8_3'), 6.047999999999554), (('q6_5', 'q7_5'), 5.981230386536232), (('q7_4', 'q8_4'), 5.918125817288465), (('q5_3', 'q6_3'), 5.9359999999995665), (('q5_3', 'q5_4'), 5.985002669084266), (('q6_6', 'q7_6'), 5.8692583539841365), (('q7_5', 'q8_5'), 5.980998256245246), (('q7_4', 'q7_5'), 5.979999999999562), (('q6_5', 'q6_6'), 6.053568793560397), (('q5_5', 'q5_6'), 5.982684614000381), (('q6_3', 'q6_4'), 6.1217198901091345), (('q5_6', 'q6_6'), 6.053440290289712), (('q6_3', 'q7_3'), 6.047999999999554), (('q6_4', 'q7_4'), 6.123200677319003), (('q8_3', 'q8_4'), 5.827455806244121), (('q6_4', 'q6_5'), 6.1229886119973775), (('q5_4', 'q5_5'), 5.985349439768243))",0
Optimized,16,2,"((('q5_4', 'q6_4'), 0.006477470618535375), (('q4_3', 'q5_3'), 0.003614435850098907), (('q7_3', 'q7_4'), 0.006091968527838998), (('q6_2', 'q6_3'), 0.00669741053148773), (('q4_2', 'q4_3'), 0.004010234996354417), (('q5_2', 'q6_2'), 0.007594857621766843), (('q4_4', 'q5_4'), 0.006200277625190986), (('q5_2', 'q5_3'), 0.006591347628147282), (('q4_1', 'q5_1'), 0.005068544207425085), (('q5_1', 'q5_2'), 0.004738956236532754), (('q5_3', 'q6_3'), 0.006160999520042454), (('q5_3', 'q5_4'), 0.003238548974619393), (('q7_2', 'q7_3'), 0.006018096044416277), (('q6_1', 'q6_2'), 0.0058292777310753885), (('q5_1', 'q6_1'), 0.005149135207264344), (('q4_3', 'q4_4'), 0.006128857433908119), (('q6_3', 'q6_4'), 0.0076577454397235845), (('q6_4', 'q7_4'), 0.006228295323804395), (('q6_3', 'q7_3'), 0.0064851757817511735), (('q7_1', 'q7_2'), 0.004639998462962591), (('q6_1', 'q7_1'), 0.007548648971483274), (('q4_1', 'q4_2'), 0.009693389755983606), (('q4_2', 'q5_2'), 0.004936592272661744), (('q6_2', 'q7_2'), 0.00474542916875248))","(('q4_1', 0.000527981425192281), ('q4_2', 0.0008428390315056711), ('q4_3', 0.0007164351272054281), ('q4_4', 0.000805370029838326), ('q5_1', 0.0005296813335681771), ('q5_2', 0.0007615787861231516), ('q5_3', 0.0006860722751777515), ('q5_4', 0.0005367598067687607), ('q6_1', 0.0006528144752973586), ('q6_2', 0.0008238875031615356), ('q6_3', 0.0008812457015980879), ('q6_4', 0.0003745411265296261), ('q7_1', 0.0009525251072944885), ('q7_2', 0.0006384239635219835), ('q7_3', 0.0015521373078524747), ('q7_4', 0.0008332098819930911))","(('q4_1', 5.8580000000000005), ('q4_2', 6.195), ('q4_3', 5.8950000000000005), ('q4_4', 6.019), ('q5_1', 5.76), ('q5_2', 5.643), ('q5_3', 5.838), ('q5_4', 6.073), ('q6_1', 6.061), ('q6_2', 5.671), ('q6_3', 5.9830000000000005), ('q6_4', 6.181), ('q7_1', 5.997), ('q7_2', 5.88), ('q7_3', 6.051), ('q7_4', 5.855))","((('q5_4', 'q6_4'), 5.995), (('q4_3', 'q5_3'), 5.808), (('q7_3', 'q7_4'), 5.961), (('q6_2', 'q6_3'), 5.809), (('q4_2', 'q4_3'), 6.0280000000000005), (('q5_2', 'q6_2'), 5.726), (('q4_4', 'q5_4'), 5.945), (('q5_2', 'q5_3'), 5.8), (('q4_1', 'q5_1'), 5.642), (('q5_1', 'q5_2'), 5.614), (('q5_3', 'q6_3'), 5.805), (('q5_3', 'q5_4'), 5.945), (('q7_2', 'q7_3'), 5.801), (('q6_1', 'q6_2'), 5.9110000000000005), (('q5_1', 'q6_1'), 5.809), (('q4_3', 'q4_4'), 5.901), (('q6_3', 'q6_4'), 5.995), (('q6_4', 'q7_4'), 5.997), (('q6_3', 'q7_3'), 5.906), (('q7_1', 'q7_2'), 5.886), (('q6_1', 'q7_1'), 5.914), (('q4_1', 'q4_2'), 5.9910000000000005), (('q4_2', 'q5_2'), 5.9510000000000005), (('q6_2', 'q7_2'), 5.7250000000000005))",0
Optimized,24,2,"((('q5_4', 'q6_4'), 0.006438064769479723), (('q5_6', 'q5_7'), 0.004473252066511141), (('q4_6', 'q5_6'), 0.009535416965192722), (('q4_3', 'q5_3'), 0.0048808969138841585), (('q7_3', 'q7_4'), 0.006841431328242525), (('q8_4', 'q8_5'), 0.005093329364333515), (('q7_5', 'q7_6'), 0.004945114552621643), (('q4_7', 'q5_7'), 0.0038210677628141287), (('q8_5', 'q8_6'), 0.006142021705976969), (('q4_4', 'q5_4'), 0.0039766069723243536), (('q6_6', 'q6_7'), 0.006061354876682912), (('q7_6', 'q8_6'), 0.004003737065317259), (('q5_5', 'q6_5'), 0.004637387937281301), (('q7_3', 'q8_3'), 0.005213285091877351), (('q8_6', 'q8_7'), 0.00772056978348909), (('q6_5', 'q7_5'), 0.006311411455314414), (('q7_4', 'q8_4'), 0.007063695525621139), (('q5_3', 'q6_3'), 0.007319857518582912), (('q5_3', 'q5_4'), 0.0037611391067076116), (('q6_6', 'q7_6'), 0.007378250562695199), (('q7_5', 'q8_5'), 0.006283918576341002), (('q7_4', 'q7_5'), 0.010573048181155287), (('q6_5', 'q6_6'), 0.007012783160521757), (('q4_3', 'q4_4'), 0.004952106517588817), (('q7_6', 'q7_7'), 0.010760989651867753), (('q5_5', 'q5_6'), 0.004873155011476921), (('q6_3', 'q6_4'), 0.006946432039298761), (('q5_6', 'q6_6'), 0.008638897653043931), (('q6_3', 'q7_3'), 0.007495270284975458), (('q6_4', 'q7_4'), 0.007596898281430342), (('q6_7', 'q7_7'), 0.0037435085297319315), (('q7_7', 'q8_7'), 0.004019088669442172), (('q4_6', 'q4_7'), 0.0069210226652568485), (('q5_7', 'q6_7'), 0.004024696763587243), (('q8_3', 'q8_4'), 0.003926329708399373), (('q6_4', 'q6_5'), 0.006766993968334051), (('q5_4', 'q5_5'), 0.004089302828925695))","(('q4_3', 0.0007017190518847083), ('q4_4', 0.000844999857055384), ('q4_6', 0.0013024146876564613), ('q4_7', 0.0007746060927212861), ('q5_3', 0.00037492211201362036), ('q5_4', 0.0008751132059552358), ('q5_5', 0.0011473081198239976), ('q5_6', 0.0008289953929426219), ('q5_7', 0.0005554094956038425), ('q6_3', 0.0017799017641028092), ('q6_4', 0.0007043047753916287), ('q6_5', 0.0008191949455965686), ('q6_6', 0.0015001670902928255), ('q6_7', 0.0005442313651184971), ('q7_3', 0.0006428238341802395), ('q7_4', 0.0004719803430061065), ('q7_5', 0.0006016328477697064), ('q7_6', 0.0007005393169721152), ('q7_7', 0.0006354814079739812), ('q8_3', 0.0008513251492815455), ('q8_4', 0.0004905584944523977), ('q8_5', 0.0009338322313787728), ('q8_6', 0.0006359716117992353), ('q8_7', 0.0004376578360393846))","(('q4_3', 5.717303416693239), ('q4_4', 5.931999999999567), ('q4_6', 6.039999999999555), ('q4_7', 6.181999999999539), ('q5_3', 5.795999999999582), ('q5_4', 6.119999999999546), ('q5_5', 5.859999999999575), ('q5_6', 6.0999999999995485), ('q5_7', 5.88366632041855), ('q6_3', 6.035139546977831), ('q6_4', 5.733730311264932), ('q6_5', 6.239569174328448), ('q6_6', 5.789999999999583), ('q6_7', 6.213161484570752), ('q7_3', 6.205729854434166), ('q7_4', 5.842986500223924), ('q7_5', 5.893076233194758), ('q7_6', 6.111999999999547), ('q7_7', 5.890408740863531), ('q8_3', 5.902386612344643), ('q8_4', 5.702318593080743), ('q8_5', 5.994482827368127), ('q8_6', 6.325999999999524), ('q8_7', 6.006869348757836))","((('q5_4', 'q6_4'), 5.978832938213972), (('q5_6', 'q5_7'), 5.966800666513773), (('q4_6', 'q5_6'), 5.965999999999563), (('q4_3', 'q5_3'), 5.853633425638565), (('q7_3', 'q7_4'), 6.0471246516324), (('q8_4', 'q8_5'), 5.85440445783055), (('q7_5', 'q7_6'), 5.9594081757426975), (('q4_7', 'q5_7'), 6.053217424148809), (('q8_5', 'q8_6'), 6.172384962368301), (('q4_4', 'q5_4'), 5.977999999999562), (('q6_6', 'q6_7'), 6.0584570232735855), (('q7_6', 'q8_6'), 6.17999999999954), (('q5_5', 'q6_5'), 6.081305484399309), (('q7_3', 'q8_3'), 6.047137932968638), (('q8_6', 'q8_7'), 6.1760095142550515), (('q6_5', 'q7_5'), 6.081849030905334), (('q7_4', 'q8_4'), 5.906971997702185), (('q5_3', 'q6_3'), 5.868617758353352), (('q5_3', 'q5_4'), 5.977999999999562), (('q6_6', 'q7_6'), 5.949999999999565), (('q7_5', 'q8_5'), 5.864965571940569), (('q7_4', 'q7_5'), 5.981601113529615), (('q6_5', 'q6_6'), 6.0881135197057965), (('q4_3', 'q4_4'), 5.813096295464171), (('q7_6', 'q7_7'), 5.951375662934832), (('q5_5', 'q5_6'), 5.965999999999563), (('q6_3', 'q6_4'), 5.867435292766659), (('q5_6', 'q6_6'), 5.965999999999563), (('q6_3', 'q7_3'), 6.047191146472267), (('q6_4', 'q7_4'), 5.749135268354607), (('q6_7', 'q7_7'), 6.054484616140552), (('q7_7', 'q8_7'), 5.862349796449162), (('q4_6', 'q4_7'), 6.0539999999995535), (('q5_7', 'q6_7'), 6.054208571956098), (('q8_3', 'q8_4'), 5.8142530956592315), (('q6_4', 'q6_5'), 5.8688056826166335), (('q5_4', 'q5_5'), 5.977999999999562))",0
Optimized,24,2,"((('q3_5', 'q3_6'), 0.014606026052689153), (('q5_4', 'q6_4'), 0.007287408100483284), (('q5_6', 'q5_7'), 0.004824613959366841), (('q4_6', 'q5_6'), 0.007115484692270552), (('q4_3', 'q5_3'), 0.007902946509877051), (('q3_3', 'q4_3'), 0.00362724151163607), (('q7_3', 'q7_4'), 0.004371062558975292), (('q7_5', 'q7_6'), 0.004262115520654752), (('q4_7', 'q5_7'), 0.005241150464411676), (('q3_6', 'q4_6'), 0.0050427230684690905), (('q4_4', 'q5_4'), 0.0054782252530746756), (('q6_6', 'q6_7'), 0.0061483317733869725), (('q5_5', 'q6_5'), 0.0046045063902714345), (('q6_5', 'q7_5'), 0.005728598536725971), (('q5_3', 'q6_3'), 0.003596934117216871), (('q5_3', 'q5_4'), 0.004156570181589242), (('q6_6', 'q7_6'), 0.006055362430076483), (('q7_4', 'q7_5'), 0.004124434351633399), (('q3_4', 'q4_4'), 0.005615887749159332), (('q6_5', 'q6_6'), 0.007244773270859872), (('q4_3', 'q4_4'), 0.005138255104765982), (('q7_6', 'q7_7'), 0.0039363317610332516), (('q5_5', 'q5_6'), 0.0068442441237010765), (('q6_3', 'q6_4'), 0.0051678841124578045), (('q3_3', 'q3_4'), 0.0031093909282557675), (('q3_4', 'q3_5'), 0.009648547468191604), (('q5_6', 'q6_6'), 0.009128728643585965), (('q3_7', 'q4_7'), 0.004283423221285998), (('q6_3', 'q7_3'), 0.005605485334567201), (('q6_4', 'q7_4'), 0.00502271526097256), (('q6_7', 'q7_7'), 0.0038691373579711474), (('q3_6', 'q3_7'), 0.0036388764369924), (('q4_6', 'q4_7'), 0.006397918374648703), (('q5_7', 'q6_7'), 0.0042159112878152605), (('q6_4', 'q6_5'), 0.008247145232778724), (('q5_4', 'q5_5'), 0.0037798721475598984))","(('q3_3', 0.0006092417300488928), ('q3_4', 0.0006589510130057818), ('q3_5', 0.0007805090976478746), ('q3_6', 0.0007907812619187826), ('q3_7', 0.0006226706420389139), ('q4_3', 0.0010776536710887519), ('q4_4', 0.0013502883379180042), ('q4_6', 0.0009593504206413805), ('q4_7', 0.0009696691029672522), ('q5_3', 0.0006216646714993779), ('q5_4', 0.0006869223686049586), ('q5_5', 0.0006904544044167849), ('q5_6', 0.0009064817199705977), ('q5_7', 0.0008902619008877011), ('q6_3', 0.0005352717435844756), ('q6_4', 0.0006829221450592726), ('q6_5', 0.0007901619706340846), ('q6_6', 0.0006306986485863364), ('q6_7', 0.0005903606350473045), ('q7_3', 0.0005797387916867125), ('q7_4', 0.0006345987837675371), ('q7_5', 0.0005766451851824672), ('q7_6', 0.0006324134774946533), ('q7_7', 0.0004507004275023929))","(('q3_3', 5.894724515928374), ('q3_4', 6.093623656401436), ('q3_5', 5.773999999999584), ('q3_6', 6.219929037727922), ('q3_7', 5.987999999999561), ('q4_3', 5.716838489546367), ('q4_4', 5.951999999999565), ('q4_6', 5.845149137874855), ('q4_7', 6.165999999999541), ('q5_3', 5.81294376273955), ('q5_4', 6.121046553499803), ('q5_5', 5.806601213131245), ('q5_6', 5.6202641934828605), ('q5_7', 5.925999999999568), ('q6_3', 6.027999999999556), ('q6_4', 6.26799999999953), ('q6_5', 6.205999999999537), ('q6_6', 5.99399999999956), ('q6_7', 6.147999999999543), ('q7_3', 5.8898068569854045), ('q7_4', 6.087232326342279), ('q7_5', 5.887083790896611), ('q7_6', 6.088519831093364), ('q7_7', 5.929999999999567))","((('q3_5', 'q3_6'), 5.973999999999562), (('q5_4', 'q6_4'), 6.122603963021013), (('q5_6', 'q5_7'), 5.694120230372135), (('q4_6', 'q5_6'), 5.702490410940378), (('q4_3', 'q5_3'), 5.80282786814288), (('q3_3', 'q4_3'), 5.799668064059051), (('q7_3', 'q7_4'), 5.924652199455478), (('q7_5', 'q7_6'), 5.951365607479955), (('q4_7', 'q5_7'), 6.0539999999995535), (('q3_6', 'q4_6'), 6.080259158519367), (('q4_4', 'q5_4'), 5.9819999999995614), (('q6_6', 'q6_7'), 6.047999999999554), (('q5_5', 'q6_5'), 6.061421652901807), (('q6_5', 'q7_5'), 6.081849033220152), (('q5_3', 'q6_3'), 5.924419190866189), (('q5_3', 'q5_4'), 5.983109273593368), (('q6_6', 'q7_6'), 5.96344267762711), (('q7_4', 'q7_5'), 5.924695160522698), (('q3_4', 'q4_4'), 5.958245167765501), (('q6_5', 'q6_6'), 6.08799999999955), (('q4_3', 'q4_4'), 5.811822987084686), (('q7_6', 'q7_7'), 5.951375219450551), (('q5_5', 'q5_6'), 5.673985665124883), (('q6_3', 'q6_4'), 6.121999999999546), (('q3_3', 'q3_4'), 5.939870544681032), (('q3_4', 'q3_5'), 5.954384145303783), (('q5_6', 'q6_6'), 5.687165425665615), (('q3_7', 'q4_7'), 6.0539999999995535), (('q6_3', 'q7_3'), 6.0144640372540445), (('q6_4', 'q7_4'), 6.122356622332134), (('q6_7', 'q7_7'), 6.051999999999554), (('q3_6', 'q3_7'), 6.081221873761466), (('q4_6', 'q4_7'), 6.048859764307074), (('q5_7', 'q6_7'), 6.051999999999554), (('q6_4', 'q6_5'), 6.121999999999546), (('q5_4', 'q5_5'), 5.9695280206585215))",0
Optimized,24,2,"((('q5_4', 'q6_4'), 0.008107743285499652), (('q4_6', 'q5_6'), 0.004195047593407053), (('q4_3', 'q5_3'), 0.005028017786619876), (('q7_3', 'q7_4'), 0.016630772805540345), (('q8_4', 'q8_5'), 0.004736640351354543), (('q6_2', 'q6_3'), 0.008468028788583687), (('q7_5', 'q7_6'), 0.0037491887072645946), (('q4_2', 'q4_3'), 0.007237178019310342), (('q5_2', 'q6_2'), 0.0054949568180321096), (('q8_5', 'q8_6'), 0.004722005411701147), (('q4_4', 'q5_4'), 0.003918304596396027), (('q5_2', 'q5_3'), 0.03191598798702927), (('q8_2', 'q8_3'), 0.006827767635843335), (('q7_6', 'q8_6'), 0.007443710265151643), (('q5_5', 'q6_5'), 0.006545630448191814), (('q7_2', 'q8_2'), 0.006128513370741662), (('q7_3', 'q8_3'), 0.009386606336077019), (('q6_5', 'q7_5'), 0.006987363626875354), (('q7_4', 'q8_4'), 0.006329982587140182), (('q5_3', 'q6_3'), 0.005829721665058463), (('q5_3', 'q5_4'), 0.0061012187351955904), (('q6_6', 'q7_6'), 0.007908951863866726), (('q7_2', 'q7_3'), 0.01633217057099018), (('q7_5', 'q8_5'), 0.003796263614777612), (('q7_4', 'q7_5'), 0.00746262468812392), (('q6_5', 'q6_6'), 0.007335054289092063), (('q4_3', 'q4_4'), 0.006152706521951878), (('q5_5', 'q5_6'), 0.0038226824296564432), (('q6_3', 'q6_4'), 0.010546126919657395), (('q5_6', 'q6_6'), 0.0053996515556463676), (('q6_3', 'q7_3'), 0.005173665410364958), (('q6_4', 'q7_4'), 0.009389521720014365), (('q8_3', 'q8_4'), 0.008083464552665648), (('q6_4', 'q6_5'), 0.005877559952718492), (('q4_2', 'q5_2'), 0.0045064111348391), (('q5_4', 'q5_5'), 0.004059484443691724), (('q6_2', 'q7_2'), 0.007998278839420891))","(('q4_2', 0.0006286202959086551), ('q4_3', 0.0008745591755939808), ('q4_4', 0.0008526770709374465), ('q4_6', 0.0006073787414754839), ('q5_2', 0.0006254973533866837), ('q5_3', 0.0006285509407762957), ('q5_4', 0.0004393908819121384), ('q5_5', 0.0005630411198960239), ('q5_6', 0.0005081983074242125), ('q6_2', 0.000694390438165049), ('q6_3', 0.0011073911670583803), ('q6_4', 0.0005191508330605332), ('q6_5', 0.0009262914444527204), ('q6_6', 0.0013853440859745714), ('q7_2', 0.0007600826629822754), ('q7_3', 0.0008276929240249586), ('q7_4', 0.0008098681486757298), ('q7_5', 0.0006911141341827687), ('q7_6', 0.0005917980180421556), ('q8_2', 0.0009516453938226976), ('q8_3', 0.0009380699573178775), ('q8_4', 0.0008585541960561827), ('q8_5', 0.0006832646128216435), ('q8_6', 0.000603524643443154))","(('q4_2', 6.229328326942953), ('q4_3', 5.6913040081725015), ('q4_4', 5.929999999999567), ('q4_6', 5.883999999999572), ('q5_2', 5.9179999999995685), ('q5_3', 5.821999999999579), ('q5_4', 6.121999999999546), ('q5_5', 5.773999999999584), ('q5_6', 6.0999999999995485), ('q6_2', 5.689343062731075), ('q6_3', 6.03461373438322), ('q6_4', 6.268016261873067), ('q6_5', 5.969414199316045), ('q6_6', 6.2079999999995366), ('q7_2', 6.080858771572159), ('q7_3', 5.912914913484618), ('q7_4', 5.8928396375840135), ('q7_5', 6.097082446015829), ('q7_6', 5.869999999999574), ('q8_2', 5.95547445193409), ('q8_3', 5.857378632866958), ('q8_4', 5.687727614089838), ('q8_5', 5.983720448576431), ('q8_6', 6.317999999999524))","((('q5_4', 'q6_4'), 6.123586043804669), (('q4_6', 'q5_6'), 5.975999999999562), (('q4_3', 'q5_3'), 5.708770776538044), (('q7_3', 'q7_4'), 5.958360043712887), (('q8_4', 'q8_5'), 5.854145041514493), (('q6_2', 'q6_3'), 5.844082504075893), (('q7_5', 'q7_6'), 5.968094472898801), (('q4_2', 'q4_3'), 6.0748000857449815), (('q5_2', 'q6_2'), 5.832556387690436), (('q8_5', 'q8_6'), 6.171776613641322), (('q4_4', 'q5_4'), 5.9819999999995614), (('q5_2', 'q5_3'), 5.831999999999578), (('q8_2', 'q8_3'), 5.797161507100073), (('q7_6', 'q8_6'), 6.181999999999539), (('q5_5', 'q6_5'), 5.8643079857955165), (('q7_2', 'q8_2'), 5.919054699133725), (('q7_3', 'q8_3'), 5.958363261395985), (('q6_5', 'q7_5'), 5.959795392633882), (('q7_4', 'q8_4'), 5.855129610979656), (('q5_3', 'q6_3'), 5.904976247323903), (('q5_3', 'q5_4'), 5.9819999999995614), (('q6_6', 'q7_6'), 6.023999999999557), (('q7_2', 'q7_3'), 5.919305103527813), (('q7_5', 'q8_5'), 5.9575592264022745), (('q7_4', 'q7_5'), 5.95756461992209), (('q6_5', 'q6_6'), 6.052526130650685), (('q4_3', 'q4_4'), 5.81287409036457), (('q5_5', 'q5_6'), 5.973999999999562), (('q6_3', 'q6_4'), 6.12272976489777), (('q5_6', 'q6_6'), 6.047999999999554), (('q6_3', 'q7_3'), 6.007416532671517), (('q6_4', 'q7_4'), 6.11496435088754), (('q8_3', 'q8_4'), 5.806975830094266), (('q6_4', 'q6_5'), 6.114645235474985), (('q4_2', 'q5_2'), 6.072806340472117), (('q5_4', 'q5_5'), 5.977999999999562), (('q6_2', 'q7_2'), 5.823962567181605))",0
Optimized,24,2,"((('q3_5', 'q3_6'), 0.006494271998481266), (('q5_4', 'q6_4'), 0.0072608204834729295), (('q5_6', 'q5_7'), 0.004124249455965789), (('q4_6', 'q5_6'), 0.004164661709924522), (('q4_3', 'q5_3'), 0.0043311533438673), (('q3_3', 'q4_3'), 0.00525881552337254), (('q4_7', 'q5_7'), 0.006295692091754013), (('q3_6', 'q4_6'), 0.0066353771494670755), (('q4_4', 'q5_4'), 0.006284217023625888), (('q6_6', 'q6_7'), 0.004203244392873895), (('q2_7', 'q3_7'), 0.01575320579923642), (('q5_5', 'q6_5'), 0.013834659513541597), (('q2_5', 'q2_6'), 0.006243471712183396), (('q5_3', 'q6_3'), 0.00371554762783044), (('q2_6', 'q2_7'), 0.014005171833249619), (('q5_3', 'q5_4'), 0.010430730061853188), (('q2_3', 'q3_3'), 0.003779657726494412), (('q3_4', 'q4_4'), 0.005084849415193382), (('q6_5', 'q6_6'), 0.008421976970804601), (('q4_3', 'q4_4'), 0.006630955126191107), (('q2_3', 'q2_4'), 0.006511484694063208), (('q5_5', 'q5_6'), 0.010619564320445612), (('q2_4', 'q3_4'), 0.006218726372038602), (('q6_3', 'q6_4'), 0.0035584812190121995), (('q3_3', 'q3_4'), 0.00862393195626851), (('q3_4', 'q3_5'), 0.011527319034564859), (('q5_6', 'q6_6'), 0.005531073218706578), (('q3_7', 'q4_7'), 0.008451088833770631), (('q2_6', 'q3_6'), 0.006104841290731133), (('q3_6', 'q3_7'), 0.0041824299059886605), (('q4_6', 'q4_7'), 0.0062904926449176), (('q5_7', 'q6_7'), 0.018306590726015426), (('q2_5', 'q3_5'), 0.0049301711853721175), (('q6_4', 'q6_5'), 0.0036446311673611342), (('q2_4', 'q2_5'), 0.005806410954873498), (('q5_4', 'q5_5'), 0.0035971169647446566))","(('q2_3', 0.0005904628033079895), ('q2_4', 0.0006971613143126887), ('q2_5', 0.0011764974699409736), ('q2_6', 0.0006636492059913235), ('q2_7', 0.007135836752684366), ('q3_3', 0.0005241428523380387), ('q3_4', 0.0007629064877407443), ('q3_5', 0.001230826941966856), ('q3_6', 0.0012739746947623143), ('q3_7', 0.0012790184839569507), ('q4_3', 0.0008656076160546422), ('q4_4', 0.0006136364233096936), ('q4_6', 0.0006983212084898938), ('q4_7', 0.000791889320803485), ('q5_3', 0.00040602097329739406), ('q5_4', 0.0008433552691733404), ('q5_5', 0.0007562961361644582), ('q5_6', 0.0005002225128976634), ('q5_7', 0.0007824535815312839), ('q6_3', 0.0008100628743851757), ('q6_4', 0.0006294599312788862), ('q6_5', 0.0005415657627182435), ('q6_6', 0.00043007144356332905), ('q6_7', 0.0005633560862541298))","(('q2_3', 6.043624132066354), ('q2_4', 6.159583401262485), ('q2_5', 6.025623463037162), ('q2_6', 6.215344808004295), ('q2_7', 6.289927450026228), ('q3_3', 5.80050200960379), ('q3_4', 6.097999999999549), ('q3_5', 5.773999999999584), ('q3_6', 6.136069057932821), ('q3_7', 5.891627637258489), ('q4_3', 5.691303091042852), ('q4_4', 5.929999999999567), ('q4_6', 5.923999999999568), ('q4_7', 6.046631214548795), ('q5_3', 5.821999999999579), ('q5_4', 6.121999999999546), ('q5_5', 5.805999999999581), ('q5_6', 6.131999999999545), ('q5_7', 5.801999999999581), ('q6_3', 6.027555856735126), ('q6_4', 6.26799999999953), ('q6_5', 6.051567261736301), ('q6_6', 6.208752816843573), ('q6_7', 6.039188569098373))","((('q3_5', 'q3_6'), 5.8917096587241256), (('q5_4', 'q6_4'), 6.129999999999545), (('q5_6', 'q5_7'), 5.965999999999563), (('q4_6', 'q5_6'), 5.965999999999563), (('q4_3', 'q5_3'), 5.803125624500226), (('q3_3', 'q4_3'), 5.794399989940063), (('q4_7', 'q5_7'), 5.932799232995633), (('q3_6', 'q4_6'), 6.028617002570595), (('q4_4', 'q5_4'), 5.9819999999995614), (('q6_6', 'q6_7'), 6.052718939948947), (('q2_7', 'q3_7'), 6.128041155998844), (('q5_5', 'q6_5'), 6.077892631681016), (('q2_5', 'q2_6'), 6.087065457800454), (('q5_3', 'q6_3'), 5.897133082513451), (('q2_6', 'q2_7'), 6.129480595650428), (('q5_3', 'q5_4'), 5.9819999999995614), (('q2_3', 'q3_3'), 5.900067713136701), (('q3_4', 'q4_4'), 5.9539999999995645), (('q6_5', 'q6_6'), 6.052871912031071), (('q4_3', 'q4_4'), 5.81305204665715), (('q2_3', 'q2_4'), 6.004116694745574), (('q5_5', 'q5_6'), 5.965999999999563), (('q2_4', 'q3_4'), 6.001471503377578), (('q6_3', 'q6_4'), 6.130105808081668), (('q3_3', 'q3_4'), 5.954879754645489), (('q3_4', 'q3_5'), 5.9539999999995645), (('q5_6', 'q6_6'), 6.05271530874472), (('q3_7', 'q4_7'), 6.044228471095402), (('q2_6', 'q3_6'), 6.086936239630659), (('q3_6', 'q3_7'), 6.00206817443013), (('q4_6', 'q4_7'), 6.054833037513098), (('q5_7', 'q6_7'), 6.054674365318967), (('q2_5', 'q3_5'), 5.866559936691555), (('q6_4', 'q6_5'), 6.130307828624582), (('q2_4', 'q2_5'), 6.003797546539563), (('q5_4', 'q5_5'), 5.9819999999995614))",0
Optimized,24,2,"((('q3_5', 'q3_6'), 0.017966491458849376), (('q5_4', 'q6_4'), 0.007555427050180835), (('q4_6', 'q5_6'), 0.0035769645713134013), (('q4_3', 'q5_3'), 0.005070833724943158), (('q3_3', 'q4_3'), 0.005351605441882762), (('q7_3', 'q7_4'), 0.004921306043476459), (('q6_2', 'q6_3'), 0.003986443719198818), (('q7_5', 'q7_6'), 0.003497703121382062), (('q4_2', 'q4_3'), 0.004836550529190076), (('q5_2', 'q6_2'), 0.005864132573430381), (('q3_6', 'q4_6'), 0.005941269723378884), (('q4_4', 'q5_4'), 0.004264191245135801), (('q5_2', 'q5_3'), 0.005516342426189119), (('q5_5', 'q6_5'), 0.006222928410098444), (('q6_5', 'q7_5'), 0.006677313118354039), (('q5_3', 'q6_3'), 0.004419611226255615), (('q5_3', 'q5_4'), 0.0039037776145881276), (('q6_6', 'q7_6'), 0.004709449112352465), (('q7_2', 'q7_3'), 0.0051456739333765045), (('q7_4', 'q7_5'), 0.004530117008196166), (('q3_4', 'q4_4'), 0.004500718526693648), (('q6_5', 'q6_6'), 0.013070968538639732), (('q3_2', 'q3_3'), 0.0066731556371942), (('q4_3', 'q4_4'), 0.0066089420733299875), (('q5_5', 'q5_6'), 0.003617579313651531), (('q6_3', 'q6_4'), 0.003903849209087207), (('q3_3', 'q3_4'), 0.004053273756569803), (('q3_4', 'q3_5'), 0.009292383906180535), (('q5_6', 'q6_6'), 0.004902418405159176), (('q6_3', 'q7_3'), 0.004817408949462559), (('q6_4', 'q7_4'), 0.006174255208330648), (('q3_2', 'q4_2'), 0.005028049891418779), (('q6_4', 'q6_5'), 0.006556915412559622), (('q4_2', 'q5_2'), 0.007840127852168255), (('q5_4', 'q5_5'), 0.005557389871133245), (('q6_2', 'q7_2'), 0.006912427508272284))","(('q3_2', 0.0005235862482873554), ('q3_3', 0.0003239740595378793), ('q3_4', 0.0006251267136760386), ('q3_5', 0.0007434432254885825), ('q3_6', 0.0006139822700207409), ('q4_2', 0.0006737875947320227), ('q4_3', 0.0006764650702510977), ('q4_4', 0.0006777230247672072), ('q4_6', 0.0009027009008691911), ('q5_2', 0.0005575018199331372), ('q5_3', 0.0005436286683346836), ('q5_4', 0.0005821621358066964), ('q5_5', 0.0005476906520896496), ('q5_6', 0.0007059680693044523), ('q6_2', 0.0006288799036024972), ('q6_3', 0.0006298893411315065), ('q6_4', 0.0007276115581315024), ('q6_5', 0.001578123310726709), ('q6_6', 0.0008904510543629174), ('q7_2', 0.0004623307440849156), ('q7_3', 0.0006378049926921703), ('q7_4', 0.0004857263269084644), ('q7_5', 0.0004404665947020381), ('q7_6', 0.00044348467109989187))","(('q3_2', 5.897308082149817), ('q3_3', 5.828501868815219), ('q3_4', 6.073678032444218), ('q3_5', 5.775999999999584), ('q3_6', 6.197999999999538), ('q4_2', 6.021353875792634), ('q4_3', 5.6913089972944055), ('q4_4', 5.929999999999567), ('q4_6', 5.883999999999572), ('q5_2', 5.6359999999995996), ('q5_3', 5.821999999999579), ('q5_4', 6.121999999999546), ('q5_5', 5.773999999999584), ('q5_6', 6.0999999999995485), ('q6_2', 5.857314591551582), ('q6_3', 6.029139549006001), ('q6_4', 6.268164356009971), ('q6_5', 5.977569178813611), ('q6_6', 6.2079999999995366), ('q7_2', 6.080829666659877), ('q7_3', 5.737745152827376), ('q7_4', 5.892839741660005), ('q7_5', 6.097066530295876), ('q7_6', 5.869999999999574))","((('q3_5', 'q3_6'), 5.975999999999562), (('q5_4', 'q6_4'), 6.122935429656458), (('q4_6', 'q5_6'), 5.973999999999562), (('q4_3', 'q5_3'), 5.803125628285078), (('q3_3', 'q4_3'), 5.793637168801657), (('q7_3', 'q7_4'), 5.875156467163684), (('q6_2', 'q6_3'), 5.933536886954604), (('q7_5', 'q7_6'), 5.9838574005795415), (('q4_2', 'q4_3'), 5.87790707183352), (('q5_2', 'q6_2'), 5.713749750796332), (('q3_6', 'q4_6'), 6.08399999999955), (('q4_4', 'q5_4'), 5.9819999999995614), (('q5_2', 'q5_3'), 5.709999999999591), (('q5_5', 'q6_5'), 5.869879958225911), (('q6_5', 'q7_5'), 5.959542052407512), (('q5_3', 'q6_3'), 5.89069103992542), (('q5_3', 'q5_4'), 5.9819999999995614), (('q6_6', 'q7_6'), 6.023999999999557), (('q7_2', 'q7_3'), 5.9247617517902444), (('q7_4', 'q7_5'), 5.958078107790856), (('q3_4', 'q4_4'), 5.957100237729554), (('q6_5', 'q6_6'), 6.0469042941636735), (('q3_2', 'q3_3'), 5.872721121467574), (('q4_3', 'q4_4'), 5.813280397777137), (('q5_5', 'q5_6'), 5.973999999999562), (('q6_3', 'q6_4'), 6.120161985892059), (('q3_3', 'q3_4'), 5.950446001313975), (('q3_4', 'q3_5'), 5.958270599067219), (('q5_6', 'q6_6'), 6.047999999999554), (('q6_3', 'q7_3'), 5.930225174128302), (('q6_4', 'q7_4'), 6.075645470930926), (('q3_2', 'q4_2'), 5.95022459325683), (('q6_4', 'q6_5'), 6.122849835771635), (('q4_2', 'q5_2'), 5.971435907852325), (('q5_4', 'q5_5'), 5.977999999999562), (('q6_2', 'q7_2'), 5.925262659475446))",0
Optimized,24,2,"((('q5_6', 'q5_7'), 0.004495964572706929), (('q5_4', 'q6_4'), 0.005151605265769327), (('q8_7', 'q9_7'), 0.01111286263207606), (('q8_4', 'q8_5'), 0.00658446605485441), (('q7_5', 'q7_6'), 0.006424822257488416), (('q9_4', 'q9_5'), 0.008666112718551361), (('q7_8', 'q8_8'), 0.014920478893044209), (('q5_7', 'q5_8'), 0.005653735976052482), (('q8_5', 'q8_6'), 0.0061191088429261575), (('q6_6', 'q6_7'), 0.0045498943826051685), (('q6_7', 'q6_8'), 0.0042873455808866145), (('q7_6', 'q8_6'), 0.010913330597411564), (('q5_5', 'q6_5'), 0.0032577280246126328), (('q8_6', 'q8_7'), 0.005478037126990382), (('q6_5', 'q7_5'), 0.005520359389305257), (('q7_4', 'q8_4'), 0.006116106862959714), (('q8_7', 'q8_8'), 0.005867771165156965), (('q6_6', 'q7_6'), 0.005407271190462387), (('q7_5', 'q8_5'), 0.005975260736108129), (('q7_4', 'q7_5'), 0.005677504931209665), (('q8_4', 'q9_4'), 0.004807661102496613), (('q6_5', 'q6_6'), 0.014551700659394873), (('q7_6', 'q7_7'), 0.00581659581261551), (('q5_5', 'q5_6'), 0.003481561039082981), (('q6_8', 'q7_8'), 0.006040076522287441), (('q8_6', 'q9_6'), 0.008372159693282505), (('q5_6', 'q6_6'), 0.0057368426387670035), (('q5_8', 'q6_8'), 0.007781458715516304), (('q6_7', 'q7_7'), 0.009906265368079176), (('q6_4', 'q7_4'), 0.004294418251686055), (('q7_7', 'q8_7'), 0.0046683966180431635), (('q7_7', 'q7_8'), 0.0059197421237293935), (('q5_7', 'q6_7'), 0.0040931804037200314), (('q8_5', 'q9_5'), 0.009239337970670058), (('q6_4', 'q6_5'), 0.004441527852014765), (('q9_5', 'q9_6'), 0.006232954610426833), (('q9_6', 'q9_7'), 0.00876877841037621), (('q5_4', 'q5_5'), 0.00365458853876105))","(('q5_4', 0.0005141322520865188), ('q5_5', 0.0007053751276352438), ('q5_6', 0.0008052685272143534), ('q5_7', 0.0006964531569625398), ('q5_8', 0.0006580802951421938), ('q6_4', 0.0007730006218539809), ('q6_5', 0.0003594122660134369), ('q6_6', 0.0009476882301187595), ('q6_7', 0.0005093602341276204), ('q6_8', 0.0009011867499981729), ('q7_4', 0.0007924068738778822), ('q7_5', 0.002076781385756954), ('q7_6', 0.0005786695461728608), ('q7_7', 0.0011474368029781301), ('q7_8', 0.001135990761841621), ('q8_4', 0.0008643684795394124), ('q8_5', 0.0008363126728063719), ('q8_6', 0.0033199806566082124), ('q8_7', 0.000440844047603417), ('q8_8', 0.00118010991762596), ('q9_4', 0.0006200909282911282), ('q9_5', 0.000636953700405396), ('q9_6', 0.0009516107420234343), ('q9_7', 0.00041879482855372574))","(('q5_4', 6.121363676722937), ('q5_5', 5.94041523343387), ('q5_6', 6.0999999999995485), ('q5_7', 5.964114618663589), ('q5_8', 5.733716678417043), ('q6_4', 6.268170361351676), ('q6_5', 6.174991372714551), ('q6_6', 5.847180717861775), ('q6_7', 6.206188037902341), ('q6_8', 5.889267446424691), ('q7_4', 6.08081687538203), ('q7_5', 5.757081879066653), ('q7_6', 6.08799999999955), ('q7_7', 5.747555934258959), ('q7_8', 6.106629535442082), ('q8_4', 5.8308400378318215), ('q8_5', 5.99399999999956), ('q8_6', 6.3079999999995255), ('q8_7', 5.973999999999562), ('q8_8', 6.349999999999521), ('q9_4', 6.196323430498289), ('q9_5', 5.774369351959966), ('q9_6', 5.925999999999568), ('q9_7', 6.157019415022496))","((('q5_6', 'q5_7'), 5.975122861219896), (('q5_4', 'q6_4'), 6.126848922766734), (('q8_7', 'q9_7'), 6.02735897508557), (('q8_4', 'q8_5'), 5.900061121769481), (('q7_5', 'q7_6'), 5.960809745847225), (('q9_4', 'q9_5'), 6.058664227203921), (('q7_8', 'q8_8'), 6.211414000488813), (('q5_7', 'q5_8'), 5.887943463632222), (('q8_5', 'q8_6'), 6.1719999999995405), (('q6_6', 'q6_7'), 6.048547234084736), (('q6_7', 'q6_8'), 6.0521638244258025), (('q7_6', 'q8_6'), 6.1719999999995405), (('q5_5', 'q6_5'), 6.036652458121887), (('q8_6', 'q8_7'), 6.1719999999995405), (('q6_5', 'q7_5'), 6.037447978124634), (('q7_4', 'q8_4'), 5.896186071935914), (('q8_7', 'q8_8'), 6.147999999999543), (('q6_6', 'q7_6'), 5.946807555685701), (('q7_5', 'q8_5'), 5.857323043372482), (('q7_4', 'q7_5'), 5.899437781875116), (('q8_4', 'q9_4'), 5.946035131846753), (('q6_5', 'q6_6'), 6.116270987704419), (('q7_6', 'q7_7'), 5.963710344954819), (('q5_5', 'q5_6'), 5.972578428713907), (('q6_8', 'q7_8'), 5.961608639655833), (('q8_6', 'q9_6'), 6.1719999999995405), (('q5_6', 'q6_6'), 5.957751371402981), (('q5_8', 'q6_8'), 5.885143089899455), (('q6_7', 'q7_7'), 6.054154619101738), (('q6_4', 'q7_4'), 6.126759314707602), (('q7_7', 'q8_7'), 5.812789411030955), (('q7_7', 'q7_8'), 5.967408140541227), (('q5_7', 'q6_7'), 6.054160225162153), (('q8_5', 'q9_5'), 5.962970262787091), (('q6_4', 'q6_5'), 6.1279842960851365), (('q9_5', 'q9_6'), 5.779714152731258), (('q9_6', 'q9_7'), 6.02700065619633), (('q5_4', 'q5_5'), 5.9939127787109285))",0
Optimized,33,2,"((('q3_5', 'q3_6'), 0.006865221674583866), (('q5_4', 'q6_4'), 0.008778726042554863), (('q5_6', 'q5_7'), 0.010665461772306317), (('q4_6', 'q5_6'), 0.015615887156256752), (('q4_3', 'q5_3'), 0.005453399632080247), (('q3_3', 'q4_3'), 0.006059617826314034), (('q7_3', 'q7_4'), 0.007721643009287238), (('q6_2', 'q6_3'), 0.004724720060653442), (('q7_5', 'q7_6'), 0.004663668854268943), (('q4_2', 'q4_3'), 0.0038861756323667618), (('q4_7', 'q5_7'), 0.005467888146791555), (('q5_2', 'q6_2'), 0.004984084059378752), (('q5_7', 'q5_8'), 0.0043682873245875775), (('q3_7', 'q3_8'), 0.0050514483094100116), (('q3_6', 'q4_6'), 0.01078100373220986), (('q4_4', 'q5_4'), 0.007560042145564688), (('q5_2', 'q5_3'), 0.005574187685168236), (('q6_6', 'q6_7'), 0.004739115529988014), (('q6_7', 'q6_8'), 0.004833789989883347), (('q5_5', 'q6_5'), 0.004173182018299859), (('q6_5', 'q7_5'), 0.0059198825324699444), (('q5_3', 'q6_3'), 0.004725701689692413), (('q5_3', 'q5_4'), 0.008835870901379272), (('q6_6', 'q7_6'), 0.005325343915250941), (('q7_2', 'q7_3'), 0.005888215723933055), (('q7_4', 'q7_5'), 0.0038980740355997745), (('q3_4', 'q4_4'), 0.00722592166596317), (('q6_5', 'q6_6'), 0.004910575282450452), (('q3_2', 'q3_3'), 0.004429693924656225), (('q4_3', 'q4_4'), 0.0075381326413969385), (('q7_6', 'q7_7'), 0.005457250380296541), (('q5_5', 'q5_6'), 0.016730046917123875), (('q6_3', 'q6_4'), 0.005655461640108467), (('q6_8', 'q7_8'), 0.0037583896186372256), (('q3_3', 'q3_4'), 0.006942554172603588), (('q3_4', 'q3_5'), 0.006138805135935399), (('q5_6', 'q6_6'), 0.008824612665295384), (('q3_7', 'q4_7'), 0.00544609306909144), (('q5_8', 'q6_8'), 0.003880263022932373), (('q6_3', 'q7_3'), 0.006002594568829955), (('q6_4', 'q7_4'), 0.008067575950039985), (('q6_7', 'q7_7'), 0.004914214015989515), (('q3_6', 'q3_7'), 0.005160920790322487), (('q4_6', 'q4_7'), 0.005560562341165337), (('q7_7', 'q7_8'), 0.004466712155643704), (('q5_7', 'q6_7'), 0.004642297712622423), (('q3_2', 'q4_2'), 0.003162631600645699), (('q6_4', 'q6_5'), 0.005963948761766563), (('q4_2', 'q5_2'), 0.0051957284767169265), (('q5_4', 'q5_5'), 0.008228423224938691), (('q6_2', 'q7_2'), 0.004041776337802172))","(('q3_2', 0.000604120789685858), ('q3_3', 0.0008951082485445516), ('q3_4', 0.000615386007215557), ('q3_5', 0.0009213781798161902), ('q3_6', 0.000826798161148723), ('q3_7', 0.0008286672937846129), ('q3_8', 0.0007816052419279407), ('q4_2', 0.0006468270800655262), ('q4_3', 0.0008356341224148855), ('q4_4', 0.0011461289049127799), ('q4_6', 0.000726362129302327), ('q4_7', 0.0008234279402223321), ('q5_2', 0.0007367595586417752), ('q5_3', 0.0006124937182266921), ('q5_4', 0.0006902423844036831), ('q5_5', 0.000629836331754674), ('q5_6', 0.0019348241576201963), ('q5_7', 0.0007311261147048831), ('q5_8', 0.000700766485201787), ('q6_2', 0.0007985008256798931), ('q6_3', 0.0009268839516924365), ('q6_4', 0.0008174110508870069), ('q6_5', 0.0006892453135157739), ('q6_6', 0.0009700367155203171), ('q6_7', 0.0007205627226202216), ('q6_8', 0.0003370339031867897), ('q7_2', 0.0007162951734931977), ('q7_3', 0.0015130163070175007), ('q7_4', 0.0007758691206914414), ('q7_5', 0.0007312357241645584), ('q7_6', 0.0007419198258983295), ('q7_7', 0.0006496499936155531), ('q7_8', 0.0007082259026566784))","(('q3_2', 5.963), ('q3_3', 5.791), ('q3_4', 5.867), ('q3_5', 6.067), ('q3_6', 5.969), ('q3_7', 6.1690000000000005), ('q3_8', 5.949), ('q4_2', 6.183), ('q4_3', 5.831), ('q4_4', 5.957), ('q4_6', 5.923), ('q4_7', 6.061), ('q5_2', 5.779), ('q5_3', 5.718), ('q5_4', 6.069), ('q5_5', 6.037), ('q5_6', 5.722), ('q5_7', 5.823), ('q5_8', 6.2170000000000005), ('q6_2', 5.857), ('q6_3', 5.907), ('q6_4', 6.243), ('q6_5', 6.145586922697191), ('q6_6', 5.9100696419455), ('q6_7', 6.147), ('q6_8', 5.986), ('q7_2', 6.014), ('q7_3', 6.065), ('q7_4', 5.8420000000000005), ('q7_5', 6.041), ('q7_6', 5.74), ('q7_7', 5.827), ('q7_8', 6.232))","((('q3_5', 'q3_6'), 5.899), (('q5_4', 'q6_4'), 6.083), (('q5_6', 'q5_7'), 5.843), (('q4_6', 'q5_6'), 5.853), (('q4_3', 'q5_3'), 5.662), (('q3_3', 'q4_3'), 5.815), (('q7_3', 'q7_4'), 5.894), (('q6_2', 'q6_3'), 5.974), (('q7_5', 'q7_6'), 5.899), (('q4_2', 'q4_3'), 5.968), (('q4_7', 'q5_7'), 5.9350000000000005), (('q5_2', 'q6_2'), 5.841), (('q5_7', 'q5_8'), 6.071), (('q3_7', 'q3_8'), 6.065), (('q3_6', 'q4_6'), 6.018), (('q4_4', 'q5_4'), 5.946), (('q5_2', 'q5_3'), 5.626), (('q6_6', 'q6_7'), 5.984438972254653), (('q6_7', 'q6_8'), 5.987), (('q5_5', 'q6_5'), 6.054331509426632), (('q6_5', 'q7_5'), 6.1221402176686155), (('q5_3', 'q6_3'), 5.863), (('q5_3', 'q5_4'), 5.898), (('q6_6', 'q7_6'), 5.854586310877076), (('q7_2', 'q7_3'), 5.9590000000000005), (('q7_4', 'q7_5'), 5.944), (('q3_4', 'q4_4'), 5.815), (('q6_5', 'q6_6'), 6.036542464259266), (('q3_2', 'q3_3'), 5.825), (('q4_3', 'q4_4'), 5.739), (('q7_6', 'q7_7'), 5.8870000000000005), (('q5_5', 'q5_6'), 5.857), (('q6_3', 'q6_4'), 6.087), (('q6_8', 'q7_8'), 6.105), (('q3_3', 'q3_4'), 5.813), (('q3_4', 'q3_5'), 5.899), (('q5_6', 'q6_6'), 5.754953586722729), (('q3_7', 'q4_7'), 6.041), (('q5_8', 'q6_8'), 6.067), (('q6_3', 'q7_3'), 5.96), (('q6_4', 'q7_4'), 5.978), (('q6_7', 'q7_7'), 5.981), (('q3_6', 'q3_7'), 6.061), (('q4_6', 'q4_7'), 5.976), (('q7_7', 'q7_8'), 6.107), (('q5_7', 'q6_7'), 5.977), (('q3_2', 'q4_2'), 6.0280000000000005), (('q6_4', 'q6_5'), 6.0751195444240285), (('q4_2', 'q5_2'), 5.97), (('q5_4', 'q5_5'), 5.93), (('q6_2', 'q7_2'), 5.7490000000000006))",0
Optimized,33,2,"((('q5_4', 'q6_4'), 0.008357792300977385), (('q5_6', 'q5_7'), 0.0045505418184092206), (('q4_6', 'q5_6'), 0.01019607161654168), (('q4_3', 'q5_3'), 0.005036026755552592), (('q7_3', 'q7_4'), 0.008975443081420564), (('q8_4', 'q8_5'), 0.0061076627649700455), (('q6_2', 'q6_3'), 0.0057537087067279225), (('q7_5', 'q7_6'), 0.005988507603833709), (('q4_2', 'q4_3'), 0.007368908934571566), (('q4_7', 'q5_7'), 0.0037451241078652053), (('q5_2', 'q6_2'), 0.006289823323242183), (('q8_5', 'q8_6'), 0.007645228910436563), (('q4_4', 'q5_4'), 0.01444623005726342), (('q5_2', 'q5_3'), 0.006636167364504231), (('q6_6', 'q6_7'), 0.006391448286295454), (('q8_2', 'q8_3'), 0.005098758177854157), (('q4_1', 'q5_1'), 0.00407853691326282), (('q5_1', 'q5_2'), 0.006851781407660046), (('q5_5', 'q6_5'), 0.005164514717211077), (('q7_2', 'q8_2'), 0.007406789276637904), (('q7_3', 'q8_3'), 0.00636733531361347), (('q6_5', 'q7_5'), 0.004762390295134367), (('q7_6', 'q8_6'), 0.004475619218604232), (('q7_4', 'q8_4'), 0.006716220676789508), (('q8_6', 'q8_7'), 0.009985679867594688), (('q5_3', 'q6_3'), 0.004308116121248928), (('q5_3', 'q5_4'), 0.005776148881533938), (('q6_6', 'q7_6'), 0.006170283410449728), (('q7_2', 'q7_3'), 0.006963652894606931), (('q6_1', 'q6_2'), 0.005977300896363447), (('q5_1', 'q6_1'), 0.004276855925521794), (('q7_5', 'q8_5'), 0.004249992451715534), (('q7_4', 'q7_5'), 0.00910843822168747), (('q6_5', 'q6_6'), 0.013299623995529725), (('q4_3', 'q4_4'), 0.016590225729507524), (('q7_6', 'q7_7'), 0.011053967236175688), (('q5_5', 'q5_6'), 0.007112495423736098), (('q6_3', 'q6_4'), 0.010405960560626176), (('q5_6', 'q6_6'), 0.007197865217443811), (('q6_3', 'q7_3'), 0.007330111684031998), (('q6_4', 'q7_4'), 0.011282733543483442), (('q6_7', 'q7_7'), 0.004872139041653317), (('q7_1', 'q7_2'), 0.00725363263666326), (('q7_7', 'q8_7'), 0.009427053285013226), (('q6_1', 'q7_1'), 0.006216753552224841), (('q4_6', 'q4_7'), 0.007549337375646364), (('q5_7', 'q6_7'), 0.004431619716869839), (('q4_1', 'q4_2'), 0.0042886708604964185), (('q8_3', 'q8_4'), 0.007179922010186718), (('q6_4', 'q6_5'), 0.007963544701812098), (('q4_2', 'q5_2'), 0.0047725487283772905), (('q5_4', 'q5_5'), 0.005017786115421169), (('q6_2', 'q7_2'), 0.005877431538376665))","(('q4_1', 0.00048255878985303813), ('q4_2', 0.0004981504241763912), ('q4_3', 0.0007999862953097514), ('q4_4', 0.0025118733099741553), ('q4_6', 0.002383499192604499), ('q4_7', 0.0010182385449194475), ('q5_1', 0.0008980512757896797), ('q5_2', 0.0006397618829933616), ('q5_3', 0.0008196117522941138), ('q5_4', 0.0005759193011243835), ('q5_5', 0.0005143540993464146), ('q5_6', 0.0009722112041219422), ('q5_7', 0.0004430559461285899), ('q6_1', 0.000616590047527954), ('q6_2', 0.0006784693429875976), ('q6_3', 0.0005216919825707933), ('q6_4', 0.001998258295529687), ('q6_5', 0.0019323445187105492), ('q6_6', 0.0006268078135453492), ('q6_7', 0.000517590504019172), ('q7_1', 0.0009638268323245436), ('q7_2', 0.0006142987959827373), ('q7_3', 0.001261892174907131), ('q7_4', 0.0008391877451006113), ('q7_5', 0.0007000083954514791), ('q7_6', 0.0006559310634528526), ('q7_7', 0.00043250009497886044), ('q8_2', 0.0006581145314461523), ('q8_3', 0.00023967761764809303), ('q8_4', 0.000738992299518515), ('q8_5', 0.0007189425520772175), ('q8_6', 0.0003313392643017332), ('q8_7', 0.002844681270952276))","(('q4_1', 5.8870000000000005), ('q4_2', 6.051), ('q4_3', 5.691), ('q4_4', 5.9990000000000006), ('q4_6', 6.035), ('q4_7', 6.181), ('q5_1', 5.7490000000000006), ('q5_2', 5.835), ('q5_3', 5.892), ('q5_4', 6.103), ('q5_5', 5.896), ('q5_6', 5.722), ('q5_7', 5.963), ('q6_1', 6.073), ('q6_2', 5.9750000000000005), ('q6_3', 5.765), ('q6_4', 6.006), ('q6_5', 6.239), ('q6_6', 6.039), ('q6_7', 6.147), ('q7_1', 6.047), ('q7_2', 5.882000000000001), ('q7_3', 6.095), ('q7_4', 5.892), ('q7_5', 6.097), ('q7_6', 5.9), ('q7_7', 5.827), ('q8_2', 5.955), ('q8_3', 5.783), ('q8_4', 5.679), ('q8_5', 5.993), ('q8_6', 6.2330000000000005), ('q8_7', 6.033))","((('q5_4', 'q6_4'), 5.937), (('q5_6', 'q5_7'), 5.844), (('q4_6', 'q5_6'), 5.857), (('q4_3', 'q5_3'), 5.814), (('q7_3', 'q7_4'), 5.96), (('q8_4', 'q8_5'), 5.851), (('q6_2', 'q6_3'), 5.833), (('q7_5', 'q7_6'), 5.945), (('q4_2', 'q4_3'), 6.0280000000000005), (('q4_7', 'q5_7'), 6.031), (('q5_2', 'q6_2'), 5.843), (('q8_5', 'q8_6'), 6.1290000000000004), (('q4_4', 'q5_4'), 5.945), (('q5_2', 'q5_3'), 5.706), (('q6_6', 'q6_7'), 6.018), (('q8_2', 'q8_3'), 5.795), (('q4_1', 'q5_1'), 5.719), (('q5_1', 'q5_2'), 5.676), (('q5_5', 'q6_5'), 6.073), (('q7_2', 'q8_2'), 5.793), (('q7_3', 'q8_3'), 5.9), (('q6_5', 'q7_5'), 6.042), (('q7_6', 'q8_6'), 5.9430000000000005), (('q7_4', 'q8_4'), 5.869), (('q8_6', 'q8_7'), 6.1370000000000005), (('q5_3', 'q6_3'), 5.8260000000000005), (('q5_3', 'q5_4'), 5.944), (('q6_6', 'q7_6'), 5.978), (('q7_2', 'q7_3'), 5.966), (('q6_1', 'q6_2'), 5.811), (('q5_1', 'q6_1'), 5.856), (('q7_5', 'q8_5'), 5.9), (('q7_4', 'q7_5'), 5.945), (('q6_5', 'q6_6'), 6.058), (('q4_3', 'q4_4'), 5.812), (('q7_6', 'q7_7'), 5.95), (('q5_5', 'q5_6'), 5.846), (('q6_3', 'q6_4'), 6.087), (('q5_6', 'q6_6'), 5.855), (('q6_3', 'q7_3'), 5.968), (('q6_4', 'q7_4'), 5.979), (('q6_7', 'q7_7'), 6.017), (('q7_1', 'q7_2'), 5.7010000000000005), (('q7_7', 'q8_7'), 5.865), (('q6_1', 'q7_1'), 5.926), (('q4_6', 'q4_7'), 6.031), (('q5_7', 'q6_7'), 6.017), (('q4_1', 'q4_2'), 5.948), (('q8_3', 'q8_4'), 5.623), (('q6_4', 'q6_5'), 6.084000000000001), (('q4_2', 'q5_2'), 5.942), (('q5_4', 'q5_5'), 5.941), (('q6_2', 'q7_2'), 5.732))",0
Optimized,40,2,"((('q9_6', 'q10_6'), 0.006734732224477152), (('q5_4', 'q6_4'), 0.00551146039477407), (('q5_6', 'q5_7'), 0.007260984201341608), (('q8_7', 'q9_7'), 0.005935173492396945), (('q7_3', 'q7_4'), 0.007146979487873295), (('q8_4', 'q8_5'), 0.006949885515651483), (('q6_2', 'q6_3'), 0.006744718694631141), (('q7_5', 'q7_6'), 0.006336351693437048), (('q9_4', 'q9_5'), 0.00899364173884884), (('q5_2', 'q6_2'), 0.004858008837869271), (('q7_8', 'q8_8'), 0.008460947266655583), (('q5_7', 'q5_8'), 0.007704475613414197), (('q5_9', 'q6_9'), 0.011553098330320366), (('q8_5', 'q8_6'), 0.012932827091442806), (('q6_6', 'q6_7'), 0.007827452113643607), (('q5_2', 'q5_3'), 0.00390904933650138), (('q8_2', 'q8_3'), 0.007213875056825858), (('q6_7', 'q6_8'), 0.007701432898303662), (('q9_4', 'q10_4'), 0.005591288972296549), (('q6_9', 'q6_10'), 0.005825828944515388), (('q5_5', 'q6_5'), 0.009920481516278806), (('q7_2', 'q8_2'), 0.006275317989956092), (('q5_9', 'q5_10'), 0.01296803026981), (('q6_5', 'q7_5'), 0.0067221822357519945), (('q6_8', 'q6_9'), 0.011271175189698363), (('q7_3', 'q8_3'), 0.0051589057271497485), (('q7_4', 'q8_4'), 0.005196936034035482), (('q7_6', 'q8_6'), 0.010792597897341993), (('q5_3', 'q6_3'), 0.0038841298435290106), (('q8_6', 'q8_7'), 0.006693233632017348), (('q5_3', 'q5_4'), 0.004258349306327347), (('q6_6', 'q7_6'), 0.008433132583412772), (('q7_2', 'q7_3'), 0.00521852182949456), (('q8_7', 'q8_8'), 0.010177188151186456), (('q5_8', 'q5_9'), 0.011314946185363772), (('q7_5', 'q8_5'), 0.006267175019051108), (('q7_4', 'q7_5'), 0.00983796352688937), (('q8_4', 'q9_4'), 0.0068997418878465056), (('q9_5', 'q10_5'), 0.008921309694482182), (('q6_5', 'q6_6'), 0.009112658779823285), (('q7_6', 'q7_7'), 0.009800900848219024), (('q5_5', 'q5_6'), 0.005086893903890638), (('q6_3', 'q6_4'), 0.006411251222434522), (('q6_8', 'q7_8'), 0.005561825322960484), (('q7_8', 'q7_9'), 0.010209653359515292), (('q5_10', 'q6_10'), 0.0050430328723105045), (('q10_5', 'q10_6'), 0.006373329524170135), (('q8_6', 'q9_6'), 0.01652996118396491), (('q5_6', 'q6_6'), 0.004351691586661516), (('q5_8', 'q6_8'), 0.006917674188904738), (('q6_3', 'q7_3'), 0.004666350058463442), (('q6_4', 'q7_4'), 0.005495736705982079), (('q6_7', 'q7_7'), 0.007613501783127863), (('q7_7', 'q8_7'), 0.0052845249484507195), (('q7_7', 'q7_8'), 0.00760864386526014), (('q5_7', 'q6_7'), 0.00574148291093593), (('q8_5', 'q9_5'), 0.007127068659945224), (('q6_9', 'q7_9'), 0.009056257781873522), (('q10_4', 'q10_5'), 0.0066145983135905695), (('q8_3', 'q8_4'), 0.005845490684981219), (('q6_4', 'q6_5'), 0.00819036518818847), (('q9_5', 'q9_6'), 0.0068014655226197596), (('q9_6', 'q9_7'), 0.009165919599623373), (('q5_4', 'q5_5'), 0.004724627895240141), (('q6_2', 'q7_2'), 0.004793942772225529))","(('q5_2', 0.0005483530948577897), ('q5_3', 0.0004599858694701031), ('q5_4', 0.0004972657220402299), ('q5_5', 0.0006186875791370783), ('q5_6', 0.0005676959787682678), ('q5_7', 0.0009391849113835615), ('q5_8', 0.0007842474659810472), ('q5_9', 0.0006015089386233741), ('q5_10', 0.0008729846860036083), ('q6_2', 0.0006681008808344657), ('q6_3', 0.0005452001349389168), ('q6_4', 0.000986430404777916), ('q6_5', 0.0021021501737738535), ('q6_6', 0.0007152832990868774), ('q6_7', 0.0008859913173161482), ('q6_8', 0.0006965193748822984), ('q6_9', 0.0004736669942054794), ('q6_10', 0.0007379574258289945), ('q7_2', 0.0007230378168835982), ('q7_3', 0.001121261144504837), ('q7_4', 0.0013139454014726715), ('q7_5', 0.0006965655990700537), ('q7_6', 0.0007857832432388023), ('q7_7', 0.0005504452788966385), ('q7_8', 0.0019448916408645878), ('q7_9', 0.0005114668265268074), ('q8_2', 0.0010212534748375024), ('q8_3', 0.0011576975888712981), ('q8_4', 0.0005773187824717474), ('q8_5', 0.0005595006143515602), ('q8_6', 0.0006862740277925328), ('q8_7', 0.0007378244214136798), ('q8_8', 0.0018101924383409074), ('q9_4', 0.0006952086306942218), ('q9_5', 0.0009103766351292175), ('q9_6', 0.0007066669196348352), ('q9_7', 0.00040634703300551633), ('q10_4', 0.0007296365281254658), ('q10_5', 0.0006605829070832625), ('q10_6', 0.0006750061728031942))","(('q5_2', 5.881976660753537), ('q5_3', 5.9999999999995595), ('q5_4', 5.923250294536265), ('q5_5', 6.066417312349838), ('q5_6', 5.887716379975068), ('q5_7', 5.8336663244404745), ('q5_8', 5.722619964245799), ('q5_9', 6.26126371414026), ('q5_10', 6.062061236278254), ('q6_2', 5.689384478609103), ('q6_3', 5.761999999999586), ('q6_4', 6.158147889953038), ('q6_5', 5.821569180335825), ('q6_6', 6.1721601691415025), ('q6_7', 5.8097324553399465), ('q6_8', 6.024386124939948), ('q6_9', 6.141056512589467), ('q6_10', 5.837999999999577), ('q7_2', 5.921999999999568), ('q7_3', 6.097999999999549), ('q7_4', 5.919999999999568), ('q7_5', 6.057999999999553), ('q7_6', 5.754409703983181), ('q7_7', 6.113999999999547), ('q7_8', 5.939971777856849), ('q7_9', 6.087433964478842), ('q8_2', 5.702841174724627), ('q8_3', 5.803999999999581), ('q8_4', 5.970318425201567), ('q8_5', 6.094173288227932), ('q8_6', 6.162281923702502), ('q8_7', 5.860115883572507), ('q8_8', 6.206440847377882), ('q9_4', 6.17799999999954), ('q9_5', 5.772041004285054), ('q9_6', 5.972604058162234), ('q9_7', 6.099019401439964), ('q10_4', 5.871999999999574), ('q10_5', 5.654306183806029), ('q10_6', 6.141991067148164))","((('q9_6', 'q10_6'), 6.013481208292502), (('q5_4', 'q6_4'), 6.058543339831367), (('q5_6', 'q5_7'), 5.96805991617674), (('q8_7', 'q9_7'), 5.919999999999568), (('q7_3', 'q7_4'), 5.943999999999566), (('q8_4', 'q8_5'), 5.906039847146055), (('q6_2', 'q6_3'), 5.799725645740789), (('q7_5', 'q7_6'), 5.866023178030149), (('q9_4', 'q9_5'), 6.012061491754967), (('q5_2', 'q6_2'), 5.782952475288444), (('q7_8', 'q8_8'), 6.117307058939097), (('q5_7', 'q5_8'), 5.873234631485795), (('q5_9', 'q6_9'), 6.061999999999553), (('q8_5', 'q8_6'), 6.069999999999552), (('q6_6', 'q6_7'), 6.041749817590467), (('q5_2', 'q5_3'), 5.890871534453291), (('q8_2', 'q8_3'), 5.799572846072643), (('q6_7', 'q6_8'), 5.881622893078771), (('q9_4', 'q10_4'), 6.041999999999555), (('q6_9', 'q6_10'), 5.995608582803674), (('q5_5', 'q6_5'), 5.930732587795496), (('q7_2', 'q8_2'), 5.82922225927343), (('q5_9', 'q5_10'), 6.192433342699696), (('q6_5', 'q7_5'), 5.959795000893129), (('q6_8', 'q6_9'), 6.057667890038675), (('q7_3', 'q8_3'), 5.939999999999566), (('q7_4', 'q8_4'), 5.85665557600423), (('q7_6', 'q8_6'), 6.027472423741708), (('q5_3', 'q6_3'), 5.893999999999571), (('q8_6', 'q8_7'), 6.017770782058606), (('q5_3', 'q5_4'), 5.89277847186812), (('q6_6', 'q7_6'), 6.030319923770803), (('q7_2', 'q7_3'), 5.943999999999566), (('q8_7', 'q8_8'), 6.133509575762087), (('q5_8', 'q5_9'), 6.056585767368768), (('q7_5', 'q8_5'), 5.958981231086137), (('q7_4', 'q7_5'), 5.961999999999564), (('q8_4', 'q9_4'), 6.051999999999554), (('q9_5', 'q10_5'), 5.799571742585819), (('q6_5', 'q6_6'), 5.791999999999582), (('q7_6', 'q7_7'), 5.982313266657868), (('q5_5', 'q5_6'), 5.930865427187682), (('q6_3', 'q6_4'), 6.019999999999557), (('q6_8', 'q7_8'), 5.960753012804853), (('q7_8', 'q7_9'), 6.121455732779027), (('q5_10', 'q6_10'), 5.964096499204932), (('q10_5', 'q10_6'), 5.9191634982183965), (('q8_6', 'q9_6'), 6.173864912998312), (('q5_6', 'q6_6'), 6.042262879943632), (('q5_8', 'q6_8'), 5.892219047030518), (('q6_3', 'q7_3'), 5.939999999999566), (('q6_4', 'q7_4'), 6.062466011765289), (('q6_7', 'q7_7'), 5.978792841379519), (('q7_7', 'q8_7'), 5.979999999999562), (('q7_7', 'q7_8'), 5.977292001292608), (('q5_7', 'q6_7'), 5.874301601509672), (('q8_5', 'q9_5'), 5.931601933193954), (('q6_9', 'q7_9'), 6.0738905457984185), (('q10_4', 'q10_5'), 5.772348183276752), (('q8_3', 'q8_4'), 5.8567562205094434), (('q6_4', 'q6_5'), 6.053674514340482), (('q9_5', 'q9_6'), 5.828553410828661), (('q9_6', 'q9_7'), 6.05100046582729), (('q5_4', 'q5_5'), 5.89436966671895), (('q6_2', 'q7_2'), 5.798343065717306))",0
Optimized,47,2,"((('q9_6', 'q10_6'), 0.006014776039316022), (('q3_5', 'q3_6'), 0.006192367254971715), (('q5_4', 'q6_4'), 0.006451907364125348), (('q5_6', 'q5_7'), 0.009096229408237427), (('q4_6', 'q5_6'), 0.004531869081670303), (('q8_7', 'q9_7'), 0.00613371726448067), (('q8_4', 'q8_5'), 0.012064698962059694), (('q7_5', 'q7_6'), 0.011574081054298774), (('q9_4', 'q9_5'), 0.005994294624491803), (('q4_7', 'q5_7'), 0.00732302665745907), (('q7_8', 'q8_8'), 0.00809324004739334), (('q5_7', 'q5_8'), 0.01485099501993356), (('q3_7', 'q3_8'), 0.006117288960882761), (('q5_9', 'q6_9'), 0.006780419018319578), (('q3_6', 'q4_6'), 0.005000849810380764), (('q1_4', 'q1_5'), 0.0040879301503098375), (('q4_4', 'q5_4'), 0.003729843988931475), (('q6_6', 'q6_7'), 0.015220039017985465), (('q2_7', 'q3_7'), 0.00506397846087242), (('q6_7', 'q6_8'), 0.010336531233880036), (('q8_5', 'q8_6'), 0.0096661246881668), (('q9_4', 'q10_4'), 0.005613064443117627), (('q6_9', 'q6_10'), 0.01439277541506287), (('q5_5', 'q6_5'), 0.007043502674413921), (('q7_6', 'q8_6'), 0.014012094882349363), (('q2_5', 'q2_6'), 0.005436020980875811), (('q5_9', 'q5_10'), 0.007083889600102589), (('q6_5', 'q7_5'), 0.005748460441419495), (('q6_8', 'q6_9'), 0.005029280577936723), (('q7_4', 'q8_4'), 0.00742144829673444), (('q8_6', 'q8_7'), 0.006283705267892931), (('q2_6', 'q2_7'), 0.0061800502129453205), (('q8_7', 'q8_8'), 0.008690670502544795), (('q6_6', 'q7_6'), 0.008600081182152802), (('q5_8', 'q5_9'), 0.010046401529005627), (('q7_5', 'q8_5'), 0.00592428314830501), (('q7_4', 'q7_5'), 0.006621695411408751), (('q3_4', 'q4_4'), 0.00471725992728006), (('q8_4', 'q9_4'), 0.004819993375778431), (('q6_5', 'q6_6'), 0.008360174128206166), (('q7_6', 'q7_7'), 0.008767098410930402), (('q9_5', 'q10_5'), 0.0052879955497971975), (('q5_5', 'q5_6'), 0.006145393650326791), (('q2_4', 'q3_4'), 0.005075443322204887), (('q6_8', 'q7_8'), 0.005786427253500148), (('q7_8', 'q7_9'), 0.009832512059364806), (('q4_9', 'q5_9'), 0.008409111231108157), (('q5_10', 'q6_10'), 0.009845193518425582), (('q10_5', 'q10_6'), 0.007063199922268282), (('q3_4', 'q3_5'), 0.0068196349044367666), (('q8_6', 'q9_6'), 0.007181644932390041), (('q5_6', 'q6_6'), 0.006513270767239732), (('q3_7', 'q4_7'), 0.0066636761693050495), (('q5_8', 'q6_8'), 0.015001720558404846), (('q6_4', 'q7_4'), 0.00892844243499158), (('q6_7', 'q7_7'), 0.00895209100241956), (('q7_7', 'q8_7'), 0.004337653156079424), (('q2_6', 'q3_6'), 0.010249750933700369), (('q1_5', 'q2_5'), 0.0070474132769706155), (('q3_6', 'q3_7'), 0.00525537187047545), (('q4_6', 'q4_7'), 0.004686996770592422), (('q7_7', 'q7_8'), 0.008086664022320694), (('q5_7', 'q6_7'), 0.0044568569656567025), (('q8_5', 'q9_5'), 0.008018539206127467), (('q1_4', 'q2_4'), 0.004872404364382021), (('q6_9', 'q7_9'), 0.012453588556572526), (('q10_4', 'q10_5'), 0.004490747556658847), (('q2_5', 'q3_5'), 0.00790839074016289), (('q6_4', 'q6_5'), 0.007203549711591872), (('q2_4', 'q2_5'), 0.004681320180427828), (('q9_5', 'q9_6'), 0.006441216337994882), (('q9_6', 'q9_7'), 0.007756668503942105), (('q5_4', 'q5_5'), 0.006334291697096706))","(('q1_4', 0.0005004022652055906), ('q1_5', 0.0007142595610210578), ('q2_4', 0.0005482499162666743), ('q2_5', 0.000969938632752354), ('q2_6', 0.0006818115761368371), ('q2_7', 0.0007817757762668132), ('q3_4', 0.0005192396875178806), ('q3_5', 0.0007286582971096078), ('q3_6', 0.0006107246942178568), ('q3_7', 0.0011199393740934926), ('q3_8', 0.0007334901119087078), ('q4_4', 0.0003617526183364306), ('q4_6', 0.0006580228553133005), ('q4_7', 0.0007515112725531292), ('q4_9', 0.0006539388657146317), ('q5_4', 0.00042871884541895167), ('q5_5', 0.0007194555524115409), ('q5_6', 0.0002687304751304853), ('q5_7', 0.0007050819234497019), ('q5_8', 0.0011789445973577894), ('q5_9', 0.0008772743393788973), ('q5_10', 0.000643989993534988), ('q6_4', 0.001437713920936834), ('q6_5', 0.0009713977325801482), ('q6_6', 0.0010388493560125056), ('q6_7', 0.0005991740229307485), ('q6_8', 0.0008541749069898019), ('q6_9', 0.0008428650642803848), ('q6_10', 0.0010991036706518575), ('q7_4', 0.0006628348496143799), ('q7_5', 0.0007489964962988926), ('q7_6', 0.000743036471318459), ('q7_7', 0.0009842548491617586), ('q7_8', 0.0007746277915172683), ('q7_9', 0.0006033491369686894), ('q8_4', 0.0009477296620200582), ('q8_5', 0.0006279430997060964), ('q8_6', 0.0009408668831891176), ('q8_7', 0.0005466640167341441), ('q8_8', 0.0004769901566930579), ('q9_4', 0.0006730808203085359), ('q9_5', 0.000895478702051089), ('q9_6', 0.00036420318591029455), ('q9_7', 0.0004836994741940215), ('q10_4', 0.0005833723338881103), ('q10_5', 0.00022097220971428744), ('q10_6', 0.0008926397737953895))","(('q1_4', 5.824496469031739), ('q1_5', 6.037999999999555), ('q2_4', 6.159805750514816), ('q2_5', 5.939623435861915), ('q2_6', 6.160514288109975), ('q2_7', 6.005999999999559), ('q3_4', 5.97199749976014), ('q3_5', 5.745999999999587), ('q3_6', 6.082066772537434), ('q3_7', 6.229999999999534), ('q3_8', 6.063999999999552), ('q4_4', 6.107999999999548), ('q4_6', 5.857215938311225), ('q4_7', 6.159999999999542), ('q4_9', 6.257999999999531), ('q5_4', 5.821394762942573), ('q5_5', 5.956417131504051), ('q5_6', 6.104507665485714), ('q5_7', 5.965667112878673), ('q5_8', 6.29831533882453), ('q5_9', 5.925263165791384), ('q5_10', 6.121999999999546), ('q6_4', 6.037999999999555), ('q6_5', 6.2719999999995295), ('q6_6', 5.871999999999574), ('q6_7', 6.195999999999538), ('q6_8', 5.851999999999576), ('q6_9', 6.08199999999955), ('q6_10', 6.305999999999526), ('q7_4', 5.8550009075560485), ('q7_5', 5.9689832047223765), ('q7_6', 5.740519882358242), ('q7_7', 6.061481372503757), ('q7_8', 6.288408184035139), ('q7_9', 5.949999999999565), ('q8_4', 5.7543184262634295), ('q8_5', 6.0743154166548345), ('q8_6', 6.168747588794222), ('q8_7', 5.860871021006241), ('q8_8', 5.9819999999995614), ('q9_4', 6.134323427676457), ('q9_5', 5.834040944195467), ('q9_6', 5.924440282396639), ('q9_7', 6.107999999999548), ('q10_4', 5.9105612159741066), ('q10_5', 5.716306055878089), ('q10_6', 6.0359999999995555))","((('q9_6', 'q10_6'), 5.893999999999571), (('q3_5', 'q3_6'), 5.8999999999995705), (('q5_4', 'q6_4'), 5.946256890565064), (('q5_6', 'q5_7'), 5.966574418400742), (('q4_6', 'q5_6'), 5.970365444935474), (('q8_7', 'q9_7'), 6.033999999999556), (('q8_4', 'q8_5'), 5.949953686183922), (('q7_5', 'q7_6'), 5.929884547745003), (('q9_4', 'q9_5'), 6.003801227228817), (('q4_7', 'q5_7'), 6.067999999999552), (('q7_8', 'q8_8'), 6.139999999999544), (('q5_7', 'q5_8'), 6.071622920415046), (('q3_7', 'q3_8'), 6.0999999999995485), (('q5_9', 'q6_9'), 6.053505414642489), (('q3_6', 'q4_6'), 5.972230200100562), (('q1_4', 'q1_5'), 5.929176579284409), (('q4_4', 'q5_4'), 5.9539999999995645), (('q6_6', 'q6_7'), 5.989999999999561), (('q2_7', 'q3_7'), 6.0999999999995485), (('q6_7', 'q6_8'), 5.9819999999995614), (('q8_5', 'q8_6'), 6.103224986650045), (('q9_4', 'q10_4'), 6.050578220606274), (('q6_9', 'q6_10'), 6.1719999999995405), (('q5_5', 'q6_5'), 6.106827857354542), (('q7_6', 'q8_6'), 5.936667319836465), (('q2_5', 'q2_6'), 6.015894253948223), (('q5_9', 'q5_10'), 6.053202751227588), (('q6_5', 'q7_5'), 6.1159829812112205), (('q6_8', 'q6_9'), 5.959999999999564), (('q7_4', 'q8_4'), 5.752557964230002), (('q8_6', 'q8_7'), 6.0550024606391135), (('q2_6', 'q2_7'), 6.043997962108244), (('q8_7', 'q8_8'), 6.020809189928686), (('q6_6', 'q7_6'), 5.854307160308471), (('q5_8', 'q5_9'), 6.068835832154093), (('q7_5', 'q8_5'), 5.962529040358188), (('q7_4', 'q7_5'), 5.976426745940767), (('q3_4', 'q4_4'), 5.955512915970614), (('q8_4', 'q9_4'), 5.865205005211611), (('q6_5', 'q6_6'), 6.115999999999547), (('q7_6', 'q7_7'), 5.933166393220498), (('q9_5', 'q10_5'), 5.770377177806088), (('q5_5', 'q5_6'), 5.940217568585953), (('q2_4', 'q3_4'), 6.001015492468976), (('q6_8', 'q7_8'), 6.140491576126525), (('q7_8', 'q7_9'), 6.115369379046907), (('q4_9', 'q5_9'), 6.077999999999551), (('q5_10', 'q6_10'), 6.1719999999995405), (('q10_5', 'q10_6'), 5.876329745488255), (('q3_4', 'q3_5'), 5.928639873359044), (('q8_6', 'q9_6'), 6.083260195922178), (('q5_6', 'q6_6'), 5.965833366481372), (('q3_7', 'q4_7'), 6.095999999999549), (('q5_8', 'q6_8'), 6.202597130346862), (('q6_4', 'q7_4'), 5.960136094109885), (('q6_7', 'q7_7'), 6.051014873003966), (('q7_7', 'q8_7'), 5.959228846718942), (('q2_6', 'q3_6'), 6.019974514768102), (('q1_5', 'q2_5'), 5.9359999999995665), (('q3_6', 'q3_7'), 6.098808120321256), (('q4_6', 'q4_7'), 5.979323203012151), (('q7_7', 'q7_8'), 6.140243645111346), (('q5_7', 'q6_7'), 6.047010463009074), (('q8_5', 'q9_5'), 5.964075904365914), (('q1_4', 'q2_4'), 5.990839060613108), (('q6_9', 'q7_9'), 6.055999999999553), (('q10_4', 'q10_5'), 5.792448280277962), (('q2_5', 'q3_5'), 5.804652019179053), (('q6_4', 'q6_5'), 6.115999999999547), (('q2_4', 'q2_5'), 6.0009078701807566), (('q9_5', 'q9_6'), 5.87326618364323), (('q9_6', 'q9_7'), 5.96335524192346), (('q5_4', 'q5_5'), 5.931881781887439))",0
Optimized,54,2,"((('q8_7', 'q9_7'), 0.006807916625269084), (('q3_3', 'q4_3'), 0.00487736761853802), (('q8_4', 'q8_5'), 0.008836213119632674), (('q7_8', 'q8_8'), 0.008672577870659615), (('q5_9', 'q6_9'), 0.006121286113410146), (('q3_6', 'q4_6'), 0.006782275042081343), (('q5_2', 'q5_3'), 0.005393237486617464), (('q8_2', 'q8_3'), 0.006903342038483112), (('q6_7', 'q6_8'), 0.006374631103905043), (('q6_9', 'q6_10'), 0.007111034014768591), (('q7_6', 'q8_6'), 0.009326411944724777), (('q5_3', 'q6_3'), 0.008137459797832758), (('q5_3', 'q5_4'), 0.007942216469554203), (('q6_6', 'q7_6'), 0.00751169915653338), (('q3_4', 'q4_4'), 0.005999657671174136), (('q8_4', 'q9_4'), 0.007610939378731363), (('q6_5', 'q6_6'), 0.0048432813975948785), (('q6_3', 'q6_4'), 0.006139390610868101), (('q8_6', 'q9_6'), 0.005193658096466602), (('q5_6', 'q6_6'), 0.011687595241350851), (('q6_4', 'q7_4'), 0.005943343900153303), (('q5_7', 'q6_7'), 0.00924426681125573), (('q8_5', 'q9_5'), 0.006744392950842448), (('q3_2', 'q4_2'), 0.006047085846780015), (('q4_1', 'q4_2'), 0.011125934144486205), (('q6_4', 'q6_5'), 0.007220916396975474), (('q9_6', 'q9_7'), 0.0060844058407619195), (('q5_4', 'q5_5'), 0.009117033587665607), (('q6_2', 'q7_2'), 0.005697870631900442), (('q9_6', 'q10_6'), 0.00543416990257109), (('q5_4', 'q6_4'), 0.005111707014372774), (('q7_5', 'q7_6'), 0.007325783162680399), (('q6_6', 'q6_7'), 0.005257059212610382), (('q4_1', 'q5_1'), 0.003742685755582953), (('q5_1', 'q5_2'), 0.008254200779700016), (('q5_5', 'q6_5'), 0.029407920635757617), (('q7_3', 'q8_3'), 0.008597623279760602), (('q5_9', 'q5_10'), 0.00867273820932829), (('q6_5', 'q7_5'), 0.005210632365105106), (('q6_8', 'q6_9'), 0.00661140224516199), (('q7_2', 'q7_3'), 0.0059746520427629846), (('q6_1', 'q6_2'), 0.00649160424133699), (('q9_5', 'q10_5'), 0.00746981873536634), (('q7_6', 'q7_7'), 0.006141021182451523), (('q5_5', 'q5_6'), 0.008117781107383926), (('q10_5', 'q10_6'), 0.00737898891505695), (('q5_8', 'q6_8'), 0.008125595745482384), (('q3_7', 'q4_7'), 0.00806956887075927), (('q4_6', 'q4_7'), 0.009017926602674475), (('q4_6', 'q5_6'), 0.013664312308188264), (('q4_3', 'q5_3'), 0.005537084446691293), (('q6_2', 'q6_3'), 0.005529829250243423), (('q9_4', 'q9_5'), 0.00579109104183842), (('q4_7', 'q5_7'), 0.006161411963759966), (('q5_2', 'q6_2'), 0.006770281844525855), (('q4_4', 'q5_4'), 0.005957014980909836), (('q7_2', 'q8_2'), 0.008186186850461658), (('q7_4', 'q8_4'), 0.007640826470829032), (('q8_7', 'q8_8'), 0.0046006737672759646), (('q6_8', 'q7_8'), 0.0047967231992952775), (('q7_8', 'q7_9'), 0.007152765932077337), (('q6_7', 'q7_7'), 0.0066510291364901275), (('q3_6', 'q3_7'), 0.005186868645733561), (('q10_4', 'q10_5'), 0.007950239144877441), (('q4_2', 'q5_2'), 0.004082982457742773), (('q9_5', 'q9_6'), 0.004992585242100861), (('q5_6', 'q5_7'), 0.009705356871383158), (('q7_3', 'q7_4'), 0.005689377901861137), (('q4_2', 'q4_3'), 0.008519262651474124), (('q5_7', 'q5_8'), 0.006915598634068737), (('q8_5', 'q8_6'), 0.007115876331457216), (('q9_4', 'q10_4'), 0.00987819607169238), (('q8_6', 'q8_7'), 0.007319533843130055), (('q5_8', 'q5_9'), 0.013910380005829753), (('q5_1', 'q6_1'), 0.007683886064262402), (('q7_5', 'q8_5'), 0.010393979198877107), (('q7_4', 'q7_5'), 0.006052258223939677), (('q3_2', 'q3_3'), 0.004440492829494658), (('q4_3', 'q4_4'), 0.010008454333748307), (('q3_3', 'q3_4'), 0.004693784322092942), (('q5_10', 'q6_10'), 0.007606222509718902), (('q6_3', 'q7_3'), 0.007242193628887089), (('q7_1', 'q7_2'), 0.006231615021540182), (('q7_7', 'q8_7'), 0.005642838910262016), (('q6_1', 'q7_1'), 0.004443868406872525), (('q7_7', 'q7_8'), 0.007270259460142786), (('q6_9', 'q7_9'), 0.007925312960028685), (('q8_3', 'q8_4'), 0.014670906964611846))","(('q3_2', 0.0006403242782767049), ('q3_3', 0.0005889837711842705), ('q3_4', 0.0005571969151227929), ('q3_6', 0.0007333626156346695), ('q3_7', 0.0007200547801734514), ('q4_1', 0.0007602067477253671), ('q4_2', 0.0007041297194669838), ('q4_3', 0.0006748587066500722), ('q4_4', 0.000775444047326268), ('q4_6', 0.0012316729724963227), ('q4_7', 0.0008215496619140561), ('q5_1', 0.0006805919167235386), ('q5_2', 0.00048804501018717694), ('q5_3', 0.0008565032634741399), ('q5_4', 0.0005551547434466397), ('q5_5', 0.0005313207226946837), ('q5_6', 0.0012792363297411957), ('q5_7', 0.00109466816939513), ('q5_8', 0.0012756314428767346), ('q5_9', 0.0008456577410589361), ('q5_10', 0.000772391396779537), ('q6_1', 0.0006707716477209469), ('q6_2', 0.0007507052616914089), ('q6_3', 0.0007530531441149457), ('q6_4', 0.000739930319991422), ('q6_5', 0.0004795070722893868), ('q6_6', 0.0005119539231011605), ('q6_7', 0.0006331119399904384), ('q6_8', 0.0005185199006081387), ('q6_9', 0.0008788604587617321), ('q6_10', 0.0007016416065079301), ('q7_1', 0.0016172798642749564), ('q7_2', 0.0013137892072511148), ('q7_3', 0.0007819905637576618), ('q7_4', 0.0006005805898456895), ('q7_5', 0.000735450245686331), ('q7_6', 0.0006587662682838169), ('q7_7', 0.0005184534044442302), ('q7_8', 0.0010927779496581191), ('q7_9', 0.0009678005106431575), ('q8_2', 0.0012993958417866769), ('q8_3', 0.0005222529330735082), ('q8_4', 0.0010115241541197584), ('q8_5', 0.0008497832519421822), ('q8_6', 0.0013045400570376176), ('q8_7', 0.0005841891041683533), ('q8_8', 0.0003061289664230138), ('q9_4', 0.00047681437730362486), ('q9_5', 0.0006496707502822718), ('q9_6', 0.0007048632239678998), ('q9_7', 0.0005158338627131442), ('q10_4', 0.000538893490446557), ('q10_5', 0.0007905211407438495), ('q10_6', 0.0004556578948560208))","(('q3_2', 5.955309015194794), ('q3_3', 5.931999999999567), ('q3_4', 6.1317096890268274), ('q3_6', 6.075999999999551), ('q3_7', 5.773627928496965), ('q4_1', 5.900597927302743), ('q4_2', 6.1053537027642815), ('q4_3', 5.715999999999591), ('q4_4', 6.0384555056349045), ('q4_6', 5.8359999999995775), ('q4_7', 5.734631213540723), ('q5_1', 5.577999999999606), ('q5_2', 5.773999999999584), ('q5_3', 6.00894876454388), ('q5_4', 6.093666094996476), ('q5_5', 5.653999999999598), ('q5_6', 5.602014300657023), ('q5_7', 5.643999999999599), ('q5_8', 5.945999999999565), ('q5_9', 6.127263210174462), ('q5_10', 6.0539999999995535), ('q6_1', 6.079862418394246), ('q6_2', 5.944670704361832), ('q6_3', 5.611139551951518), ('q6_4', 5.852147516428588), ('q6_5', 6.2590701386178935), ('q6_6', 6.14922073691762), ('q6_7', 5.84013355453608), ('q6_8', 6.07186566456922), ('q6_9', 5.757056514273106), ('q6_10', 6.176825135016475), ('q7_1', 5.749610750511504), ('q7_2', 5.858302903183329), ('q7_3', 5.759999999999586), ('q7_4', 6.056839635169508), ('q7_5', 5.943112567721662), ('q7_6', 5.728521429648766), ('q7_7', 5.9596280839277505), ('q7_8', 5.722629723017834), ('q7_9', 5.963999999999563), ('q8_2', 5.643598784292475), ('q8_3', 5.9539999999995645), ('q8_4', 5.5783184315029795), ('q8_5', 5.883624828108803), ('q8_6', 6.172747585303051), ('q8_7', 5.87087119022515), ('q8_8', 6.112440843223435), ('q9_4', 6.08199999999955), ('q9_5', 5.754041003217857), ('q9_6', 5.968039523367175), ('q9_7', 5.65301940354216), ('q10_4', 5.90599999999957), ('q10_5', 5.592306214573359), ('q10_6', 6.145918928158719))","((('q8_7', 'q9_7'), 5.803666574823029), (('q3_3', 'q4_3'), 5.767999999999585), (('q8_4', 'q8_5'), 5.7107764944888455), (('q7_8', 'q8_8'), 5.995556279113163), (('q5_9', 'q6_9'), 6.027677006538361), (('q3_6', 'q4_6'), 5.969999999999563), (('q5_2', 'q5_3'), 5.876549736940073), (('q8_2', 'q8_3'), 5.7991234801226685), (('q6_7', 'q6_8'), 5.959129029270202), (('q6_9', 'q6_10'), 6.022757924751802), (('q7_6', 'q8_6'), 5.998010819925859), (('q5_3', 'q6_3'), 5.811880782776336), (('q5_3', 'q5_4'), 5.969209884452472), (('q6_6', 'q7_6'), 5.929854646207918), (('q3_4', 'q4_4'), 5.966229784879846), (('q8_4', 'q9_4'), 5.889999999999572), (('q6_5', 'q6_6'), 6.123757853886527), (('q6_3', 'q6_4'), 5.731663365560135), (('q8_6', 'q9_6'), 6.111237856458502), (('q5_6', 'q6_6'), 5.71251308462265), (('q6_4', 'q7_4'), 5.894176111759095), (('q5_7', 'q6_7'), 5.767693409563349), (('q8_5', 'q9_5'), 5.905253420289066), (('q3_2', 'q4_2'), 6.03260689391118), (('q4_1', 'q4_2'), 6.0417270791373445), (('q6_4', 'q6_5'), 6.106825881130016), (('q9_6', 'q9_7'), 5.822073632521126), (('q5_4', 'q5_5'), 5.916565143686973), (('q6_2', 'q7_2'), 5.899929820850184), (('q9_6', 'q10_6'), 5.993185422944323), (('q5_4', 'q6_4'), 5.981624054287367), (('q7_5', 'q7_6'), 5.799854694150139), (('q6_6', 'q6_7'), 5.9846200443816455), (('q4_1', 'q5_1'), 5.668360435014071), (('q5_1', 'q5_2'), 5.621999999999601), (('q5_5', 'q6_5'), 6.075999999999551), (('q7_3', 'q8_3'), 5.7999999999995815), (('q5_9', 'q5_10'), 6.023999999999557), (('q6_5', 'q7_5'), 6.115999999999547), (('q6_8', 'q6_9'), 5.922131053489495), (('q7_2', 'q7_3'), 5.831122816157762), (('q6_1', 'q6_2'), 5.937999999999566), (('q9_5', 'q10_5'), 5.712000847177063), (('q7_6', 'q7_7'), 5.796855775330441), (('q5_5', 'q5_6'), 5.623986335190697), (('q10_5', 'q10_6'), 5.959200851199018), (('q5_8', 'q6_8'), 5.973000904158617), (('q3_7', 'q4_7'), 5.820413122768168), (('q4_6', 'q4_7'), 5.73973891179326), (('q4_6', 'q5_6'), 5.688781120209596), (('q4_3', 'q5_3'), 5.880555730454596), (('q6_2', 'q6_3'), 5.766389667358847), (('q9_4', 'q9_5'), 5.8695079135926616), (('q4_7', 'q5_7'), 5.800952208677389), (('q5_2', 'q6_2'), 5.769893832681634), (('q4_4', 'q5_4'), 5.94926239316595), (('q7_2', 'q8_2'), 5.803018617887911), (('q7_4', 'q8_4'), 5.726339362213945), (('q8_7', 'q8_8'), 5.967683803073905), (('q6_8', 'q7_8'), 5.928193871052905), (('q7_8', 'q7_9'), 5.863999999999574), (('q6_7', 'q7_7'), 5.88861714253703), (('q3_6', 'q3_7'), 6.025286109612672), (('q10_4', 'q10_5'), 5.71929131038048), (('q4_2', 'q5_2'), 5.91873770096463), (('q9_5', 'q9_6'), 5.880484807720171), (('q5_6', 'q5_7'), 5.582219800065351), (('q7_3', 'q7_4'), 5.918410276754693), (('q4_2', 'q4_3'), 6.042606468068903), (('q5_7', 'q5_8'), 5.827999999999578), (('q8_5', 'q8_6'), 6.005072153834632), (('q9_4', 'q10_4'), 6.031999999999556), (('q8_6', 'q8_7'), 6.017162301993084), (('q5_8', 'q5_9'), 6.080217833028833), (('q5_1', 'q6_1'), 5.811543520486323), (('q7_5', 'q8_5'), 5.980150643516059), (('q7_4', 'q7_5'), 5.915319586440437), (('q3_2', 'q3_3'), 5.870499111282411), (('q4_3', 'q4_4'), 5.946967214138181), (('q3_3', 'q3_4'), 5.964950501281905), (('q5_10', 'q6_10'), 6.191080258097416), (('q6_3', 'q7_3'), 5.646009556248068), (('q7_1', 'q7_2'), 5.865547202276006), (('q7_7', 'q8_7'), 5.832115972114146), (('q6_1', 'q7_1'), 5.928518741544105), (('q7_7', 'q7_8'), 5.884006435646783), (('q6_9', 'q7_9'), 5.822537121205058), (('q8_3', 'q8_4'), 5.6885507877613035))",0
Optimized,62,2,"((('q8_7', 'q9_7'), 0.007105820007012542), (('q3_3', 'q4_3'), 0.004944379498933393), (('q8_4', 'q8_5'), 0.010326032160616089), (('q7_8', 'q8_8'), 0.007822995069308503), (('q5_9', 'q6_9'), 0.00759654129992432), (('q3_6', 'q4_6'), 0.012261773310386997), (('q5_2', 'q5_3'), 0.007178994343749051), (('q8_2', 'q8_3'), 0.013209038809790852), (('q6_7', 'q6_8'), 0.01043124875701984), (('q7_6', 'q8_6'), 0.014676157072864654), (('q2_5', 'q2_6'), 0.006851396491938416), (('q5_3', 'q6_3'), 0.007509986419240472), (('q5_3', 'q5_4'), 0.006562225378316383), (('q6_6', 'q7_6'), 0.006637001821482247), (('q2_3', 'q3_3'), 0.005516285616508576), (('q3_4', 'q4_4'), 0.006162935048951351), (('q8_4', 'q9_4'), 0.006760914905217075), (('q6_5', 'q6_6'), 0.005663288263703853), (('q6_3', 'q6_4'), 0.007666667670090027), (('q2_4', 'q3_4'), 0.007835068405379314), (('q5_0', 'q6_0'), 0.004999685430280759), (('q8_6', 'q9_6'), 0.010216143330936067), (('q5_6', 'q6_6'), 0.008461101782015923), (('q6_4', 'q7_4'), 0.007984727271019704), (('q1_5', 'q2_5'), 0.006468384250607473), (('q6_0', 'q6_1'), 0.005819551242605081), (('q5_7', 'q6_7'), 0.0065698798489187415), (('q8_5', 'q9_5'), 0.008423679242319765), (('q3_2', 'q4_2'), 0.004713176766399069), (('q4_1', 'q4_2'), 0.009301429483431933), (('q6_4', 'q6_5'), 0.006086562135906776), (('q9_6', 'q9_7'), 0.00640389164354721), (('q5_4', 'q5_5'), 0.006445943955423666), (('q6_2', 'q7_2'), 0.007172707773921344), (('q9_6', 'q10_6'), 0.011224940114388043), (('q5_4', 'q6_4'), 0.0052314646562957035), (('q7_5', 'q7_6'), 0.00590794359448496), (('q6_6', 'q6_7'), 0.005707202299310654), (('q4_1', 'q5_1'), 0.008005387781796658), (('q5_1', 'q5_2'), 0.004912721873628512), (('q5_5', 'q6_5'), 0.007558014282371656), (('q7_3', 'q8_3'), 0.011141114865923868), (('q6_5', 'q7_5'), 0.009370656313041098), (('q6_8', 'q6_9'), 0.008182455507582814), (('q7_2', 'q7_3'), 0.0076219439657826404), (('q6_1', 'q6_2'), 0.008050422548367159), (('q9_5', 'q10_5'), 0.011845661777119432), (('q7_6', 'q7_7'), 0.010280522160512062), (('q5_5', 'q5_6'), 0.006798760239266927), (('q10_5', 'q10_6'), 0.012597479988271904), (('q5_8', 'q6_8'), 0.00811588195117921), (('q3_7', 'q4_7'), 0.008044745511654433), (('q5_0', 'q5_1'), 0.004309970532042934), (('q4_6', 'q4_7'), 0.010118628143584885), (('q1_4', 'q2_4'), 0.006644355731183438), (('q2_4', 'q2_5'), 0.009117031802718), (('q4_6', 'q5_6'), 0.00749226398799252), (('q4_3', 'q5_3'), 0.005592761277551345), (('q6_2', 'q6_3'), 0.008464546487175456), (('q9_4', 'q9_5'), 0.007397345930559546), (('q4_7', 'q5_7'), 0.006957888601117235), (('q5_2', 'q6_2'), 0.0073251490030977195), (('q1_4', 'q1_5'), 0.003703509346594497), (('q4_4', 'q5_4'), 0.006221213099972256), (('q7_2', 'q8_2'), 0.009877815960901454), (('q7_4', 'q8_4'), 0.0072016120873824585), (('q2_6', 'q2_7'), 0.00507667565274042), (('q8_7', 'q8_8'), 0.007139945243320539), (('q2_3', 'q2_4'), 0.007289445268975514), (('q6_8', 'q7_8'), 0.00938416910286094), (('q7_8', 'q7_9'), 0.017903074013712522), (('q6_7', 'q7_7'), 0.00966737242816687), (('q3_6', 'q3_7'), 0.007501626741833578), (('q10_4', 'q10_5'), 0.0043769862184976915), (('q2_5', 'q3_5'), 0.0073764071121672214), (('q4_2', 'q5_2'), 0.006925658803386331), (('q9_5', 'q9_6'), 0.00596455508488361), (('q3_5', 'q3_6'), 0.006910074160971669), (('q5_6', 'q5_7'), 0.006404898221273214), (('q7_3', 'q7_4'), 0.008452367906151642), (('q4_2', 'q4_3'), 0.00506798553993032), (('q5_7', 'q5_8'), 0.0053811796919079335), (('q8_5', 'q8_6'), 0.012845613078561385), (('q2_7', 'q3_7'), 0.006402058091893953), (('q9_4', 'q10_4'), 0.005432798182022941), (('q8_6', 'q8_7'), 0.006760113060740008), (('q5_8', 'q5_9'), 0.007616256019140122), (('q5_1', 'q6_1'), 0.005606396703938671), (('q7_5', 'q8_5'), 0.00586325312465108), (('q7_4', 'q7_5'), 0.0048139911082490106), (('q3_2', 'q3_3'), 0.006137627171917404), (('q4_3', 'q4_4'), 0.005747998476519245), (('q3_3', 'q3_4'), 0.005925369457181362), (('q3_4', 'q3_5'), 0.005885985430953172), (('q6_3', 'q7_3'), 0.00801338151341538), (('q7_1', 'q7_2'), 0.008480389376062325), (('q7_7', 'q8_7'), 0.005129896087396446), (('q2_6', 'q3_6'), 0.006493959743910482), (('q6_1', 'q7_1'), 0.007503240296546837), (('q7_7', 'q7_8'), 0.004885096723066168), (('q6_9', 'q7_9'), 0.010686035712118874), (('q8_3', 'q8_4'), 0.009698487084835866))","(('q1_4', 0.000657493588236191), ('q1_5', 0.0007455591399083139), ('q2_3', 0.0008796625923310208), ('q2_4', 0.0008692415341582937), ('q2_5', 0.0009118457751973175), ('q2_6', 0.0007017292069517733), ('q2_7', 0.000722276791326526), ('q3_2', 0.0006159443563014677), ('q3_3', 0.00037243292568056585), ('q3_4', 0.0005939100664270058), ('q3_5', 0.000680926249687297), ('q3_6', 0.0008191304268667654), ('q3_7', 0.000877244502252239), ('q4_1', 0.0005956097187814757), ('q4_2', 0.000616891731002045), ('q4_3', 0.000684273102415367), ('q4_4', 0.0005881949022034094), ('q4_6', 0.0012473058897414235), ('q4_7', 0.0018968725767076755), ('q5_0', 0.0008650858360834679), ('q5_1', 0.0005804672329467464), ('q5_2', 0.0006102727425200127), ('q5_3', 0.0006876598346742258), ('q5_4', 0.0005320043816031128), ('q5_5', 0.0006590166190614255), ('q5_6', 0.00048147588098257366), ('q5_7', 0.0013540567004854398), ('q5_8', 0.0011803682346541167), ('q5_9', 0.0009845300852039385), ('q6_0', 0.0006374806298443114), ('q6_1', 0.001033576378666412), ('q6_2', 0.0009720146744104374), ('q6_3', 0.0013185483293078892), ('q6_4', 0.0008614058133472047), ('q6_5', 0.0012753680172282178), ('q6_6', 0.0012222344717398026), ('q6_7', 0.0010735869022647226), ('q6_8', 0.000674449941776234), ('q6_9', 0.0012772524329500712), ('q7_1', 0.000868982497665316), ('q7_2', 0.0007594360071849771), ('q7_3', 0.0013663426867764894), ('q7_4', 0.000548467037639222), ('q7_5', 0.0008151161560963072), ('q7_6', 0.0005486348657768314), ('q7_7', 0.0005655969910295933), ('q7_8', 0.0008947972524274705), ('q7_9', 0.0010608666489101415), ('q8_2', 0.0011544084245082575), ('q8_3', 0.0007079763081382362), ('q8_4', 0.001098403619102739), ('q8_5', 0.0009600647922510808), ('q8_6', 0.002736041907542841), ('q8_7', 0.0005427003574929312), ('q8_8', 0.0015878296861703278), ('q9_4', 0.0005828956941181795), ('q9_5', 0.0009738003252010019), ('q9_6', 0.0010014569852322963), ('q9_7', 0.00048025445260813093), ('q10_4', 0.0006878596874718701), ('q10_5', 0.0006999605408589127), ('q10_6', 0.0007853431237873632))","(('q1_4', 5.749999999999587), ('q1_5', 6.004098887078631), ('q2_3', 6.093999999999549), ('q2_4', 6.156549472011346), ('q2_5', 5.839345121401048), ('q2_6', 6.1805150097245685), ('q2_7', 6.136527757951158), ('q3_2', 5.965307767781673), ('q3_3', 5.859999999999575), ('q3_4', 5.943065427839919), ('q3_5', 5.749999999999587), ('q3_6', 6.044069056764128), ('q3_7', 5.819674067231979), ('q4_1', 5.8605834044639), ('q4_2', 6.195353723120138), ('q4_3', 6.029999999999556), ('q4_4', 6.087806247899616), ('q4_6', 5.607999999999603), ('q4_7', 6.153811064200473), ('q5_0', 5.556255032888229), ('q5_1', 5.7807986835933285), ('q5_2', 5.990510856424894), ('q5_3', 5.6459999999995985), ('q5_4', 5.877273465378894), ('q5_5', 5.936417311627888), ('q5_6', 6.034510014141001), ('q5_7', 5.997693189607292), ('q5_8', 5.746634380708595), ('q5_9', 5.893263165146521), ('q6_0', 5.965999999999563), ('q6_1', 5.903985688515345), ('q6_2', 5.609329853343498), ('q6_3', 5.839999999999577), ('q6_4', 6.176147891493623), ('q6_5', 5.9695691726365885), ('q6_6', 6.110930268950474), ('q6_7', 5.905732458755296), ('q6_8', 5.954386546561996), ('q6_9', 6.195056450086982), ('q7_1', 6.095999999999549), ('q7_2', 5.767999999999585), ('q7_3', 6.077999999999551), ('q7_4', 5.729999999999589), ('q7_5', 6.063999999999552), ('q7_6', 5.870519883897383), ('q7_7', 6.011559148058089), ('q7_8', 5.769999999999585), ('q7_9', 6.147999999999543), ('q8_2', 5.681601430918141), ('q8_3', 5.885999999999572), ('q8_4', 5.938418583984494), ('q8_5', 5.960445795004493), ('q8_6', 6.192747639690283), ('q8_7', 5.9561969779452), ('q8_8', 6.192440844079554), ('q9_4', 6.097999999999549), ('q9_5', 5.782660342339042), ('q9_6', 6.0344421887515995), ('q9_7', 5.805019302080641), ('q10_4', 5.90399999999957), ('q10_5', 5.715934213121019), ('q10_6', 5.621762121563243))","((('q8_7', 'q9_7'), 5.9076409511602845), (('q3_3', 'q4_3'), 5.863999999999574), (('q8_4', 'q8_5'), 5.814858708998727), (('q7_8', 'q8_8'), 6.063135958239692), (('q5_9', 'q6_9'), 6.025709634078465), (('q3_6', 'q4_6'), 5.870953660047217), (('q5_2', 'q5_3'), 5.826922471203881), (('q8_2', 'q8_3'), 5.815849189199635), (('q6_7', 'q6_8'), 5.849680444248102), (('q7_6', 'q8_6'), 6.089502274607155), (('q2_5', 'q2_6'), 6.044596833168872), (('q5_3', 'q6_3'), 5.801999999999581), (('q5_3', 'q5_4'), 5.909216166745133), (('q6_6', 'q7_6'), 6.037996997563448), (('q2_3', 'q3_3'), 5.947999999999565), (('q3_4', 'q4_4'), 5.945136095742913), (('q8_4', 'q9_4'), 6.045999999999554), (('q6_5', 'q6_6'), 6.043150297804704), (('q6_3', 'q6_4'), 6.071571906069822), (('q2_4', 'q3_4'), 5.9716783061275684), (('q5_0', 'q6_0'), 5.790763934910646), (('q8_6', 'q9_6'), 6.091999999999549), (('q5_6', 'q6_6'), 6.0428634390460365), (('q6_4', 'q7_4'), 6.019780277638904), (('q1_5', 'q2_5'), 5.868760790579475), (('q6_0', 'q6_1'), 5.821999999999579), (('q5_7', 'q6_7'), 5.885999999999572), (('q8_5', 'q9_5'), 5.933999999999567), (('q3_2', 'q4_2'), 6.057173321883677), (('q4_1', 'q4_2'), 6.022225406676523), (('q6_4', 'q6_5'), 6.0981524359481165), (('q9_6', 'q9_7'), 5.896482980112744), (('q5_4', 'q5_5'), 5.881785342997352), (('q6_2', 'q7_2'), 5.75103672477717), (('q9_6', 'q10_6'), 5.82797912269345), (('q5_4', 'q6_4'), 6.051564629155666), (('q7_5', 'q7_6'), 5.955836123441473), (('q6_6', 'q6_7'), 6.0398358464920845), (('q4_1', 'q5_1'), 5.684666541730848), (('q5_1', 'q5_2'), 5.826828581692689), (('q5_5', 'q6_5'), 6.115854244069841), (('q7_3', 'q8_3'), 5.929999999999567), (('q6_5', 'q7_5'), 5.961804754925797), (('q6_8', 'q6_9'), 6.078278569600838), (('q7_2', 'q7_3'), 5.927999999999567), (('q6_1', 'q6_2'), 5.741321848430771), (('q9_5', 'q10_5'), 5.879999999999573), (('q7_6', 'q7_7'), 5.926805384709312), (('q5_5', 'q5_6'), 5.939992448075318), (('q10_5', 'q10_6'), 5.779341329465569), (('q5_8', 'q6_8'), 5.890861011742255), (('q3_7', 'q4_7'), 5.959694816142051), (('q5_0', 'q5_1'), 5.65163488448985), (('q4_6', 'q4_7'), 6.045934765805619), (('q1_4', 'q2_4'), 5.857999999999575), (('q2_4', 'q2_5'), 5.970583104815652), (('q4_6', 'q5_6'), 5.755999999999586), (('q4_3', 'q5_3'), 5.859999999999575), (('q6_2', 'q6_3'), 5.757037604068695), (('q9_4', 'q9_5'), 5.953616589875676), (('q4_7', 'q5_7'), 6.0706926566857415), (('q5_2', 'q6_2'), 5.761170982435619), (('q1_4', 'q1_5'), 5.868700224881919), (('q4_4', 'q5_4'), 5.938632336120841), (('q7_2', 'q8_2'), 5.785503059082851), (('q7_4', 'q8_4'), 5.837538734037589), (('q2_6', 'q2_7'), 6.0589425226711535), (('q8_7', 'q8_8'), 6.066665683421669), (('q2_3', 'q2_4'), 5.969755287908813), (('q6_8', 'q7_8'), 5.820154773699861), (('q7_8', 'q7_9'), 6.149999999999543), (('q6_7', 'q7_7'), 5.926036112474364), (('q3_6', 'q3_7'), 5.945872469320783), (('q10_4', 'q10_5'), 5.824361718999587), (('q2_5', 'q3_5'), 5.772291560078323), (('q4_2', 'q5_2'), 6.022728062171223), (('q9_5', 'q9_6'), 5.9245747205775094), (('q3_5', 'q3_6'), 5.884441367428878), (('q5_6', 'q5_7'), 5.939908777350113), (('q7_3', 'q7_4'), 5.9179999999995685), (('q4_2', 'q4_3'), 6.057706385976331), (('q5_7', 'q5_8'), 5.867616734469886), (('q8_5', 'q8_6'), 6.058172021244147), (('q2_7', 'q3_7'), 6.000781914428076), (('q9_4', 'q10_4'), 6.037999999999555), (('q8_6', 'q8_7'), 6.124830607372203), (('q5_8', 'q5_9'), 5.759995716079713), (('q5_1', 'q6_1'), 5.904751515063767), (('q7_5', 'q8_5'), 5.936732438664412), (('q7_4', 'q7_5'), 5.90599999999957), (('q3_2', 'q3_3'), 5.860279507774414), (('q4_3', 'q4_4'), 5.945705220626168), (('q3_3', 'q3_4'), 5.890919738596032), (('q3_4', 'q3_5'), 5.843999999999577), (('q6_3', 'q7_3'), 5.927999999999567), (('q7_1', 'q7_2'), 5.931999999999567), (('q7_7', 'q8_7'), 5.920932296230408), (('q2_6', 'q3_6'), 6.074777333867758), (('q6_1', 'q7_1'), 5.926889948048422), (('q7_7', 'q7_8'), 5.920806032325873), (('q6_9', 'q7_9'), 6.085168768895639), (('q8_3', 'q8_4'), 5.829312002919639))",0
Optimized,68,2,"((('q2_3', 'q3_3'), 0.0039652670011969815), (('q6_3', 'q6_4'), 0.004753940534615253), (('q5_6', 'q6_6'), 0.008896087820913084), (('q8_4', 'q8_5'), 0.00635086944280655), (('q7_6', 'q7_7'), 0.0059901617927939355), (('q6_7', 'q7_7'), 0.006295339101093977), (('q5_3', 'q6_3'), 0.005721439581315824), (('q6_9', 'q7_9'), 0.008830584270107356), (('q4_2', 'q5_2'), 0.004692267473225181), (('q0_5', 'q1_5'), 0.007989504025709832), (('q5_6', 'q5_7'), 0.005017119435290651), (('q5_3', 'q5_4'), 0.004091998139250125), (('q1_4', 'q1_5'), 0.009266130361956199), (('q6_7', 'q6_8'), 0.0065105245668756195), (('q4_3', 'q4_4'), 0.006444033536275956), (('q7_1', 'q7_2'), 0.0063084156781813006), (('q9_5', 'q9_6'), 0.005756722574685708), (('q7_8', 'q8_8'), 0.009568229794548688), (('q4_3', 'q5_3'), 0.004295463499571217), (('q7_3', 'q7_4'), 0.0070755950376895915), (('q6_8', 'q6_9'), 0.009879504828649355), (('q6_5', 'q7_5'), 0.005501770666429956), (('q3_3', 'q3_4'), 0.006573309477651584), (('q4_9', 'q5_9'), 0.010919676469534512), (('q10_5', 'q11_5'), 0.01450707073248983), (('q5_1', 'q6_1'), 0.00777657956694397), (('q5_2', 'q5_3'), 0.005230923790090547), (('q5_1', 'q5_2'), 0.006927080401720964), (('q3_2', 'q3_3'), 0.005261391396774118), (('q3_7', 'q3_8'), 0.006852175461910526), (('q8_6', 'q8_7'), 0.007290944216728434), (('q8_5', 'q8_6'), 0.007197124337317645), (('q9_6', 'q10_6'), 0.007195528672552243), (('q2_3', 'q2_4'), 0.004387746160255446), (('q10_4', 'q10_5'), 0.004572674088919343), (('q5_7', 'q6_7'), 0.0051021200705413106), (('q7_5', 'q8_5'), 0.0058156098078612495), (('q3_7', 'q4_7'), 0.006319549696659155), (('q6_5', 'q6_6'), 0.010704129651204985), (('q2_7', 'q3_7'), 0.0060230722052112), (('q3_5', 'q3_6'), 0.008174823611278803), (('q1_4', 'q2_4'), 0.004654185236180108), (('q3_2', 'q4_2'), 0.005154086297428112), (('q8_7', 'q8_8'), 0.0052772447027331915), (('q5_10', 'q6_10'), 0.008285490753901836), (('q5_5', 'q6_5'), 0.0063526368475910755), (('q5_9', 'q5_10'), 0.0065030871136042), (('q2_6', 'q3_6'), 0.006972338883965368), (('q5_2', 'q6_2'), 0.00596791794255036), (('q4_1', 'q4_2'), 0.005738876796169273), (('q2_5', 'q3_5'), 0.0054084365508953736), (('q5_0', 'q6_0'), 0.004974081735423741), (('q2_6', 'q2_7'), 0.008397564129238144), (('q7_5', 'q7_6'), 0.006334692325333374), (('q6_6', 'q6_7'), 0.006835317020483761), (('q6_1', 'q7_1'), 0.006213454754201014), (('q2_5', 'q2_6'), 0.008166645648401416), (('q9_6', 'q9_7'), 0.007875099769989236), (('q6_2', 'q6_3'), 0.007557409058444098), (('q9_4', 'q9_5'), 0.007724496970432232), (('q8_4', 'q9_4'), 0.0069985250080408234), (('q6_6', 'q7_6'), 0.006972426404401183), (('q3_4', 'q4_4'), 0.005063878653169401), (('q7_7', 'q8_7'), 0.004456942145353998), (('q6_4', 'q6_5'), 0.0051444412156950725), (('q3_6', 'q3_7'), 0.005443813937392072), (('q7_3', 'q8_3'), 0.009577633970773353), (('q7_4', 'q7_5'), 0.004591266174285014), (('q7_2', 'q8_2'), 0.006729172779715353), (('q3_3', 'q4_3'), 0.0056291983535178836), (('q5_8', 'q6_8'), 0.007214860145486501), (('q7_7', 'q7_8'), 0.005339261711358956), (('q4_1', 'q5_1'), 0.006373824606325407), (('q5_0', 'q5_1'), 0.004834430673196832), (('q6_2', 'q7_2'), 0.0049263989302216205), (('q4_6', 'q5_6'), 0.00772494154501796), (('q7_8', 'q7_9'), 0.007890960227496996), (('q5_9', 'q6_9'), 0.005314029369229423), (('q1_5', 'q2_5'), 0.005881533264949723), (('q7_2', 'q7_3'), 0.006661243506944997), (('q5_4', 'q6_4'), 0.007299265355985324), (('q6_4', 'q7_4'), 0.006747523098962482), (('q5_5', 'q5_6'), 0.0049994694314411114), (('q7_6', 'q8_6'), 0.012885567990227914), (('q6_1', 'q6_2'), 0.006330439022459972), (('q6_0', 'q6_1'), 0.005598431706658358), (('q8_6', 'q9_6'), 0.005480232161713533), (('q8_5', 'q9_5'), 0.006820769490815698), (('q7_4', 'q8_4'), 0.005637388050496961), (('q3_4', 'q3_5'), 0.007504163804762154), (('q8_7', 'q9_7'), 0.006650551303900465), (('q2_4', 'q3_4'), 0.004208052718274152), (('q3_6', 'q4_6'), 0.00870869822268966), (('q6_9', 'q6_10'), 0.009364823308331854), (('q9_4', 'q10_4'), 0.006843936529308703), (('q5_7', 'q5_8'), 0.0045625675189157056), (('q4_4', 'q5_4'), 0.005405914577538973), (('q5_4', 'q5_5'), 0.006940389048432388), (('q10_5', 'q10_6'), 0.007608342686926867), (('q5_8', 'q5_9'), 0.0056300603832112606), (('q6_3', 'q7_3'), 0.00721631238657347), (('q4_7', 'q5_7'), 0.00539436087541062), (('q8_3', 'q8_4'), 0.008248718429104518), (('q4_6', 'q4_7'), 0.00659111805220286), (('q8_2', 'q8_3'), 0.01019374338212442), (('q9_5', 'q10_5'), 0.0042404232056250935), (('q2_4', 'q2_5'), 0.006401162456990128), (('q6_8', 'q7_8'), 0.005014427941155253), (('q4_2', 'q4_3'), 0.004294492948182793))","(('q0_5', 0.0007708471063068711), ('q1_4', 0.0005574546961436555), ('q1_5', 0.002175764112727019), ('q2_3', 0.0005073389649931648), ('q2_4', 0.0006157483218499071), ('q2_5', 0.000787889735831715), ('q2_6', 0.0011189398895141145), ('q2_7', 0.001663058016268093), ('q3_2', 0.0012007076417467344), ('q3_3', 0.0006120869663410744), ('q3_4', 0.001127182957881001), ('q3_5', 0.0005911501843953171), ('q3_6', 0.0008805015169051633), ('q3_7', 0.000726045550077381), ('q3_8', 0.0005885922403113253), ('q4_1', 0.0007467436443239772), ('q4_2', 0.0006915822286196471), ('q4_3', 0.0005149701449774224), ('q4_4', 0.0007351700952518136), ('q4_6', 0.001157121885374257), ('q4_7', 0.0010162493449553667), ('q4_9', 0.004644185997754735), ('q5_0', 0.0008142275903181284), ('q5_1', 0.000875844964896233), ('q5_2', 0.0006400040794959372), ('q5_3', 0.0005686735193126125), ('q5_4', 0.0003444353738729644), ('q5_5', 0.000678565493101857), ('q5_6', 0.0004460840450419834), ('q5_7', 0.0007171455853458575), ('q5_8', 0.0006249456905860762), ('q5_9', 0.0007535132229994357), ('q5_10', 0.0009975456149479145), ('q6_0', 0.0006740240737744263), ('q6_1', 0.0007780533366483766), ('q6_2', 0.0006871448467863361), ('q6_3', 0.0006299811653289189), ('q6_4', 0.000904111031788335), ('q6_5', 0.0009512353307323251), ('q6_6', 0.0009553931076795585), ('q6_7', 0.0005540908774682163), ('q6_8', 0.0011596209156171655), ('q6_9', 0.0010731927884599646), ('q6_10', 0.001994253486799713), ('q7_1', 0.0008181142196962421), ('q7_2', 0.0004480332268027021), ('q7_3', 0.0015551249778442133), ('q7_4', 0.000511290424185018), ('q7_5', 0.0005536086256273665), ('q7_6', 0.0007659532565715832), ('q7_7', 0.0005846030567754346), ('q7_8', 0.0015845393055810009), ('q7_9', 0.0005884283824525993), ('q8_2', 0.0008655291128376041), ('q8_3', 0.001857515330315751), ('q8_4', 0.000587526906805913), ('q8_5', 0.0008240464954838433), ('q8_6', 0.0009457888083417298), ('q8_7', 0.000523747809955788), ('q8_8', 0.0005111907622007417), ('q9_4', 0.0008520059916440892), ('q9_5', 0.0008982125105766459), ('q9_6', 0.0012692392624330529), ('q9_7', 0.000494147530882949), ('q10_4', 0.001972942026772173), ('q10_5', 0.0004470593035123538), ('q10_6', 0.000910214852473834), ('q11_5', 0.0009089049048964792))","(('q0_5', 6.011999999999558), ('q1_4', 5.88363839596154), ('q1_5', 5.671999999999596), ('q2_3', 5.825511357525339), ('q2_4', 6.111809649602615), ('q2_5', 5.991639206591786), ('q2_6', 5.8145447413068405), ('q2_7', 6.26399999999953), ('q3_2', 5.935307842506621), ('q3_3', 5.693400442175983), ('q3_4', 5.902194920592557), ('q3_5', 5.765999999999585), ('q3_6', 6.1140690584884565), ('q3_7', 5.90399999999957), ('q3_8', 5.749999999999587), ('q4_1', 5.644583411821723), ('q4_2', 6.125353714968998), ('q4_3', 5.733327537336707), ('q4_4', 6.105999999999548), ('q4_6', 5.9331491407652015), ('q4_7', 6.231999999999534), ('q4_9', 6.247999999999532), ('q5_0', 6.048254255784507), ('q5_1', 5.762879852209142), ('q5_2', 5.82198121549573), ('q5_3', 6.038933942611511), ('q5_4', 5.827250271045043), ('q5_5', 6.040184728164525), ('q5_6', 5.812507668725762), ('q5_7', 5.99366631596514), ('q5_8', 5.801999999999581), ('q5_9', 5.93156080326143), ('q5_10', 6.072065672587912), ('q6_0', 5.8179999999995795), ('q6_1', 5.941999999999566), ('q6_2', 5.623999999999601), ('q6_3', 5.931999999999567), ('q6_4', 6.215999999999536), ('q6_5', 5.90399999999957), ('q6_6', 6.209999999999536), ('q6_7', 5.883999999999572), ('q6_8', 6.1179999999995465), ('q6_9', 6.223999999999535), ('q6_10', 6.261999999999531), ('q7_1', 6.029608578446237), ('q7_2', 5.844301408864776), ('q7_3', 6.041745180240903), ('q7_4', 5.812839638083204), ('q7_5', 6.120989990779558), ('q7_6', 5.784733531754667), ('q7_7', 6.089554861675749), ('q7_8', 5.793999999999582), ('q7_9', 5.933569075508909), ('q8_2', 5.691598807984845), ('q8_3', 5.90639302112025), ('q8_4', 5.662318364427587), ('q8_5', 5.748312565466271), ('q8_6', 6.194747590971534), ('q8_7', 5.854871029211323), ('q8_8', 6.1719999999995405), ('q9_4', 6.110322141952121), ('q9_5', 6.040041002148417), ('q9_6', 5.898440550376314), ('q9_7', 6.045999999999554), ('q10_4', 5.932561196338424), ('q10_5', 5.746467538875695), ('q10_6', 6.1539999999995425), ('q11_5', 6.067999999999552))","((('q2_3', 'q3_3'), 5.823559275000406), (('q6_3', 'q6_4'), 6.069999999999552), (('q5_6', 'q6_6'), 6.008534416755116), (('q8_4', 'q8_5'), 5.771776641844522), (('q7_6', 'q7_7'), 5.904686976978152), (('q6_7', 'q7_7'), 5.879622263799649), (('q5_3', 'q6_3'), 5.888152169060554), (('q6_9', 'q7_9'), 6.085536308072074), (('q4_2', 'q5_2'), 5.971761218932674), (('q0_5', 'q1_5'), 5.857999999999575), (('q5_6', 'q5_7'), 5.890518844943366), (('q5_3', 'q5_4'), 5.894324700795084), (('q1_4', 'q1_5'), 5.810839244448719), (('q6_7', 'q6_8'), 5.9719999999995625), (('q4_3', 'q4_4'), 5.947203133598951), (('q7_1', 'q7_2'), 5.843078143170089), (('q9_5', 'q9_6'), 5.878461640281332), (('q7_8', 'q8_8'), 6.005999999999559), (('q4_3', 'q5_3'), 5.861199687985915), (('q7_3', 'q7_4'), 5.924526446480641), (('q6_8', 'q6_9'), 6.08399999999955), (('q6_5', 'q7_5'), 5.899838767196284), (('q3_3', 'q3_4'), 5.820851716615677), (('q4_9', 'q5_9'), 6.08599999999955), (('q10_5', 'q11_5'), 5.911999999999569), (('q5_1', 'q6_1'), 5.899431909079467), (('q5_2', 'q5_3'), 5.872713973245088), (('q5_1', 'q5_2'), 5.82951092361297), (('q3_2', 'q3_3'), 5.846828213738139), (('q3_7', 'q3_8'), 5.90799999999957), (('q8_6', 'q8_7'), 6.0768148077855795), (('q8_5', 'q8_6'), 6.068620903640671), (('q9_6', 'q10_6'), 6.0179999999995575), (('q2_3', 'q2_4'), 5.971360726620789), (('q10_4', 'q10_5'), 5.811165455959716), (('q5_7', 'q6_7'), 5.872847927303749), (('q7_5', 'q8_5'), 5.928134594443384), (('q3_7', 'q4_7'), 6.033999999999556), (('q6_5', 'q6_6'), 6.025999999999557), (('q2_7', 'q3_7'), 6.133999999999545), (('q3_5', 'q3_6'), 5.969999999999563), (('q1_4', 'q2_4'), 5.980252325044292), (('q3_2', 'q4_2'), 5.971777027798942), (('q8_7', 'q8_8'), 6.018580456484388), (('q5_10', 'q6_10'), 6.18823314700391), (('q5_5', 'q6_5'), 5.93425165284853), (('q5_9', 'q5_10'), 5.993034880657514), (('q2_6', 'q3_6'), 5.948569108455944), (('q5_2', 'q6_2'), 5.745168470112333), (('q4_1', 'q4_2'), 5.978739864137404), (('q2_5', 'q3_5'), 5.896597997873398), (('q5_0', 'q6_0'), 5.821089155882273), (('q2_6', 'q2_7'), 6.081113602314372), (('q7_5', 'q7_6'), 5.925994897642154), (('q6_6', 'q6_7'), 6.0179999999995575), (('q6_1', 'q7_1'), 5.935972831141047), (('q2_5', 'q2_6'), 5.914017566668153), (('q9_6', 'q9_7'), 5.919183233518743), (('q6_2', 'q6_3'), 5.757999999999586), (('q9_4', 'q9_5'), 5.995020037204685), (('q8_4', 'q9_4'), 6.014856637005393), (('q6_6', 'q7_6'), 6.0255399255594995), (('q3_4', 'q4_4'), 5.946652626251459), (('q7_7', 'q8_7'), 5.9055936429092775), (('q6_4', 'q6_5'), 6.08399999999955), (('q3_6', 'q3_7'), 6.011196836005828), (('q7_3', 'q8_3'), 5.938303010618574), (('q7_4', 'q7_5'), 5.932442481410108), (('q7_2', 'q8_2'), 5.812745475689843), (('q3_3', 'q4_3'), 5.801805805585134), (('q5_8', 'q6_8'), 5.963999999999563), (('q7_7', 'q7_8'), 5.924431896423606), (('q4_1', 'q5_1'), 5.6198432548610215), (('q5_0', 'q5_1'), 5.895873089611357), (('q6_2', 'q7_2'), 5.772176664931953), (('q4_6', 'q5_6'), 5.847972626462444), (('q7_8', 'q7_9'), 5.8417461126643175), (('q5_9', 'q6_9'), 6.078509434267901), (('q1_5', 'q2_5'), 5.803999999999581), (('q7_2', 'q7_3'), 5.92729475981752), (('q5_4', 'q6_4'), 6.06611646067235), (('q6_4', 'q7_4'), 6.069230281020208), (('q5_5', 'q5_6'), 5.9249644056680815), (('q7_6', 'q8_6'), 6.035360522160844), (('q6_1', 'q6_2'), 5.761999999999586), (('q6_0', 'q6_1'), 5.931999999999567), (('q8_6', 'q9_6'), 6.068450302738904), (('q8_5', 'q9_5'), 5.869615260220257), (('q7_4', 'q8_4'), 5.746565665909148), (('q3_4', 'q3_5'), 5.835781999703217), (('q8_7', 'q9_7'), 5.909999999999569), (('q2_4', 'q3_4'), 5.9713255837057355), (('q3_6', 'q4_6'), 5.976253212833333), (('q6_9', 'q6_10'), 6.187999999999539), (('q9_4', 'q10_4'), 6.001548664501304), (('q5_7', 'q5_8'), 5.891523878421645), (('q4_4', 'q5_4'), 5.945999999999565), (('q5_4', 'q5_5'), 5.933144105738372), (('q10_5', 'q10_6'), 6.018387233963695), (('q5_8', 'q5_9'), 5.8027272183526355), (('q6_3', 'q7_3'), 5.903297191664133), (('q4_7', 'q5_7'), 6.073999999999551), (('q8_3', 'q8_4'), 5.802925110810401), (('q4_6', 'q4_7'), 6.069557470400881), (('q8_2', 'q8_3'), 5.8028343270398315), (('q9_5', 'q10_5'), 5.8771561049155725), (('q2_4', 'q2_5'), 5.911136055858099), (('q6_8', 'q7_8'), 5.9719999999995625), (('q4_2', 'q4_3'), 5.981496539662398))",0
Stitched,68,2,"((('q8_7', 'q9_7'), 0.007367866529144507), (('q3_3', 'q4_3'), 0.009436807099453437), (('q8_4', 'q8_5'), 0.005650965363469207), (('q7_8', 'q8_8'), 0.0047265227135608046), (('q5_9', 'q6_9'), 0.007725070721508964), (('q3_6', 'q4_6'), 0.004961182679814852), (('q5_2', 'q5_3'), 0.005716285767094764), (('q8_2', 'q8_3'), 0.006779219464133346), (('q6_7', 'q6_8'), 0.0068403968983995755), (('q6_9', 'q6_10'), 0.006173892607212017), (('q7_6', 'q8_6'), 0.007326467988455904), (('q2_5', 'q2_6'), 0.008038374370753831), (('q0_5', 'q1_5'), 0.007440426858089572), (('q5_3', 'q6_3'), 0.007849193703875268), (('q5_3', 'q5_4'), 0.0065515238558922495), (('q6_6', 'q7_6'), 0.00683757265475371), (('q2_3', 'q3_3'), 0.006336975641354714), (('q3_4', 'q4_4'), 0.005600966319114775), (('q8_4', 'q9_4'), 0.0057484492220356564), (('q6_5', 'q6_6'), 0.007333538716224691), (('q6_3', 'q6_4'), 0.00779466089138775), (('q2_4', 'q3_4'), 0.005829197317269358), (('q5_0', 'q6_0'), 0.004858308131479833), (('q8_6', 'q9_6'), 0.005122150760530159), (('q5_6', 'q6_6'), 0.00765624852643193), (('q6_4', 'q7_4'), 0.008095414589013028), (('q1_5', 'q2_5'), 0.00628389203709645), (('q6_0', 'q6_1'), 0.004965400028117267), (('q5_7', 'q6_7'), 0.005495590575517184), (('q8_5', 'q9_5'), 0.011460550834538202), (('q3_2', 'q4_2'), 0.006910376294446324), (('q4_1', 'q4_2'), 0.008900504950512256), (('q6_4', 'q6_5'), 0.008596951405513198), (('q9_6', 'q9_7'), 0.005557265435160719), (('q5_4', 'q5_5'), 0.007568149466616103), (('q6_2', 'q7_2'), 0.006783897350243984), (('q9_6', 'q10_6'), 0.006427230432493242), (('q5_4', 'q6_4'), 0.0077159531691726735), (('q7_5', 'q7_6'), 0.006069722532515476), (('q6_6', 'q6_7'), 0.00754138093947504), (('q4_1', 'q5_1'), 0.004655459817060448), (('q5_1', 'q5_2'), 0.006146963172016323), (('q5_5', 'q6_5'), 0.006164766746661776), (('q7_3', 'q8_3'), 0.010580666128697902), (('q5_9', 'q5_10'), 0.005921890061365148), (('q6_5', 'q7_5'), 0.009369106217481687), (('q6_8', 'q6_9'), 0.008424789761172058), (('q7_2', 'q7_3'), 0.005533403654388924), (('q6_1', 'q6_2'), 0.006799071576033711), (('q9_5', 'q10_5'), 0.010842719480812862), (('q7_6', 'q7_7'), 0.00717498355341295), (('q5_5', 'q5_6'), 0.009365562606189703), (('q4_9', 'q5_9'), 0.0075114792266117725), (('q10_5', 'q10_6'), 0.005970213352872844), (('q5_8', 'q6_8'), 0.007198544975625221), (('q3_7', 'q4_7'), 0.005407809033228961), (('q5_0', 'q5_1'), 0.006326163714996502), (('q4_6', 'q4_7'), 0.006237826008705677), (('q1_4', 'q2_4'), 0.004956157520124405), (('q2_4', 'q2_5'), 0.0047111992545926795), (('q4_6', 'q5_6'), 0.006418897931222023), (('q4_3', 'q5_3'), 0.006927194734815623), (('q6_2', 'q6_3'), 0.008747615881037285), (('q9_4', 'q9_5'), 0.005095419658197015), (('q4_7', 'q5_7'), 0.005288439444571885), (('q5_2', 'q6_2'), 0.005493323922252269), (('q3_7', 'q3_8'), 0.010455007677648731), (('q1_4', 'q1_5'), 0.005120010648496071), (('q4_4', 'q5_4'), 0.005290301485826071), (('q7_2', 'q8_2'), 0.005617046782405044), (('q7_4', 'q8_4'), 0.006541103754214239), (('q2_6', 'q2_7'), 0.020562869340339796), (('q8_7', 'q8_8'), 0.005778332135104786), (('q2_3', 'q2_4'), 0.004317840994607858), (('q6_8', 'q7_8'), 0.004993238723318916), (('q7_8', 'q7_9'), 0.006316535882078422), (('q6_7', 'q7_7'), 0.0069762331387183685), (('q3_6', 'q3_7'), 0.007053839908077231), (('q10_4', 'q10_5'), 0.00602335282097316), (('q2_5', 'q3_5'), 0.00598172965715571), (('q4_2', 'q5_2'), 0.007758801121514558), (('q9_5', 'q9_6'), 0.006631329699169741), (('q3_5', 'q3_6'), 0.008628180063930402), (('q5_6', 'q5_7'), 0.0064541119848318396), (('q7_3', 'q7_4'), 0.00658069713387785), (('q4_2', 'q4_3'), 0.007895494684097781), (('q5_7', 'q5_8'), 0.005238329177798012), (('q8_5', 'q8_6'), 0.006441453355125304), (('q2_7', 'q3_7'), 0.006165646337187192), (('q9_4', 'q10_4'), 0.005201174380195933), (('q8_6', 'q8_7'), 0.009919645682227085), (('q5_8', 'q5_9'), 0.009293122495737882), (('q5_1', 'q6_1'), 0.0049332057054848055), (('q7_5', 'q8_5'), 0.005728091008227326), (('q7_4', 'q7_5'), 0.008623220632656081), (('q3_2', 'q3_3'), 0.0042137483841983014), (('q4_3', 'q4_4'), 0.004615815214209229), (('q3_3', 'q3_4'), 0.006782365637221399), (('q5_10', 'q6_10'), 0.004478814628071426), (('q3_4', 'q3_5'), 0.006484880706023738), (('q6_3', 'q7_3'), 0.010182782761833875), (('q7_1', 'q7_2'), 0.0052461321051251175), (('q7_7', 'q8_7'), 0.004847531032564967), (('q2_6', 'q3_6'), 0.01058962974078223), (('q6_1', 'q7_1'), 0.004881852509804718), (('q7_7', 'q7_8'), 0.005165001199411434), (('q6_9', 'q7_9'), 0.005614100339319694), (('q8_3', 'q8_4'), 0.0060564972631133585), (('q10_5', 'q11_5'), 0.02012003223944711))","(('q0_5', 0.0006422877290824247), ('q1_4', 0.000828910466209476), ('q1_5', 0.00130264343173625), ('q2_3', 0.0005722023324603587), ('q2_4', 0.0006750644383571869), ('q2_5', 0.0010004146652448087), ('q2_6', 0.0013010664082689916), ('q2_7', 0.0010924066051423709), ('q3_2', 0.0006065183216856229), ('q3_3', 0.0007724212291267962), ('q3_4', 0.0007506807784685154), ('q3_5', 0.0008014995075288356), ('q3_6', 0.001011417614607657), ('q3_7', 0.0014252675418161553), ('q3_8', 0.0005715656080521603), ('q4_1', 0.0004455477007317965), ('q4_2', 0.0008438274927634604), ('q4_3', 0.0006559918224257055), ('q4_4', 0.000599229380573163), ('q4_6', 0.0008523084042609819), ('q4_7', 0.0007338312508780587), ('q4_9', 0.0007163493255030184), ('q5_0', 0.0005544109625940652), ('q5_1', 0.00040698266266869787), ('q5_2', 0.0011979306565098602), ('q5_3', 0.000612200404675245), ('q5_4', 0.0005688050918672416), ('q5_5', 0.0007811705596561525), ('q5_6', 0.0007993637064153125), ('q5_7', 0.0005975133536597621), ('q5_8', 0.0009370896815786289), ('q5_9', 0.0017314074183747974), ('q5_10', 0.0007482236481016757), ('q6_0', 0.0004720305953197501), ('q6_1', 0.0006376953572591049), ('q6_2', 0.0006578923296335359), ('q6_3', 0.0011539003889877164), ('q6_4', 0.0015340044292833643), ('q6_5', 0.0006159384168672455), ('q6_6', 0.0006393941705900019), ('q6_7', 0.0006713558518740559), ('q6_8', 0.0008395206069507499), ('q6_9', 0.0008794281188854169), ('q6_10', 0.0009253610867419604), ('q7_1', 0.0007911223964313097), ('q7_2', 0.000681745955170121), ('q7_3', 0.0010231497696729375), ('q7_4', 0.00041597950887306556), ('q7_5', 0.0007073887178904448), ('q7_6', 0.0006279692362642364), ('q7_7', 0.000564872557576257), ('q7_8', 0.0009637820296756194), ('q7_9', 0.0004377748832805617), ('q8_2', 0.0009231391869152228), ('q8_3', 0.0006354204290844323), ('q8_4', 0.0021640310281482167), ('q8_5', 0.0009791710120906627), ('q8_6', 0.0005219636583646547), ('q8_7', 0.00048473987261676843), ('q8_8', 0.00046269429561129893), ('q9_4', 0.0008594507470258139), ('q9_5', 0.0008756193063136353), ('q9_6', 0.0008564213245624286), ('q9_7', 0.0008123194423482749), ('q10_4', 0.0006036679847696846), ('q10_5', 0.003232405750822287), ('q10_6', 0.0006325657032258958), ('q11_5', 0.0030831673411437777))","(('q0_5', 6.0899999999995496), ('q1_4', 5.963999999999563), ('q1_5', 5.984141511230213), ('q2_3', 5.807999999999581), ('q2_4', 6.129999999999545), ('q2_5', 6.021623436557517), ('q2_6', 5.830576640334739), ('q2_7', 6.127927458156548), ('q3_2', 5.975999999999562), ('q3_3', 5.73650200010155), ('q3_4', 5.929999999999567), ('q3_5', 5.697326748445769), ('q3_6', 6.072069054793352), ('q3_7', 5.891999999999571), ('q3_8', 6.0539999999995535), ('q4_1', 5.879999999999573), ('q4_2', 6.2072714595419125), ('q4_3', 5.874054318064047), ('q4_4', 6.073999999999551), ('q4_6', 5.845164354005542), ('q4_7', 5.710629841773187), ('q4_9', 5.90799999999957), ('q5_0', 5.7359999999995885), ('q5_1', 5.5768734564230575), ('q5_2', 5.761977849678811), ('q5_3', 5.992948810733185), ('q5_4', 5.755999999999586), ('q5_5', 5.980417309694906), ('q5_6', 5.67050767028763), ('q5_7', 6.007999999999559), ('q5_8', 5.800619970143732), ('q5_9', 5.751263444851777), ('q5_10', 6.08605720754424), ('q6_0', 5.902587199571308), ('q6_1', 6.063981522627641), ('q6_2', 5.655314213290207), ('q6_3', 5.833139546090524), ('q6_4', 6.1179999999995465), ('q6_5', 6.201569166599774), ('q6_6', 6.173307674167138), ('q6_7', 5.889999999999572), ('q6_8', 6.1265169527937875), ('q6_9', 5.665147503333698), ('q6_10', 5.866118496527571), ('q7_1', 5.743607625843119), ('q7_2', 5.968298690601971), ('q7_3', 5.7557451534237325), ('q7_4', 5.712447544708327), ('q7_5', 5.8893094326328095), ('q7_6', 5.801999999999581), ('q7_7', 6.095601605293281), ('q7_8', 5.787063954805569), ('q7_9', 6.029999999999556), ('q8_2', 5.671721373615545), ('q8_3', 5.8572649573660645), ('q8_4', 5.661999999999597), ('q8_5', 6.112653490777155), ('q8_6', 6.256747584590254), ('q8_7', 5.754901120457808), ('q8_8', 5.9819999999995614), ('q9_4', 5.987999999999561), ('q9_5', 5.778041002245338), ('q9_6', 5.934824204194747), ('q9_7', 6.177092037703115), ('q10_4', 5.819999999999579), ('q10_5', 5.698754365922798), ('q10_6', 6.121999999999546), ('q11_5', 5.959999999999564))","((('q8_7', 'q9_7'), 5.804712412392228), (('q3_3', 'q4_3'), 5.854339893499375), (('q8_4', 'q8_5'), 5.966953105066464), (('q7_8', 'q8_8'), 5.895999999999571), (('q5_9', 'q6_9'), 5.598916071509424), (('q3_6', 'q4_6'), 5.968009585459196), (('q5_2', 'q5_3'), 5.851272498589045), (('q8_2', 'q8_3'), 5.802561400772501), (('q6_7', 'q6_8'), 5.962056677773154), (('q6_9', 'q6_10'), 5.939449779361423), (('q7_6', 'q8_6'), 6.17399999999954), (('q2_5', 'q2_6'), 5.937785510667022), (('q0_5', 'q1_5'), 5.937216390752183), (('q5_3', 'q6_3'), 5.876104093559864), (('q5_3', 'q5_4'), 5.8774953448237355), (('q6_6', 'q7_6'), 5.986243405550302), (('q2_3', 'q3_3'), 5.8873133598925005), (('q3_4', 'q4_4'), 5.945999999999565), (('q8_4', 'q9_4'), 5.841999999999577), (('q6_5', 'q6_6'), 6.110254051812831), (('q6_3', 'q6_4'), 5.996013102378278), (('q2_4', 'q3_4'), 5.99799999999956), (('q5_0', 'q6_0'), 5.801608315874579), (('q8_6', 'q9_6'), 6.150997492801565), (('q5_6', 'q6_6'), 6.037999999999555), (('q6_4', 'q7_4'), 6.035454816937865), (('q1_5', 'q2_5'), 5.922810553856394), (('q6_0', 'q6_1'), 5.966283426816017), (('q5_7', 'q6_7'), 5.891999999999571), (('q8_5', 'q9_5'), 5.913060377268917), (('q3_2', 'q4_2'), 6.03608287325148), (('q4_1', 'q4_2'), 5.977999999999562), (('q6_4', 'q6_5'), 6.067089413921166), (('q9_6', 'q9_7'), 5.996662245477891), (('q5_4', 'q5_5'), 5.87458807308011), (('q6_2', 'q7_2'), 5.774144861651417), (('q9_6', 'q10_6'), 5.915553314068219), (('q5_4', 'q6_4'), 6.005999999999559), (('q7_5', 'q7_6'), 5.863826667609713), (('q6_6', 'q6_7'), 6.006097633520758), (('q4_1', 'q5_1'), 5.6921379155222755), (('q5_1', 'q5_2'), 5.6571688644767), (('q5_5', 'q6_5'), 6.1226759948132505), (('q7_3', 'q8_3'), 5.681961519950436), (('q5_9', 'q5_10'), 5.897271054324931), (('q6_5', 'q7_5'), 5.921065914791386), (('q6_8', 'q6_9'), 5.801943424672987), (('q7_2', 'q7_3'), 5.911148182066649), (('q6_1', 'q6_2'), 5.775320701752521), (('q9_5', 'q10_5'), 5.803476023442346), (('q7_6', 'q7_7'), 5.9827017655441495), (('q5_5', 'q5_6'), 5.685551837662864), (('q4_9', 'q5_9'), 5.871999999999574), (('q10_5', 'q10_6'), 5.810589192229423), (('q5_8', 'q6_8'), 5.96460666466058), (('q3_7', 'q4_7'), 5.849999999999576), (('q5_0', 'q5_1'), 5.641999999999599), (('q4_6', 'q4_7'), 5.766542259190253), (('q1_4', 'q2_4'), 5.99799999999956), (('q2_4', 'q2_5'), 5.9929688209253635), (('q4_6', 'q5_6'), 5.733742688744301), (('q4_3', 'q5_3'), 5.847513499871109), (('q6_2', 'q6_3'), 5.772890584562511), (('q9_4', 'q9_5'), 5.928059000876754), (('q4_7', 'q5_7'), 5.854484652676377), (('q5_2', 'q6_2'), 5.766530216725213), (('q3_7', 'q3_8'), 5.897999999999571), (('q1_4', 'q1_5'), 5.847136183987646), (('q4_4', 'q5_4'), 5.945999999999565), (('q7_2', 'q8_2'), 5.8119220881095535), (('q7_4', 'q8_4'), 5.773726132469679), (('q2_6', 'q2_7'), 6.067999999999552), (('q8_7', 'q8_8'), 5.870192814113699), (('q2_3', 'q2_4'), 5.979999999999562), (('q6_8', 'q7_8'), 5.969999999999563), (('q7_8', 'q7_9'), 5.8292154960906615), (('q6_7', 'q7_7'), 5.982335087560041), (('q3_6', 'q3_7'), 6.0216051369275005), (('q10_4', 'q10_5'), 5.811104370201733), (('q2_5', 'q3_5'), 5.8539999999995755), (('q4_2', 'q5_2'), 6.028397288842862), (('q9_5', 'q9_6'), 5.907188342264455), (('q3_5', 'q3_6'), 5.885209571621799), (('q5_6', 'q5_7'), 5.770553526721066), (('q7_3', 'q7_4'), 5.669568611410315), (('q4_2', 'q4_3'), 6.030320514169205), (('q5_7', 'q5_8'), 5.890588976889144), (('q8_5', 'q8_6'), 6.131134514486662), (('q2_7', 'q3_7'), 6.068679629142918), (('q9_4', 'q10_4'), 5.937999999999566), (('q8_6', 'q8_7'), 6.0788746144610935), (('q5_8', 'q5_9'), 5.830878410606286), (('q5_1', 'q6_1'), 5.917511812640908), (('q7_5', 'q8_5'), 5.967725486170966), (('q7_4', 'q7_5'), 5.706933665372567), (('q3_2', 'q3_3'), 5.861999999999575), (('q4_3', 'q4_4'), 5.945603972109944), (('q3_3', 'q3_4'), 5.867015147169171), (('q5_10', 'q6_10'), 5.996493707459725), (('q3_4', 'q3_5'), 5.832538529985621), (('q6_3', 'q7_3'), 5.894134115618583), (('q7_1', 'q7_2'), 5.868390949285221), (('q7_7', 'q8_7'), 5.983251692186403), (('q2_6', 'q3_6'), 5.981201405292926), (('q6_1', 'q7_1'), 5.914263952432392), (('q7_7', 'q7_8'), 5.975019570795173), (('q6_9', 'q7_9'), 5.81075385675884), (('q8_3', 'q8_4'), 5.803016556064629), (('q10_5', 'q11_5'), 5.837493902779608))",0
